month_index,year,month,raw_passengers,scaled_demand,split,source
1,1949,1,112,5.600000,train,R datasets::AirPassengers via Rdatasets
2,1949,2,118,5.900000,train,R datasets::AirPassengers via Rdatasets
3,1949,3,132,6.600000,train,R datasets::AirPassengers via Rdatasets
4,1949,4,129,6.450000,train,R datasets::AirPassengers via Rdatasets
5,1949,5,121,6.050000,train,R datasets::AirPassengers via Rdatasets
6,1949,6,135,6.750000,train,R datasets::AirPassengers via Rdatasets
7,1949,7,148,7.400000,train,R datasets::AirPassengers via Rdatasets
8,1949,8,148,7.400000,train,R datasets::AirPassengers via Rdatasets
9,1949,9,136,6.800000,train,R datasets::AirPassengers via Rdatasets
10,1949,10,119,5.950000,train,R datasets::AirPassengers via Rdatasets
11,1949,11,104,5.200000,train,R datasets::AirPassengers via Rdatasets
12,1949,12,118,5.900000,train,R datasets::AirPassengers via Rdatasets
13,1950,1,115,5.750000,train,R datasets::AirPassengers via Rdatasets
14,1950,2,126,6.300000,train,R datasets::AirPassengers via Rdatasets
15,1950,3,141,7.050000,train,R datasets::AirPassengers via Rdatasets
16,1950,4,135,6.750000,train,R datasets::AirPassengers via Rdatasets
17,1950,5,125,6.250000,train,R datasets::AirPassengers via Rdatasets
18,1950,6,149,7.450000,train,R datasets::AirPassengers via Rdatasets
19,1950,7,170,8.500000,train,R datasets::AirPassengers via Rdatasets
20,1950,8,170,8.500000,train,R datasets::AirPassengers via Rdatasets
21,1950,9,158,7.900000,train,R datasets::AirPassengers via Rdatasets
22,1950,10,133,6.650000,train,R datasets::AirPassengers via Rdatasets
23,1950,11,114,5.700000,train,R datasets::AirPassengers via Rdatasets
24,1950,12,140,7.000000,train,R datasets::AirPassengers via Rdatasets
25,1951,1,145,7.250000,train,R datasets::AirPassengers via Rdatasets
26,1951,2,150,7.500000,train,R datasets::AirPassengers via Rdatasets
27,1951,3,178,8.900000,train,R datasets::AirPassengers via Rdatasets
28,1951,4,163,8.150000,train,R datasets::AirPassengers via Rdatasets
29,1951,5,172,8.600000,train,R datasets::AirPassengers via Rdatasets
30,1951,6,178,8.900000,train,R datasets::AirPassengers via Rdatasets
31,1951,7,199,9.950000,train,R datasets::AirPassengers via Rdatasets
32,1951,8,199,9.950000,train,R datasets::AirPassengers via Rdatasets
33,1951,9,184,9.200000,train,R datasets::AirPassengers via Rdatasets
34,1951,10,162,8.100000,train,R datasets::AirPassengers via Rdatasets
35,1951,11,146,7.300000,train,R datasets::AirPassengers via Rdatasets
36,1951,12,166,8.300000,train,R datasets::AirPassengers via Rdatasets
37,1952,1,171,8.550000,train,R datasets::AirPassengers via Rdatasets
38,1952,2,180,9.000000,train,R datasets::AirPassengers via Rdatasets
39,1952,3,193,9.650000,train,R datasets::AirPassengers via Rdatasets
40,1952,4,181,9.050000,train,R datasets::AirPassengers via Rdatasets
41,1952,5,183,9.150000,train,R datasets::AirPassengers via Rdatasets
42,1952,6,218,10.900000,train,R datasets::AirPassengers via Rdatasets
43,1952,7,230,11.500000,train,R datasets::AirPassengers via Rdatasets
44,1952,8,242,12.100000,train,R datasets::AirPassengers via Rdatasets
45,1952,9,209,10.450000,train,R datasets::AirPassengers via Rdatasets
46,1952,10,191,9.550000,train,R datasets::AirPassengers via Rdatasets
47,1952,11,172,8.600000,train,R datasets::AirPassengers via Rdatasets
48,1952,12,194,9.700000,train,R datasets::AirPassengers via Rdatasets
49,1953,1,196,9.800000,train,R datasets::AirPassengers via Rdatasets
50,1953,2,196,9.800000,train,R datasets::AirPassengers via Rdatasets
51,1953,3,236,11.800000,train,R datasets::AirPassengers via Rdatasets
52,1953,4,235,11.750000,train,R datasets::AirPassengers via Rdatasets
53,1953,5,229,11.450000,train,R datasets::AirPassengers via Rdatasets
54,1953,6,243,12.150000,train,R datasets::AirPassengers via Rdatasets
55,1953,7,264,13.200000,train,R datasets::AirPassengers via Rdatasets
56,1953,8,272,13.600000,train,R datasets::AirPassengers via Rdatasets
57,1953,9,237,11.850000,train,R datasets::AirPassengers via Rdatasets
58,1953,10,211,10.550000,train,R datasets::AirPassengers via Rdatasets
59,1953,11,180,9.000000,train,R datasets::AirPassengers via Rdatasets
60,1953,12,201,10.050000,train,R datasets::AirPassengers via Rdatasets
61,1954,1,204,10.200000,train,R datasets::AirPassengers via Rdatasets
62,1954,2,188,9.400000,train,R datasets::AirPassengers via Rdatasets
63,1954,3,235,11.750000,train,R datasets::AirPassengers via Rdatasets
64,1954,4,227,11.350000,train,R datasets::AirPassengers via Rdatasets
65,1954,5,234,11.700000,train,R datasets::AirPassengers via Rdatasets
66,1954,6,264,13.200000,train,R datasets::AirPassengers via Rdatasets
67,1954,7,302,15.100000,train,R datasets::AirPassengers via Rdatasets
68,1954,8,293,14.650000,train,R datasets::AirPassengers via Rdatasets
69,1954,9,259,12.950000,train,R datasets::AirPassengers via Rdatasets
70,1954,10,229,11.450000,train,R datasets::AirPassengers via Rdatasets
71,1954,11,203,10.150000,train,R datasets::AirPassengers via Rdatasets
72,1954,12,229,11.450000,train,R datasets::AirPassengers via Rdatasets
73,1955,1,242,12.100000,train,R datasets::AirPassengers via Rdatasets
74,1955,2,233,11.650000,train,R datasets::AirPassengers via Rdatasets
75,1955,3,267,13.350000,train,R datasets::AirPassengers via Rdatasets
76,1955,4,269,13.450000,train,R datasets::AirPassengers via Rdatasets
77,1955,5,270,13.500000,train,R datasets::AirPassengers via Rdatasets
78,1955,6,315,15.750000,train,R datasets::AirPassengers via Rdatasets
79,1955,7,364,18.200000,train,R datasets::AirPassengers via Rdatasets
80,1955,8,347,17.350000,train,R datasets::AirPassengers via Rdatasets
81,1955,9,312,15.600000,train,R datasets::AirPassengers via Rdatasets
82,1955,10,274,13.700000,train,R datasets::AirPassengers via Rdatasets
83,1955,11,237,11.850000,train,R datasets::AirPassengers via Rdatasets
84,1955,12,278,13.900000,train,R datasets::AirPassengers via Rdatasets
85,1956,1,284,14.200000,train,R datasets::AirPassengers via Rdatasets
86,1956,2,277,13.850000,train,R datasets::AirPassengers via Rdatasets
87,1956,3,317,15.850000,train,R datasets::AirPassengers via Rdatasets
88,1956,4,313,15.650000,train,R datasets::AirPassengers via Rdatasets
89,1956,5,318,15.900000,train,R datasets::AirPassengers via Rdatasets
90,1956,6,374,18.700000,train,R datasets::AirPassengers via Rdatasets
91,1956,7,413,20.650000,train,R datasets::AirPassengers via Rdatasets
92,1956,8,405,20.250000,train,R datasets::AirPassengers via Rdatasets
93,1956,9,355,17.750000,train,R datasets::AirPassengers via Rdatasets
94,1956,10,306,15.300000,train,R datasets::AirPassengers via Rdatasets
95,1956,11,271,13.550000,train,R datasets::AirPassengers via Rdatasets
96,1956,12,306,15.300000,train,R datasets::AirPassengers via Rdatasets
97,1957,1,315,15.750000,train,R datasets::AirPassengers via Rdatasets
98,1957,2,301,15.050000,train,R datasets::AirPassengers via Rdatasets
99,1957,3,356,17.800000,train,R datasets::AirPassengers via Rdatasets
100,1957,4,348,17.400000,train,R datasets::AirPassengers via Rdatasets
101,1957,5,355,17.750000,train,R datasets::AirPassengers via Rdatasets
102,1957,6,422,21.100000,train,R datasets::AirPassengers via Rdatasets
103,1957,7,465,23.250000,train,R datasets::AirPassengers via Rdatasets
104,1957,8,467,23.350000,train,R datasets::AirPassengers via Rdatasets
105,1957,9,404,20.200000,train,R datasets::AirPassengers via Rdatasets
106,1957,10,347,17.350000,train,R datasets::AirPassengers via Rdatasets
107,1957,11,305,15.250000,train,R datasets::AirPassengers via Rdatasets
108,1957,12,336,16.800000,train,R datasets::AirPassengers via Rdatasets
109,1958,1,340,17.000000,test,R datasets::AirPassengers via Rdatasets
110,1958,2,318,15.900000,test,R datasets::AirPassengers via Rdatasets
111,1958,3,362,18.100000,test,R datasets::AirPassengers via Rdatasets
112,1958,4,348,17.400000,test,R datasets::AirPassengers via Rdatasets
113,1958,5,363,18.150000,test,R datasets::AirPassengers via Rdatasets
114,1958,6,435,21.750000,test,R datasets::AirPassengers via Rdatasets
115,1958,7,491,24.550000,test,R datasets::AirPassengers via Rdatasets
116,1958,8,505,25.250000,test,R datasets::AirPassengers via Rdatasets
117,1958,9,404,20.200000,test,R datasets::AirPassengers via Rdatasets
118,1958,10,359,17.950000,test,R datasets::AirPassengers via Rdatasets
119,1958,11,310,15.500000,test,R datasets::AirPassengers via Rdatasets
120,1958,12,337,16.850000,test,R datasets::AirPassengers via Rdatasets
121,1959,1,360,18.000000,test,R datasets::AirPassengers via Rdatasets
122,1959,2,342,17.100000,test,R datasets::AirPassengers via Rdatasets
123,1959,3,406,20.300000,test,R datasets::AirPassengers via Rdatasets
124,1959,4,396,19.800000,test,R datasets::AirPassengers via Rdatasets
125,1959,5,420,21.000000,test,R datasets::AirPassengers via Rdatasets
126,1959,6,472,23.600000,test,R datasets::AirPassengers via Rdatasets
127,1959,7,548,27.400000,test,R datasets::AirPassengers via Rdatasets
128,1959,8,559,27.950000,test,R datasets::AirPassengers via Rdatasets
129,1959,9,463,23.150000,test,R datasets::AirPassengers via Rdatasets
130,1959,10,407,20.350000,test,R datasets::AirPassengers via Rdatasets
131,1959,11,362,18.100000,test,R datasets::AirPassengers via Rdatasets
132,1959,12,405,20.250000,test,R datasets::AirPassengers via Rdatasets
133,1960,1,417,20.850000,test,R datasets::AirPassengers via Rdatasets
134,1960,2,391,19.550000,test,R datasets::AirPassengers via Rdatasets
135,1960,3,419,20.950000,test,R datasets::AirPassengers via Rdatasets
136,1960,4,461,23.050000,test,R datasets::AirPassengers via Rdatasets
137,1960,5,472,23.600000,test,R datasets::AirPassengers via Rdatasets
138,1960,6,535,26.750000,test,R datasets::AirPassengers via Rdatasets
139,1960,7,622,31.100000,test,R datasets::AirPassengers via Rdatasets
140,1960,8,606,30.300000,test,R datasets::AirPassengers via Rdatasets
141,1960,9,508,25.400000,test,R datasets::AirPassengers via Rdatasets
142,1960,10,461,23.050000,test,R datasets::AirPassengers via Rdatasets
143,1960,11,390,19.500000,test,R datasets::AirPassengers via Rdatasets
144,1960,12,432,21.600000,test,R datasets::AirPassengers via Rdatasets
