method,seed,param_dim,cem_iterations,cem_population,policy_evaluations,search_mean_welfare,mean_welfare,avg_cost,fill_rate,ending_backlog,avg_inventory,avg_order,theta_std,service_breach_count
full_ndu_inventory,1061,12,11,26,286,-3.719463709152022,-3.7449313885519495,4.3460855849830295,0.999780505022635,0.19985851559808376,8.76735228793099,23.034704509942017,0.20766810569817928,1.236328125
full_ndu_inventory,2061,12,11,26,286,-3.6316764101772887,-3.7314120530681,4.319544438553214,0.9995956497481393,0.3786434257722789,8.088487653266714,22.948765837930658,0.11762793517591155,1.62109375
full_ndu_inventory,3061,12,11,26,286,-3.5807175132224778,-3.735040688828688,4.326164166330985,0.9996399464065371,0.32954502614295333,8.265137772828686,22.989160901591397,0.0857538153039138,1.533203125
full_ndu_inventory,4061,12,11,26,286,-3.7082622503594056,-3.697378040721322,4.292630113122085,0.9997019192063453,0.27951901132938994,8.3514305831978,22.946842671074023,0.13691580133555475,1.412109375
full_ndu_inventory,5061,12,11,26,286,-3.5271928685857845,-3.760447788998246,4.35185856622445,0.9998150190282755,0.17395321616178072,8.305131435271413,23.1666457571157,0.10475032792299527,1.5703125
full_ndu_inventory,6061,12,11,26,286,-3.765495823311501,-3.6955882897284043,4.290332325294669,0.9996823599145332,0.2903364692244573,8.36081455906897,22.972643708348116,0.09516005113899667,1.423828125
full_ndu_inventory,7061,12,11,26,286,-3.526699451747176,-3.708429191229974,4.2928869981344615,0.9995904289880612,0.3889421799350523,7.836924204043371,22.950256165573148,0.10837995785731691,1.7421875
full_ndu_inventory,8061,12,11,26,286,-3.6759058892495324,-3.7012632174839957,4.299973339490844,0.9997313433758561,0.24679655624849844,8.575372137423205,22.921063020338615,0.132190901551695,1.3046875
full_ndu_inventory,9061,12,11,26,286,-3.732728912210059,-3.690525618295923,4.290513012957182,0.9997152212076574,0.2665105115780626,8.604492071649823,22.88696844466065,0.10548831830411931,1.2578125
full_ndu_inventory,10061,12,11,26,286,-3.701214230493806,-3.7308229933148263,4.317351460009036,0.9996515075555261,0.3209406407168965,7.9981816428935435,22.970867706522146,0.05560573865601555,1.689453125
full_ndu_inventory,11061,12,11,26,286,-3.7956248386004745,-3.702935710478656,4.299370372180777,0.999710582712765,0.2595234191294207,8.410331031651724,22.97151205049111,0.03645029965265707,1.375
full_ndu_inventory,12061,12,11,26,286,-3.765027459328472,-3.721611523341224,4.3160959738564735,0.9996352633456561,0.3348557842371295,8.418391228558741,22.98067779449664,0.03608940806309178,1.419921875
full_ndu_inventory,13061,12,11,26,286,-3.6389472049380758,-3.6949110877729265,4.289923087284526,0.9996572616577,0.3117876582240644,8.336185879549774,22.896861340133576,0.02899099387620927,1.408203125
full_ndu_inventory,14061,12,11,26,286,-3.611182408586077,-3.700124196694746,4.2984102227766705,0.9997369251352406,0.24449688784792056,8.43851033928238,23.003466694873076,0.1577765337991044,1.3203125
full_ndu_inventory,15061,12,11,26,286,-3.7133515109401327,-3.7187846925031867,4.321639156880623,0.9997879603909295,0.1960669785821888,8.829484567228707,22.95762791903266,0.14222663102639405,1.181640625
full_ndu_inventory,16061,12,11,26,286,-3.8272137630657963,-3.7315547415826984,4.325753895277282,0.999628898118073,0.33143126311738885,8.500176641439431,22.86015314202389,0.13870591067793267,1.427734375
full_ndu_inventory,17061,12,11,26,286,-3.7883518612896143,-3.726435561287346,4.32594096008025,0.9997208896928631,0.2647006813734959,8.656020258831663,22.908347002150688,0.08195693835750337,1.275390625
full_ndu_inventory,18061,12,11,26,286,-3.7501575013208446,-3.7083089933780027,4.304490341739568,0.9997521607326956,0.2238706543073125,8.412306308199579,22.879152633821153,0.0777749489900007,1.39453125
full_ndu_inventory,19061,12,11,26,286,-3.7020284849106857,-3.7000874222969617,4.29830162594349,0.999757244205816,0.22826081097476558,8.484115427546051,22.90098276148222,0.08405178945770259,1.328125
full_ndu_inventory,20061,12,11,26,286,-3.743596476203855,-3.726633174110206,4.324853718834054,0.9998019821529809,0.17904829480689688,8.579355056183891,23.053830791434663,0.03191052305926016,1.33984375
full_ndu_inventory,21061,12,11,26,286,-3.7226447191197445,-3.7303645704757105,4.329918323315838,0.9997928519175159,0.1933960947444788,8.750378188591885,22.955113368760284,0.13311159321489768,1.29296875
full_ndu_inventory,22061,12,11,26,286,-3.6396707736374374,-3.689381861540328,4.28687961328361,0.9997555783429104,0.2295609997861054,8.3970721689546,23.093734949941563,0.1018516110825557,1.3515625
full_ndu_inventory,23061,12,11,26,286,-3.691521294771201,-3.690875155357369,4.290247921027153,0.9996676894587231,0.3017514036669394,8.591675663908457,22.88507127352515,0.11292874424088004,1.265625
full_ndu_inventory,24061,12,11,26,286,-3.652612839228191,-3.6775592311496847,4.273338316428088,0.9996359598785505,0.3341823152519704,8.330196526581725,22.78219026135457,0.034137962683726424,1.376953125
full_ndu_inventory,25061,12,11,26,286,-3.861929694178935,-3.6680016793743393,4.269215884591801,0.9997733576834327,0.21256874144851523,8.573886369454076,23.08943306452175,0.164392466826458,1.232421875
full_ndu_inventory,26061,12,11,26,286,-3.6991843855183473,-3.6880736091087405,4.282263267428859,0.9996496838525148,0.3278055348620639,8.319223662281296,22.92966746758169,0.11989451569179123,1.43359375
full_ndu_inventory,27061,12,11,26,286,-3.55736205178953,-3.6817464792527765,4.269447217902066,0.9997174751436613,0.2604871926646023,7.918446767240033,22.836215796343097,0.05572494928153285,1.66796875
full_ndu_inventory,28061,12,11,26,286,-3.7908271081058924,-3.704404591350676,4.3071041542328405,0.9997319766102707,0.24552113010860038,8.792659289965748,22.96363004222127,0.15228175453402382,1.171875
full_ndu_inventory,29061,12,11,26,286,-3.6942429962733967,-3.6876643859950198,4.27964033916644,0.9997758027401776,0.2068650726925227,8.00760717453199,22.96886042627184,0.12553180506401024,1.541015625
full_ndu_inventory,30061,12,11,26,286,-3.7905062855804044,-3.696960877426185,4.300790704244355,0.9997633963210215,0.22058895389836317,8.806867894254488,22.914178247163164,0.1265689423359972,1.142578125
action_only_adaptive_base_stock,1161,7,9,22,198,-3.6032092142214567,-3.752208562551793,4.34020764502864,0.9995863110908558,0.3729668424696577,8.241597582229334,22.917771757769486,0.0,1.623046875
action_only_adaptive_base_stock,2161,7,9,22,198,-3.8206468438683334,-3.7132916831397886,4.31286730054588,0.9997443154570115,0.23368073134811904,8.658417353642793,22.968038292359054,0.0,1.279296875
action_only_adaptive_base_stock,3161,7,9,22,198,-3.7029661089512014,-3.680859512271401,4.275710208938776,0.9996370988021719,0.3234181246173059,8.347311091319362,22.966752732643158,0.0,1.408203125
action_only_adaptive_base_stock,4161,7,9,22,198,-3.7684697012564023,-3.729223499311367,4.327112145560829,0.9997019010936826,0.2683264992430829,8.663406123873951,22.886855513662532,0.0,1.32421875
action_only_adaptive_base_stock,5161,7,9,22,198,-3.72153579377238,-3.743226566769093,4.342080220324691,0.9995808277881998,0.37442238590242843,8.862017183690632,22.856696174132402,0.0,1.259765625
action_only_adaptive_base_stock,6161,7,9,22,198,-3.6928147264192965,-3.739141598633025,4.336117774861508,0.9997270024973104,0.2519840062849083,8.585449971099335,22.971276319704323,0.0,1.361328125
action_only_adaptive_base_stock,7161,7,9,22,198,-3.736646946456736,-3.7572895379950024,4.347496412616577,0.999649882765197,0.3242371395731791,8.311324721545226,22.980983735867994,0.0,1.56640625
action_only_adaptive_base_stock,8161,7,9,22,198,-3.703749042346729,-3.7222529366929944,4.312126705519496,0.9996375414158127,0.327441977329045,8.221939165118105,23.04217541722572,0.0,1.57421875
action_only_adaptive_base_stock,9161,7,9,22,198,-3.524349717110321,-3.733596223508006,4.318657788840172,0.9995926566040207,0.3809532114255156,8.025766549129951,23.00499334116919,0.0,1.72265625
action_only_adaptive_base_stock,10161,7,9,22,198,-3.698242677184668,-3.728840703118624,4.325001051022911,0.9995884028630359,0.3773815612334602,8.57111155640571,22.965945476879423,0.0,1.3515625
action_only_adaptive_base_stock,11161,7,9,22,198,-3.7727415204400714,-3.6842587988584747,4.286022320420441,0.9997101862889958,0.2686007745576555,8.665560101197505,22.956327766828174,0.0,1.197265625
action_only_adaptive_base_stock,12161,7,9,22,198,-3.709331366606057,-3.7934949647062686,4.3854628218071765,0.9995697126063634,0.38847165503312936,8.636450304150587,22.965139984927152,0.0,1.486328125
action_only_adaptive_base_stock,13161,7,9,22,198,-3.6476126502764377,-3.7375296184288684,4.3250484859080505,0.9995922021848977,0.3630463289617484,8.202203662233734,22.564114993874387,0.0,1.640625
action_only_adaptive_base_stock,14161,7,9,22,198,-3.6814540119627384,-3.688439960668917,4.287890972560111,0.9998239546113993,0.1607070698680388,8.483537862241729,22.928740357684056,0.0,1.3046875
action_only_adaptive_base_stock,15161,7,9,22,198,-3.657882584813778,-3.7250890765372757,4.320590271524966,0.9997403837484612,0.23597791704692514,8.494546556477708,22.906107416783954,0.0,1.4140625
action_only_adaptive_base_stock,16161,7,9,22,198,-3.7200147586871473,-3.772504599345324,4.354612876108019,0.9996043549078371,0.3729481350816286,7.882841903506079,23.049935881327848,0.0,1.82421875
action_only_adaptive_base_stock,17161,7,9,22,198,-3.7700991985922414,-3.7432847548906105,4.331573056549181,0.9995638697385711,0.4156102039768373,8.205609148354537,23.103211160345364,0.0,1.607421875
action_only_adaptive_base_stock,18161,7,9,22,198,-3.7271258437639077,-3.7068948003989277,4.3012324040182435,0.9996974738899145,0.2764369277349574,8.399432151874827,22.902057347195974,0.0,1.44140625
action_only_adaptive_base_stock,19161,7,9,22,198,-3.8566690251611817,-3.7148752508684915,4.315121639260914,0.9997475954240528,0.23138670394245614,8.720514431335694,22.978254111947404,0.0,1.2578125
action_only_adaptive_base_stock,20161,7,9,22,198,-3.658046338584315,-3.7387153815143632,4.3306158304833735,0.9996931225273763,0.28710892690929135,8.357122823711274,22.928417705160044,0.0,1.521484375
action_only_adaptive_base_stock,21161,7,9,22,198,-3.720948610555368,-3.7392507953094816,4.33875150359545,0.9996177643169959,0.34635413876519605,8.769741035456601,22.959885587018015,0.0,1.248046875
action_only_adaptive_base_stock,22161,7,9,22,198,-3.8426279637284346,-3.721664075023309,4.314385714668113,0.9996053416743506,0.3513169554156324,8.36418262159491,22.82856234742299,0.0,1.470703125
action_only_adaptive_base_stock,23161,7,9,22,198,-3.6335677837397604,-3.6901744802721015,4.283979415756544,0.9996601872480554,0.3068263449264508,8.296981606961175,22.8952147864122,0.0,1.44921875
action_only_adaptive_base_stock,24161,7,9,22,198,-3.7550009044139423,-3.7352075673862006,4.327009508861664,0.999746727059433,0.22840156373714463,8.411924271642295,22.8922881991429,0.0,1.5390625
action_only_adaptive_base_stock,25161,7,9,22,198,-3.665816807968875,-3.7243470138005996,4.314471887822531,0.9994858240964914,0.47383838750076857,8.325495343911225,22.73046692183882,0.0,1.525390625
action_only_adaptive_base_stock,26161,7,9,22,198,-3.6859928024898267,-3.756944341724082,4.3462069342388014,0.9995904412518399,0.3770763914941003,8.312910529721858,22.877658778495892,0.0,1.58203125
action_only_adaptive_base_stock,27161,7,9,22,198,-3.7244649979947773,-3.710471431648858,4.299469335647309,0.9995793278435565,0.3905963171030439,8.104611742464813,22.99786376630724,0.0,1.587890625
action_only_adaptive_base_stock,28161,7,9,22,198,-3.7035813864072367,-3.7174678895925886,4.312122026826373,0.999597880435473,0.35956720399670006,8.474246395264373,22.868054656019588,0.0,1.404296875
action_only_adaptive_base_stock,29161,7,9,22,198,-3.8132124589212655,-3.7358682901283573,4.3318354676202775,0.9995862292177401,0.3777545521724866,8.598796379481872,22.942972733111567,0.0,1.357421875
action_only_adaptive_base_stock,30161,7,9,22,198,-3.7936790105091247,-3.704859433480811,4.297028658098144,0.9996315046396667,0.33051456634775944,8.300608704440261,22.913001803524793,0.0,1.49609375
fixed_service_base_stock,1261,3,8,18,144,-3.787592664185335,-3.73227256006577,4.3339345742218764,0.9997853884882634,0.1870803312439771,8.898629643784467,22.984661753126773,0.0,1.220703125
fixed_service_base_stock,2261,3,8,18,144,-3.671848886667276,-3.721251636352444,4.31365268386212,0.9996824551574595,0.28839392692507104,8.28258224764201,22.87765690204452,0.0,1.501953125
fixed_service_base_stock,3261,3,8,18,144,-3.640714707911652,-3.6983087188526875,4.30160974335317,0.9997851866563103,0.19527855149021972,8.809676047551177,22.837165392730075,0.0,1.166015625
fixed_service_base_stock,4261,3,8,18,144,-3.6516042141659875,-3.709255801671509,4.307161387308415,0.9997919091421132,0.1885944948228697,8.536863971352862,22.953016229018633,0.0,1.34765625
fixed_service_base_stock,5261,3,8,18,144,-3.670547119662849,-3.765205228774401,4.351000019089106,0.9995817706643382,0.37620708220722526,8.153382712711354,22.94926414115124,0.0,1.6953125
fixed_service_base_stock,6261,3,8,18,144,-3.6503896882911087,-3.712329422743186,4.315031786842122,0.9997616236373671,0.21756563599024176,8.800382044242548,23.038169989967308,0.0,1.1796875
fixed_service_base_stock,7261,3,8,18,144,-3.775436697375443,-3.748400531972995,4.346336781778325,0.9997298241944161,0.24768782636112197,8.641501799769433,22.80027959452903,0.0,1.330078125
fixed_service_base_stock,8261,3,8,18,144,-3.6995484424800726,-3.6914269002486835,4.285475420094961,0.9996100688870349,0.35529764542739306,8.29711622576437,22.93085058632277,0.0,1.427734375
fixed_service_base_stock,9261,3,8,18,144,-3.7782488652654074,-3.7642544323668687,4.351843316648395,0.9994178488164409,0.5383353970733811,8.257406338252201,22.804226506511764,0.0,1.591796875
fixed_service_base_stock,10261,3,8,18,144,-3.6251615249600277,-3.73948964306069,4.327372100108352,0.999615678224708,0.3436850416296105,8.228173046943567,23.00260575755435,0.0,1.634765625
fixed_service_base_stock,11261,3,8,18,144,-3.710657207628159,-3.7150910526067675,4.306220809262349,0.9998018641131977,0.18857650709108761,8.134574488738277,22.903139466032954,0.0,1.576171875
fixed_service_base_stock,12261,3,8,18,144,-3.6917194624324963,-3.8261350206841396,4.425421016529338,0.9998106518243999,0.17209952388094774,9.081002482362578,23.022527058566816,0.0,1.306640625
fixed_service_base_stock,13261,3,8,18,144,-3.5480941594412037,-3.697173336613542,4.290174053884661,0.9996988201276398,0.2816757768250019,8.376701122720315,22.832387961014028,0.0,1.486328125
fixed_service_base_stock,14261,3,8,18,144,-3.735924983350138,-3.7604801648721815,4.355493590399119,0.9996720883471173,0.3042936571590934,8.571305815049005,23.052862649534795,0.0,1.412109375
fixed_service_base_stock,15261,3,8,18,144,-3.711739594403827,-3.7088766109531486,4.300498983262623,0.9996510387261843,0.30550988534060886,8.231453049977667,22.891662308266348,0.0,1.51953125
fixed_service_base_stock,16261,3,8,18,144,-3.6931794588832374,-3.7686169744796247,4.356897727193953,0.999584898776791,0.36846751995249866,8.35532223583983,22.688419786723394,0.0,1.61328125
fixed_service_base_stock,17261,3,8,18,144,-3.8098399734493356,-3.8101798070312967,4.398735553189974,0.9996778667073346,0.2968847823411749,8.412461477132258,23.094122526451294,0.0,1.62890625
fixed_service_base_stock,18261,3,8,18,144,-3.7221001913908958,-3.7370992425666714,4.3303845573192845,0.9996172073128267,0.343541864517258,8.390127099129145,23.133344613616753,0.0,1.455078125
fixed_service_base_stock,19261,3,8,18,144,-3.803235153743014,-3.7541010247103914,4.33898774560809,0.9995781252684623,0.39385811331405507,7.97155897821273,22.980689141212938,0.0,1.724609375
fixed_service_base_stock,20261,3,8,18,144,-3.6648633204761603,-3.683394317082157,4.273497849337007,0.9996882345006064,0.2883862656513831,8.159791827599443,22.897269996072154,0.0,1.580078125
fixed_service_base_stock,21261,3,8,18,144,-3.7049525548511504,-3.6566006729017926,4.255751128993374,0.9997937093551978,0.191813513401398,8.451700772427543,22.86613884490097,0.0,1.306640625
fixed_service_base_stock,22261,3,8,18,144,-3.6567817071007576,-3.720071987677916,4.318227609394662,0.9995521675583434,0.41508386270885644,8.689411505551114,22.838534982214988,0.0,1.275390625
fixed_service_base_stock,23261,3,8,18,144,-3.753197552263835,-3.7575261714297135,4.347859353416854,0.9996583469671425,0.31135411234692967,8.362529135727526,22.9409289508792,0.0,1.564453125
fixed_service_base_stock,24261,3,8,18,144,-3.6885983950579626,-3.7206207821298594,4.314277810567686,0.9996856441797283,0.28396462466452,8.426056633817009,22.81173548920262,0.0,1.4609375
fixed_service_base_stock,25261,3,8,18,144,-3.8590935232124313,-3.822384009783317,4.401054023018743,0.9995407829044283,0.4104722419037165,7.942383816665528,23.004051571937737,0.0,1.921875
fixed_service_base_stock,26261,3,8,18,144,-3.737368639992344,-3.7048310275997762,4.302801566244959,0.999785379830648,0.19072397647307904,8.494803500548944,22.931910732935286,0.0,1.34375
fixed_service_base_stock,27261,3,8,18,144,-3.7163653258080096,-3.7160839619201944,4.307232045150689,0.999811479153812,0.1721852397886866,8.135545302597468,22.97924117460579,0.0,1.578125
fixed_service_base_stock,28261,3,8,18,144,-3.640809878053309,-3.748093269843008,4.342498164108459,0.9997498305331816,0.2339378883892949,8.475638227390766,22.948252580244315,0.0,1.453125
fixed_service_base_stock,29261,3,8,18,144,-3.7351240218037733,-3.7226953021850337,4.314230478266641,0.9996767602914509,0.30121723747439955,8.216044145639174,22.930204742680743,0.0,1.529296875
fixed_service_base_stock,30261,3,8,18,144,-3.6826009839834204,-3.774938893187888,4.360795930178028,0.9996627936862676,0.30221858865080414,8.250163525937758,22.772539301144466,0.0,1.71484375
valuation_only_service_rule,1361,6,9,22,198,-3.8175523750111613,-3.749370065071437,4.352521511738413,0.9996346534896221,0.31707072230195016,9.052033358370194,22.936520827406262,0.13507058043334402,1.130859375
valuation_only_service_rule,2361,6,9,22,198,-3.8183202979351356,-3.826212221203166,4.4123160335697555,0.9994812382645737,0.45481015717654233,8.375253299698755,22.8711117382217,0.05928316916759873,1.658203125
valuation_only_service_rule,3361,6,9,22,198,-3.63934452773546,-3.7786285804944963,4.374171729206679,0.9996723857765228,0.30247437300153757,8.682162618779628,23.067515937111153,0.13271125971031614,1.39453125
valuation_only_service_rule,4361,6,9,22,198,-3.7764494701954803,-3.7335873989234662,4.336040342004203,0.9997377702288421,0.23452075987881288,9.020190181454701,22.83267444170467,0.15171549408923946,1.181640625
valuation_only_service_rule,5361,6,9,22,198,-3.736240248563655,-3.767423479883478,4.359416246824691,0.9997119864926517,0.26013952451394123,8.417200125267076,22.922967034600845,0.06368083348964018,1.5234375
valuation_only_service_rule,6361,6,9,22,198,-3.7902267312734623,-3.7435560225300852,4.342525362084192,0.9996905033817634,0.28226035297685986,8.735296230741891,22.9702698940174,0.13294803899787283,1.28515625
valuation_only_service_rule,7361,6,9,22,198,-3.8857505506968724,-3.780033134713143,4.377408490757638,0.9996743609118119,0.28773618699249265,8.835995604152604,22.917450070080285,0.09055104910990674,1.333984375
valuation_only_service_rule,8361,6,9,22,198,-3.869337611290328,-3.8335236685201584,4.437463318731807,0.9997331789327061,0.2424033261398077,9.267270905625573,23.07137922874667,0.10544519868483135,1.130859375
valuation_only_service_rule,9361,6,9,22,198,-3.744452154897752,-3.7409061938957517,4.340487678207296,0.9997889941326932,0.19034784109639785,8.751664491890384,22.914127814627236,0.07523424301919195,1.291015625
valuation_only_service_rule,10361,6,9,22,198,-3.645313643807501,-3.7477788806874415,4.3391349271659765,0.9996250722160669,0.348530282053535,8.346675858216607,22.952242502939832,0.10090869936163419,1.521484375
valuation_only_service_rule,11361,6,9,22,198,-3.768807138178975,-3.758306923040654,4.3627890726236025,0.9997204249478687,0.25097101364992086,9.160546542040692,22.835394695158296,0.10144185412028438,1.109375
valuation_only_service_rule,12361,6,9,22,198,-3.6944234881883506,-3.7789547861451074,4.370361306059371,0.999646029833033,0.3178668678125951,8.419561009424655,23.016836661998802,0.06834246917573561,1.525390625
valuation_only_service_rule,13361,6,9,22,198,-3.723521506470524,-3.7370400832989503,4.329451238410902,0.999691042826494,0.28059446473253935,8.427298640714785,22.807738199757402,0.06301388319165854,1.50390625
valuation_only_service_rule,14361,6,9,22,198,-3.92142508139944,-3.799958644612927,4.396151699283573,0.9997389755838308,0.2398351852303806,8.77593743495432,22.99224082386177,0.06870283812387057,1.390625
valuation_only_service_rule,15361,6,9,22,198,-3.6984080407437827,-3.7823566406504456,4.377216702429292,0.9997774295973558,0.2065616165227498,8.54784776874322,23.21890714892041,0.10323219796061764,1.4453125
valuation_only_service_rule,16361,6,9,22,198,-3.8763047689836534,-3.7263216888070687,4.325746658820565,0.9997840782829369,0.20053255115322896,8.74399079643228,22.911325666075864,0.11592044037186916,1.294921875
valuation_only_service_rule,17361,6,9,22,198,-3.70008103007585,-3.7823277319034205,4.375649049792602,0.9997022741111476,0.272248337101716,8.568775334559655,23.025247433807483,0.10588089749153978,1.4765625
valuation_only_service_rule,18361,6,9,22,198,-3.6075090396741682,-3.8305455222403015,4.410187355494774,0.999559721344309,0.4026362449865104,8.008483537316021,23.00696681125352,0.049357312905617005,1.89453125
valuation_only_service_rule,19361,6,9,22,198,-3.850185993266741,-3.8347135054074664,4.4306518563418535,0.9996412196480486,0.3252854560263223,8.93580935916356,22.902104191334416,0.13851562188205993,1.373046875
valuation_only_service_rule,20361,6,9,22,198,-3.7835449105128593,-3.7433727053359185,4.337159597348884,0.9996139865016207,0.3554165070668973,8.538320653819785,22.87776400812157,0.09089761055369566,1.4375
valuation_only_service_rule,21361,6,9,22,198,-3.72092528114324,-3.8444654301660015,4.435357305372824,0.9997062109633528,0.2713738798214869,8.552311350492747,23.23202308878549,0.05068157906206887,1.55859375
valuation_only_service_rule,22361,6,9,22,198,-3.7778144098045168,-3.773264710216581,4.3631823427531895,0.9995624579733261,0.3970885492784485,8.369094943174161,22.96893539208599,0.08361311135183609,1.552734375
valuation_only_service_rule,23361,6,9,22,198,-3.7436034495189823,-3.7622878324716815,4.350830749886815,0.9997128842081417,0.2558078763493324,8.261485204402089,23.043434943965583,0.06455179955836315,1.638671875
valuation_only_service_rule,24361,6,9,22,198,-3.7271090614081586,-3.8450336547471533,4.433994057938605,0.9997650699301814,0.21524506916800032,8.520129193131561,23.061756626153922,0.08434751993395984,1.638671875
valuation_only_service_rule,25361,6,9,22,198,-3.6928684583050813,-3.78099511237906,4.367475612626001,0.9994770547183678,0.465228880447188,8.305972970137628,22.866544118580407,0.06080143890435649,1.64453125
valuation_only_service_rule,26361,6,9,22,198,-3.6789356578940207,-3.752872941496811,4.346996106939734,0.9996413722428653,0.3347916309714021,8.54172403382597,23.05550535764278,0.08813969012406125,1.43359375
valuation_only_service_rule,27361,6,9,22,198,-3.879702310545712,-3.8219191349642365,4.416073198956742,0.9995866408115632,0.38336108277861536,8.785752049836766,22.945940583498796,0.05791240735125348,1.41796875
valuation_only_service_rule,28361,6,9,22,198,-3.7571743894447303,-3.760311459284991,4.361044528617445,0.9996619461665566,0.29809149747445085,8.882926707543108,22.902315253760122,0.08249922758184151,1.21875
valuation_only_service_rule,29361,6,9,22,198,-3.7271765935705403,-3.7896252479782344,4.382321223204956,0.9996900242470903,0.28073919938834546,8.479486336303674,22.923510424612402,0.07753635975625207,1.494140625
valuation_only_service_rule,30361,6,9,22,198,-3.8982398973751313,-3.7305989269640873,4.334125771865251,0.9997548204563955,0.21878250384765058,8.933527857533615,22.89585211558407,0.09757617660735735,1.150390625
