component,script,sha256,imported_top_level_modules,forbidden_optional_full_regeneration_imports,status,boundary
checker,check_ndu_reproducibility.py,d343fb04fcc6c39fee9788e3320e5a73afd80e3c7ca21afe36a2b601cd32796f,csv;hashlib;json;math;pathlib,,PASS,"AST import closure for the lightweight gate only; does not rerun full PyTorch/CEM regeneration and does not evidence external review, submission, acceptance, or Strong Accept."
environment_audit,scripts/make_reproducibility_environment_audit.py,8f7c00856e11ad6e64b50622a924cf746b38265ea11a29fc71cad39c433c41df,importlib;json;pathlib;platform;re;shutil;subprocess;sys;typing,,PASS,"AST import closure for the lightweight gate only; does not rerun full PyTorch/CEM regeneration and does not evidence external review, submission, acceptance, or Strong Accept."
package_self_replay,scripts/make_package_self_replay_certificate.py,bdc77455eb6030fe4e582ca375c1e06e428e63ae59dd0a4fca0daabe60ab0de4,csv;hashlib;json;os;pathlib;subprocess;sys;typing,,PASS,"AST import closure for the lightweight gate only; does not rerun full PyTorch/CEM regeneration and does not evidence external review, submission, acceptance, or Strong Accept."
finite_guard_chain,scripts/make_neural_guard_refinement_stress_audit.py,be912a616238c82e075bcd7a956f3e2a7ce3381ee4f2d066d7af7d1254662e2a,csv;pathlib,,PASS,"AST import closure for the lightweight gate only; does not rerun full PyTorch/CEM regeneration and does not evidence external review, submission, acceptance, or Strong Accept."
finite_guard_chain,scripts/make_neural_guard_holdout_bootstrap_stability_audit.py,d0b08f0cb7571f071919ef9d4c031fdcdbc05359e46d1ef1afda98b86ec5f90f,csv;pathlib,,PASS,"AST import closure for the lightweight gate only; does not rerun full PyTorch/CEM regeneration and does not evidence external review, submission, acceptance, or Strong Accept."
finite_guard_chain,scripts/make_neural_guard_concordance_audit.py,3edee0169d12415f2bead7cb8df6603a5c0e0f935d0315f3c71c552ec529be20,csv;pathlib,,PASS,"AST import closure for the lightweight gate only; does not rerun full PyTorch/CEM regeneration and does not evidence external review, submission, acceptance, or Strong Accept."
finite_guard_chain,scripts/make_neural_guard_leave_one_out_robustness_audit.py,50a6886aad613e80bd71f722e6935fb3cea1866914b004422b7501bc5859e1ff,csv;pathlib,,PASS,"AST import closure for the lightweight gate only; does not rerun full PyTorch/CEM regeneration and does not evidence external review, submission, acceptance, or Strong Accept."
finite_guard_chain,scripts/make_neural_bounded_composition_envelope_certificate.py,cb1ee83bf8d3fc102dab3568c8c8fb2eaa5940170991377cc77549ae78283ec9,csv;pathlib;typing,,PASS,"AST import closure for the lightweight gate only; does not rerun full PyTorch/CEM regeneration and does not evidence external review, submission, acceptance, or Strong Accept."
finite_guard_chain,scripts/make_neural_guard_stress_frontier_audit.py,3c93ecc4197f10e7e8c962f3424c56d49487a4971dbb9bb47a6aa19348546339,csv;pathlib;typing,,PASS,"AST import closure for the lightweight gate only; does not rerun full PyTorch/CEM regeneration and does not evidence external review, submission, acceptance, or Strong Accept."
