experiment,method,metric,n,mean,std,se,ci95_halfwidth,display
exp1,augmented_state_rl,mean_utility,30,-2.760730904843469,0.0073069387052444945,0.0013340583850566673,0.002614754434711068,-2.7607 ± 0.0026
exp1,augmented_state_rl,cew,30,-0.9367528521797438,0.00045820506569267574,8.365641681433833e-05,0.00016396657695610313,-0.9368 ± 0.0002
exp1,augmented_state_rl,ruin_prob,30,1.0,0.0,0.0,0.0,1.0000 ± 0.0000
exp1,augmented_state_rl,surplus_ratio,30,0.0,0.0,0.0,0.0,0.0000 ± 0.0000
exp1,augmented_state_rl,adaptation_lag,30,0.5,0.0,0.0,0.0,0.5000 ± 0.0000
exp1,augmented_state_rl,wealth_terminal,30,1.027082376603904,0.015094284052107394,0.002755826621576568,0.0054014201782900725,1.0271 ± 0.0054
exp1,fixed_pref_rl,mean_utility,30,-2.764246131999326,0.007224530367127889,0.001319012749819008,0.0025852649896452554,-2.7642 ± 0.0026
exp1,fixed_pref_rl,cew,30,-0.9369748194794868,0.00045433951292322543,8.29506666646535e-05,0.00016258330666272088,-0.9370 ± 0.0002
exp1,fixed_pref_rl,ruin_prob,30,1.0,0.0,0.0,0.0,1.0000 ± 0.0000
exp1,fixed_pref_rl,surplus_ratio,30,0.0,0.0,0.0,0.0,0.0000 ± 0.0000
exp1,fixed_pref_rl,adaptation_lag,30,0.5,0.0,0.0,0.0,0.5000 ± 0.0000
exp1,fixed_pref_rl,wealth_terminal,30,1.0192097557725075,0.012881079971507937,0.0023517526884742996,0.004609435269409627,1.0192 ± 0.0046
exp1,full_ndu_joint,mean_utility,30,-2.728388024702559,0.004996657563842925,0.0009122606866151933,0.001788030945765779,-2.7284 ± 0.0018
exp1,full_ndu_joint,cew,30,-0.9346747051726176,0.00032653963947231905,5.961770881953116e-05,0.00011685070928628107,-0.9347 ± 0.0001
exp1,full_ndu_joint,ruin_prob,30,1.0,0.0,0.0,0.0,1.0000 ± 0.0000
exp1,full_ndu_joint,surplus_ratio,30,0.0,0.0,0.0,0.0,0.0000 ± 0.0000
exp1,full_ndu_joint,adaptation_lag,30,0.5,0.0,0.0,0.0,0.5000 ± 0.0000
exp1,full_ndu_joint,wealth_terminal,30,1.0345200697435053,0.013012912560932682,0.0023758219161550496,0.004656610955663897,1.0345 ± 0.0047
exp1,preference_only,mean_utility,30,-2.766073715283154,0.004621991702510397,0.0008438563720222171,0.0016539584891635455,-2.7661 ± 0.0017
exp1,preference_only,cew,30,-0.9370908332321942,0.00029075005972659416,5.308345543607665e-05,0.00010404357265471022,-0.9371 ± 0.0001
exp1,preference_only,ruin_prob,30,1.0,0.0,0.0,0.0,1.0000 ± 0.0000
exp1,preference_only,surplus_ratio,30,0.0,0.0,0.0,0.0,0.0000 ± 0.0000
exp1,preference_only,adaptation_lag,30,0.5,0.0,0.0,0.0,0.5000 ± 0.0000
exp1,preference_only,wealth_terminal,30,0.9568188556899373,0.010079348757202441,0.0018402288930938128,0.003606848630463873,0.9568 ± 0.0036
exp2,fixed_pref_recurrent_rl,mean_utility,30,-0.0005768333159269433,0.004187914408695019,0.0007646050635143904,0.0014986259244882051,-0.0006 ± 0.0015
exp2,fixed_pref_recurrent_rl,cew,30,-0.0005681998821772798,0.004181797323191329,0.0007634882416088708,0.0014964369535533867,-0.0006 ± 0.0015
exp2,fixed_pref_recurrent_rl,sharpe,30,0.9195888469297047,0.2726680213748111,0.049782142005761615,0.09757299833129277,0.9196 ± 0.0976
exp2,fixed_pref_recurrent_rl,max_drawdown,30,-0.009511532895366463,0.003975009059045874,0.0007257340426422699,0.001422438723578849,-0.0095 ± 0.0014
exp2,fixed_pref_recurrent_rl,adaptation_lag,30,0.49954698350694443,0.0019102912196016903,0.00034876986412663355,0.0006835889336882018,0.4995 ± 0.0007
exp2,fixed_pref_recurrent_rl,regime_detection_acc,30,0.4472222222222222,0.128494232684501,0.02345972991687293,0.045981070637070943,0.4472 ± 0.0460
exp2,full_ndu_joint,mean_utility,30,0.011247084713407275,0.00019890585980773963,3.631507541221973e-05,7.117754780795067e-05,0.0112 ± 0.0001
exp2,full_ndu_joint,cew,30,0.011310590292302176,0.00020106938256842644,3.671007881878773e-05,7.195175448482396e-05,0.0113 ± 0.0001
exp2,full_ndu_joint,sharpe,30,1.4392024302829123,0.022464044455760696,0.004101354627072998,0.008038655069063077,1.4392 ± 0.0080
exp2,full_ndu_joint,max_drawdown,30,-6.605123902794489e-05,0.00034506092023006886,6.299921657449981e-05,0.00012347846448601963,-0.0001 ± 0.0001
exp2,full_ndu_joint,adaptation_lag,30,0.5,0.0,0.0,0.0,0.5000 ± 0.0000
exp2,full_ndu_joint,regime_detection_acc,30,0.6088704427083332,0.01074693575532872,0.001962113045750787,0.0038457415696715423,0.6089 ± 0.0038
exp2,oracle_joint_action_rl,mean_utility,30,-0.02590536464940123,0.01757230426601841,0.003208249144614181,0.0062881683234437945,-0.0259 ± 0.0063
exp2,oracle_joint_action_rl,cew,30,-0.025427336569721473,0.017112708201240865,0.003124338767274426,0.006123703983857875,-0.0254 ± 0.0061
exp2,oracle_joint_action_rl,sharpe,30,0.34540681781127847,0.39226543615894044,0.07161754263795143,0.1403703835703848,0.3454 ± 0.1404
exp2,oracle_joint_action_rl,max_drawdown,30,-0.045953843538162474,0.024418744154148322,0.004458232333058147,0.008738135372793969,-0.0460 ± 0.0087
exp2,oracle_joint_action_rl,adaptation_lag,30,0.31775444878472225,0.07295334081092321,0.013319396802501623,0.02610601773290318,0.3178 ± 0.0261
exp2,oracle_joint_action_rl,regime_detection_acc,30,1.0,0.0,0.0,0.0,1.0000 ± 0.0000
exp2,preference_only,mean_utility,30,0.006451830340175098,0.002589696678810001,0.0004728117626934828,0.0009267110548792263,0.0065 ± 0.0009
exp2,preference_only,cew,30,0.006475943332747476,0.002597641750545524,0.00047426232769699707,0.0009295541622861142,0.0065 ± 0.0009
exp2,preference_only,sharpe,30,1.4198132957859093,0.16021310684841686,0.02925077754295444,0.0573315239841907,1.4198 ± 0.0573
exp2,preference_only,max_drawdown,30,-0.00247768320322469,0.002542813022416243,0.000464252017298422,0.000909933953904907,-0.0025 ± 0.0009
exp2,preference_only,adaptation_lag,30,0.5,0.0,0.0,0.0,0.5000 ± 0.0000
exp2,preference_only,regime_detection_acc,30,0.604782443576389,0.008449166049028529,0.0015425996123865752,0.0030234952402776872,0.6048 ± 0.0030
exp3,fixed_pref_joint_rl,mean_utility,30,0.07064094887266319,0.01002760082125665,0.0018307810558198655,0.0035883308694069365,0.0706 ± 0.0036
exp3,fixed_pref_joint_rl,cew,30,0.07324807953438567,0.010792129206396552,0.001970364203284573,0.0038619138384377626,0.0732 ± 0.0039
exp3,fixed_pref_joint_rl,sharpe,30,1.3227082540669517,0.15727239230895373,0.028713878980138653,0.05627920280107176,1.3227 ± 0.0563
exp3,fixed_pref_joint_rl,max_drawdown,30,-0.046435984056066186,0.011101694094039537,0.002026882760609111,0.003972690210793857,-0.0464 ± 0.0040
exp3,fixed_pref_joint_rl,turnover,30,0.29536886616571906,0.04794576107814162,0.008753658293083793,0.017157170254444232,0.2954 ± 0.0172
exp3,fixed_pref_joint_rl,theta_stability,30,0.0,0.0,0.0,0.0,0.0000 ± 0.0000
exp3,full_ndu_joint,mean_utility,30,0.11445368800496088,0.008672586912880524,0.001583390494702918,0.003103445369617719,0.1145 ± 0.0031
exp3,full_ndu_joint,cew,30,0.12130141229971922,0.009702528674154574,0.0017714312732250506,0.003472005295521099,0.1213 ± 0.0035
exp3,full_ndu_joint,sharpe,30,1.4478535855919084,0.08759564704168056,0.015992703941329706,0.03134569972500622,1.4479 ± 0.0313
exp3,full_ndu_joint,max_drawdown,30,-0.06619572293559403,0.0021754539542892517,0.0003971817345260119,0.0007784761996709833,-0.0662 ± 0.0008
exp3,full_ndu_joint,turnover,30,0.23267899242452098,0.03527700802291349,0.0064406710184801465,0.012623715196221087,0.2327 ± 0.0126
exp3,full_ndu_joint,theta_stability,30,0.018580723683638858,0.005632106521258873,0.0010282772626551448,0.002015423434804084,0.0186 ± 0.0020
exp3,oracle_factor_joint_rl,mean_utility,30,0.09233441301786384,0.007689759536837416,0.0014039515867054436,0.0027517451099426694,0.0923 ± 0.0028
exp3,oracle_factor_joint_rl,cew,30,0.09676289161814995,0.008443537069443771,0.0015415719060218058,0.003021480935802739,0.0968 ± 0.0030
exp3,oracle_factor_joint_rl,sharpe,30,1.4941324099579048,0.09651323684549658,0.017620825639372405,0.03453681825316991,1.4941 ± 0.0345
exp3,oracle_factor_joint_rl,max_drawdown,30,-0.057923343078019905,0.002808453386845972,0.0005127510905591072,0.0010049921374958501,-0.0579 ± 0.0010
exp3,oracle_factor_joint_rl,turnover,30,0.37509911529952605,0.026626381125547688,0.004861289855730754,0.009528128117232278,0.3751 ± 0.0095
exp3,oracle_factor_joint_rl,theta_stability,30,0.0,0.0,0.0,0.0,0.0000 ± 0.0000
exp3,signal_only_joint_rl,mean_utility,30,0.06415795281441311,0.01035191261308186,0.001889992017169061,0.0037043843536513593,0.0642 ± 0.0037
exp3,signal_only_joint_rl,cew,30,0.06631611686532182,0.011064067778368318,0.0020200131666594655,0.003959225806652552,0.0663 ± 0.0040
exp3,signal_only_joint_rl,sharpe,30,1.2050632176851563,0.11611484795564879,0.02119957382886382,0.04155116470457309,1.2051 ± 0.0416
exp3,signal_only_joint_rl,max_drawdown,30,-0.062473122457745514,0.003913899660639159,0.000714577043981294,0.0014005710062033362,-0.0625 ± 0.0014
exp3,signal_only_joint_rl,turnover,30,0.39982829638331224,0.03835344080143321,0.007002348228294661,0.013724602527457535,0.3998 ± 0.0137
exp3,signal_only_joint_rl,theta_stability,30,0.0,0.0,0.0,0.0,0.0000 ± 0.0000
