method,seed,mean_utility,cew,sharpe,max_drawdown,turnover,theta_stability
full_ndu_joint,1037,0.11161934119361834,0.11808716990119494,1.3847947382087045,-0.06846354634818395,0.23099938506519813,0.014332212552597411
full_ndu_joint,2037,0.12430290323830323,0.13235881420899376,1.5288579478541213,-0.06745715460468554,0.24815722243796506,0.01056683314307312
full_ndu_joint,3037,0.10793172647487329,0.11397168801611257,1.3778687085568597,-0.06810677732427317,0.24336201940731897,0.010221535556429006
full_ndu_joint,4037,0.11092888020547091,0.11731544078411371,1.4847564160661526,-0.06535726895665006,0.2885494338798517,0.026466587928869596
full_ndu_joint,5037,0.11654606889505603,0.12360927271254885,1.4662103713672643,-0.06499786899119253,0.22452699039780627,0.023399192976054334
full_ndu_joint,6037,0.12228223030556207,0.13007299762459312,1.6003166206751733,-0.06801420854227007,0.3676232596606909,0.02210942382347473
full_ndu_joint,7037,0.12131243626766033,0.12897759081445237,1.5104739591766199,-0.06666201058305216,0.2324075325144702,0.018569643602184965
full_ndu_joint,8037,0.11142397700060977,0.11786875703925492,1.424678579144048,-0.06560043326290875,0.21953774810697702,0.014322512032126018
full_ndu_joint,9037,0.10851963548203483,0.1146267945578694,1.3822499967491246,-0.06705950253378622,0.20500905006224673,0.018831312994745504
full_ndu_joint,10037,0.10914030588874721,0.11531882516302261,1.4004135583374913,-0.0652384674114801,0.2367110710628363,0.017935678078537902
full_ndu_joint,11037,0.10296509088645073,0.108452713298961,1.4124600704121673,-0.06150272758840675,0.20597199729103136,0.014539063649496137
full_ndu_joint,12037,0.11121582891852413,0.1176360990159544,1.3781232027780266,-0.06986342647027746,0.2333418999628642,0.015832524651393586
full_ndu_joint,13037,0.11575701377076345,0.12272303275028573,1.4623838392445887,-0.06434460077731177,0.25023233621723195,0.01879408346646008
full_ndu_joint,14037,0.11286043736116173,0.11947568506493322,1.4155414938657382,-0.06691169564017639,0.20891007281870191,0.026387102482050853
full_ndu_joint,15037,0.12042721111088446,0.12797863366586038,1.4744272464038173,-0.06516079974444305,0.19594156127929488,0.029819629312357897
full_ndu_joint,16037,0.09356309159309242,0.09807988076488527,1.300796082267548,-0.06791610254591467,0.2821562443806376,0.012127862500912603
full_ndu_joint,17037,0.12042136890386887,0.12797204380042304,1.4900773753367522,-0.0665215255613643,0.2337463769054776,0.027333731471237355
full_ndu_joint,18037,0.11609681943178321,0.12310460521914246,1.4275312814979095,-0.06967624475082357,0.23823677752127048,0.01837946916178312
full_ndu_joint,19037,0.12549411250720383,0.13370849424028508,1.5352893501602218,-0.06647317105243931,0.21750281641090402,0.01588330827301303
full_ndu_joint,20037,0.11311478553187437,0.11976045787177281,1.4177252545700285,-0.06771236656375865,0.2475790539605229,0.023450539745827243
full_ndu_joint,21037,0.12780704268267704,0.1363337176356736,1.5958573669126,-0.06420115300632742,0.2259339002428598,0.017876360548158332
full_ndu_joint,22037,0.10832775244472242,0.114412937101525,1.396656972923275,-0.06355116467197769,0.1980910170818004,0.010413234313440487
full_ndu_joint,23037,0.12685160210783647,0.1352485367907421,1.5875031485147364,-0.06422329927493192,0.2422382547036839,0.016857504763527858
full_ndu_joint,24037,0.11552632643048652,0.12246406463147452,1.3897526971844072,-0.06865349189157802,0.194680489940732,0.017674849832883685
full_ndu_joint,25037,0.12405120631568393,0.13207383884537194,1.5427182507545956,-0.06465617747061961,0.23412615228757552,0.010800557388082213
full_ndu_joint,26037,0.12463546866870526,0.1327354602316626,1.5547715964675435,-0.06632713277515712,0.24306515886559688,0.020903430331578276
full_ndu_joint,27037,0.09554090793854995,0.10025383022940915,1.2803378467624917,-0.06616766414993694,0.24679925433554953,0.021502040178514904
full_ndu_joint,28037,0.11736899068414161,0.12453429582411735,1.5251461633714152,-0.0602822853660551,0.20490008405055982,0.021698263612678133
full_ndu_joint,29037,0.11418414981180758,0.1209585301811984,1.4039796263566346,-0.06722831992191546,0.19260162216806104,0.028271723737010732
full_ndu_joint,30037,0.10339392809667285,0.1089281610057431,1.2839078058371889,-0.06754110028592439,0.1874309897159117,0.01212149840066789
fixed_pref_joint_rl,1067,0.08683277651419122,0.09071427142473842,1.5561111601408273,-0.04495973378546145,0.3419641862969134,0.0
fixed_pref_joint_rl,2067,0.05761968402993473,0.059312045802700775,1.3089771406050108,-0.037381443655696456,0.3420389519500634,0.0
fixed_pref_joint_rl,3067,0.08354246429283607,0.08713137857793596,1.3558834984081398,-0.05496912293953965,0.23243123554742617,0.0
fixed_pref_joint_rl,4067,0.06015788438265356,0.06200420718814015,1.0889672208175039,-0.06010787367718327,0.3043367568875795,0.0
fixed_pref_joint_rl,5067,0.07919208748368779,0.08241221994202763,1.5168016886562565,-0.04081525221406318,0.31847094571861306,0.0
fixed_pref_joint_rl,6067,0.04946667849169745,0.050710580370176395,0.848961890679307,-0.0750649359870418,0.2708162845204081,0.0
fixed_pref_joint_rl,7067,0.06411304399439972,0.06621292091668507,1.2883232587688638,-0.038369529962510876,0.26081239800285777,0.0
fixed_pref_joint_rl,8067,0.09891091369552735,0.10396794675337051,1.5818987212234323,-0.044309234420742166,0.23466977151024226,0.0
fixed_pref_joint_rl,9067,0.06788776740196426,0.07024518534034851,1.2568118015959768,-0.042960640407191976,0.2071464359386288,0.0
fixed_pref_joint_rl,10067,0.06248850390351554,0.06448222145719429,1.3254993218098359,-0.03601485593514531,0.28752080564082305,0.0
fixed_pref_joint_rl,11067,0.07543211691271262,0.0783500235046437,1.4971191446151746,-0.03850246508067705,0.3400971282526015,0.0
fixed_pref_joint_rl,12067,0.08403926144913257,0.08767159653359546,1.410670905030243,-0.0447190236408306,0.23381959870406382,0.0
fixed_pref_joint_rl,13067,0.06291657984795336,0.06493799823605917,1.2501036291883674,-0.04007127461278158,0.2681676782984576,0.0
fixed_pref_joint_rl,14067,0.0646240657758857,0.06675791818385224,1.1440957830183522,-0.045612072700619864,0.20057792450941558,0.0
fixed_pref_joint_rl,15067,0.07460266913057634,0.07745595931032101,1.3964505201289032,-0.04819557678618286,0.397700288677543,0.0
fixed_pref_joint_rl,16067,0.07699717356243863,0.08003902372542182,1.1823558373178225,-0.06361306824461095,0.26237626626962923,0.0
fixed_pref_joint_rl,17067,0.06254206786639709,0.06453924087047169,1.3746388131302005,-0.038078254870156536,0.34383618967278795,0.0
fixed_pref_joint_rl,18067,0.0769120544747986,0.07994709570157688,1.4883344762972026,-0.04424707606192634,0.36151766175183064,0.0
fixed_pref_joint_rl,19067,0.06788499281404134,0.07024221585510215,1.4221372478287129,-0.03949541755553731,0.35331800246817296,0.0
fixed_pref_joint_rl,20067,0.07159865152000541,0.07422411931644257,1.4927799595056706,-0.0356443740425734,0.296128777187659,0.0
fixed_pref_joint_rl,21067,0.07280630343114872,0.07552219177921482,1.2841664143547507,-0.04447947934252778,0.2556671183676802,0.0
fixed_pref_joint_rl,22067,0.07696676016125886,0.08000617656480302,1.428656300240177,-0.04418756523287823,0.32924967294961627,0.0
fixed_pref_joint_rl,23067,0.06941028046343065,0.07187588868256589,1.3892534082159378,-0.03940614617695144,0.3089698440752031,0.0
fixed_pref_joint_rl,24067,0.07484815787493357,0.07772049508982204,1.1785626571377186,-0.06748868793511065,0.28470496373814347,0.0
fixed_pref_joint_rl,25067,0.06481867262115996,0.06696553677832595,1.2744589985516863,-0.04400224084804211,0.33651910228698445,0.0
fixed_pref_joint_rl,26067,0.0658930501156795,0.0681124765512835,1.167985514264739,-0.06166700636061956,0.32982624251481996,0.0
fixed_pref_joint_rl,27067,0.06310165965764439,0.06513511499870939,1.3330964650666468,-0.03778783266004819,0.31130571805425494,0.0
fixed_pref_joint_rl,28067,0.05960356450549467,0.061415680277621565,1.323397316725473,-0.03179821417572497,0.26303450642193693,0.0
fixed_pref_joint_rl,29067,0.07197599206096875,0.07462954411353673,1.3795357520362788,-0.040715569414224106,0.2880699393919901,0.0
fixed_pref_joint_rl,30067,0.07204258774382821,0.07470111218488373,1.13521277664933,-0.06841555295538745,0.2959715893652286,0.0
oracle_factor_joint_rl,1097,0.08137364405633751,0.08477614101100217,1.2315446432055053,-0.06444536871623974,0.28602870156713006,0.0
oracle_factor_joint_rl,2097,0.10021843120928403,0.10541234826273227,1.618932005837741,-0.05470493537294839,0.3784634322628054,0.0
oracle_factor_joint_rl,3097,0.08704718212843784,0.09094815175980342,1.4187821353773633,-0.06162202687327421,0.39227278775568697,0.0
oracle_factor_joint_rl,4097,0.09490140822265607,0.09955044314945671,1.486925665504498,-0.0593130468636147,0.38381496709901713,0.0
oracle_factor_joint_rl,5097,0.09109465583534013,0.09537268376789076,1.5269292925817426,-0.053423116467491705,0.356222670411064,0.0
oracle_factor_joint_rl,6097,0.09356755144832962,0.09808477805311289,1.5022301146638504,-0.06126500426268618,0.37987235380465706,0.0
oracle_factor_joint_rl,7097,0.08882135219341222,0.09288539730647116,1.5010001189668842,-0.055104308398257314,0.38428695554601006,0.0
oracle_factor_joint_rl,8097,0.1107255000865341,0.11708822414333397,1.6518658587081747,-0.05645097058913853,0.32155485545853224,0.0
oracle_factor_joint_rl,9097,0.08003389808568417,0.08332378965519815,1.4227635008427963,-0.05633326386105306,0.37663538938325,0.0
oracle_factor_joint_rl,10097,0.1069723193831983,0.11290344819907228,1.6520348032092884,-0.05569687268220329,0.3885276078151618,0.0
oracle_factor_joint_rl,11097,0.08403651997799721,0.08766861471739618,1.4555922594952693,-0.05696725503234426,0.3837701877644766,0.0
oracle_factor_joint_rl,12097,0.0925362592836369,0.09695291556611285,1.448332129165857,-0.05929568634064388,0.3724010747415019,0.0
oracle_factor_joint_rl,13097,0.0876450877554883,0.09160063083957959,1.471002795540332,-0.057295539152679764,0.3854791939384012,0.0
oracle_factor_joint_rl,14097,0.08067929327481248,0.08402318728696612,1.3168111659681832,-0.060044042439487924,0.3599915257252022,0.0
oracle_factor_joint_rl,15097,0.09583711090382804,0.1005797769472907,1.535411986763334,-0.057208337936157434,0.3902842959403112,0.0
oracle_factor_joint_rl,16097,0.09911881047585418,0.10419748199407652,1.5814403117124323,-0.05803183915593782,0.39022109353332984,0.0
oracle_factor_joint_rl,17097,0.09092554981012094,0.09518746530842526,1.5206757730191023,-0.05410587505128983,0.3618679219160547,0.0
oracle_factor_joint_rl,18097,0.08804350547612871,0.09203563052480557,1.524637824967679,-0.05373844895306331,0.361300645948129,0.0
oracle_factor_joint_rl,19097,0.09878551716712347,0.10382952168457127,1.5510971028319869,-0.059035586569228374,0.4053792720928962,0.0
oracle_factor_joint_rl,20097,0.08638664197120641,0.09022777464130871,1.4025257118987584,-0.060608732779679195,0.3951957765667325,0.0
oracle_factor_joint_rl,21097,0.09558348621783311,0.1003006781416198,1.4885232810354894,-0.06053721476167406,0.35999530021851656,0.0
oracle_factor_joint_rl,22097,0.0810366623093478,0.08441065283679183,1.424958710762618,-0.05412912438501436,0.3579357690692298,0.0
oracle_factor_joint_rl,23097,0.09885552837698962,0.10390680483018211,1.5510236744723933,-0.05791542965027567,0.39787694555564174,0.0
oracle_factor_joint_rl,24097,0.09411430791139869,0.09868532716460443,1.4943574209856019,-0.05891746556050245,0.38020767497641017,0.0
oracle_factor_joint_rl,25097,0.09373685015743913,0.09827069812610034,1.4996871238637133,-0.05922172643125105,0.4066092982295922,0.0
oracle_factor_joint_rl,26097,0.08426312352830355,0.08791511221459714,1.3232133605092493,-0.061797020028886915,0.3282126781983548,0.0
oracle_factor_joint_rl,27097,0.09933419677212565,0.1044353366144688,1.5945233449669702,-0.05441775602423618,0.3740568682383713,0.0
oracle_factor_joint_rl,28097,0.10116623777665198,0.10646056201953602,1.6159599059837513,-0.057270571496763636,0.40018202842171063,0.0
oracle_factor_joint_rl,29097,0.09453636926682317,0.09914913765432942,1.5452045644763936,-0.057603624359329406,0.3848276043253602,0.0
oracle_factor_joint_rl,30097,0.08865538947359321,0.09270403412366335,1.4659857114201695,-0.06120010214524589,0.4094985824822448,0.0
signal_only_joint_rl,1127,0.046070258530534834,0.047147979450788524,1.0188938982980111,-0.06454676022085072,0.41228432486318767,0.0
signal_only_joint_rl,2127,0.07046229829132561,0.07300411457957501,1.2601329642918315,-0.06041074134253906,0.3467105177054345,0.0
signal_only_joint_rl,3127,0.06592622741378744,0.06814791422519084,1.1958593850801482,-0.0643702420759902,0.4174294580986836,0.0
signal_only_joint_rl,4127,0.06009768133439454,0.06194027322213258,1.205582771883949,-0.059813173136480824,0.39876360701129193,0.0
signal_only_joint_rl,5127,0.07592679797388237,0.07888359480151008,1.3141236630514546,-0.06178165677547268,0.3892486631426022,0.0
signal_only_joint_rl,6127,0.04539008336398698,0.04643597756991413,1.0127001752076468,-0.06537675075777877,0.4493020930706511,0.0
signal_only_joint_rl,7127,0.06587688756462598,0.0680952132683601,1.217561051008595,-0.06108054102673689,0.42273007592738404,0.0
signal_only_joint_rl,8127,0.04707220960129484,0.04819769628467818,0.9755642060834235,-0.06835352840805836,0.4388058762073872,0.0
signal_only_joint_rl,9127,0.07475768309728675,0.07762299297847086,1.321935384229272,-0.06310958185771308,0.40586817637603056,0.0
signal_only_joint_rl,10127,0.050913992730733874,0.052232389756802666,1.2333767124007764,-0.04939432705299053,0.3251529194675274,0.0
signal_only_joint_rl,11127,0.05300214709637051,0.054431909083850316,1.0761463655101842,-0.06507341770077538,0.42509938398006114,0.0
signal_only_joint_rl,12127,0.0772744593649266,0.08033854473737678,1.368679611099354,-0.06245267740021018,0.400117301707437,0.0
signal_only_joint_rl,13127,0.06781714518006876,0.07016960491624702,1.2570202658722942,-0.06403070712071376,0.4342288583522426,0.0
signal_only_joint_rl,14127,0.061695800871791356,0.06363873753332938,1.056923201952583,-0.06953770962160433,0.31645087752977175,0.0
signal_only_joint_rl,15127,0.06540121222931344,0.06758726753784838,1.2001256814824675,-0.064009983269739,0.4108360908279762,0.0
signal_only_joint_rl,16127,0.09425250333301612,0.09883717093843236,1.5452365558739682,-0.05718493791727282,0.3942242354897272,0.0
signal_only_joint_rl,17127,0.06008946543497063,0.06193154846349458,1.159218019053519,-0.06001834266192847,0.4057634480506174,0.0
signal_only_joint_rl,18127,0.059427714411490126,0.06122904664071904,1.1627538957519468,-0.06004127562033608,0.3863677970773432,0.0
signal_only_joint_rl,19127,0.0759447543684095,0.07890296783492179,1.3149590472451853,-0.0625641531481476,0.42141296122019994,0.0
signal_only_joint_rl,20127,0.05919761579921484,0.06098488740120911,1.2242749615257482,-0.05605591868581368,0.3829048999179119,0.0
signal_only_joint_rl,21127,0.060481569039712454,0.062348017295765557,1.15941805383654,-0.06651202783400997,0.43406505387875116,0.0
signal_only_joint_rl,22127,0.06041807337578791,0.06228056494457701,1.186361055256216,-0.0635900332063638,0.4383322074064571,0.0
signal_only_joint_rl,23127,0.06705109282873688,0.0693501129010452,1.2287341383712735,-0.06128498372746553,0.40126499170928753,0.0
signal_only_joint_rl,24127,0.061133302483214455,0.06304061069590072,1.1489215698164765,-0.06770486503090097,0.4210964440783542,0.0
signal_only_joint_rl,25127,0.06402444568579539,0.0661184604398608,1.1060905730036017,-0.06463532081935049,0.2757014712617609,0.0
signal_only_joint_rl,26127,0.07304585763795096,0.07577986850730456,1.2940481940899287,-0.06325852513307932,0.39384617267769984,0.0
signal_only_joint_rl,27127,0.0736532327895513,0.0764334689382653,1.3163511695614032,-0.06029826421714442,0.4052117889884465,0.0
signal_only_joint_rl,28127,0.061877271262227695,0.06383177398498296,1.1865617508040591,-0.0631467038267286,0.40659021212964574,0.0
signal_only_joint_rl,29127,0.06395170467387892,0.06604091272470924,1.1895748157887853,-0.06436126204540883,0.4193343247675664,0.0
signal_only_joint_rl,30127,0.06250509666411305,0.06449988430239251,1.2147673931240417,-0.060195262090762466,0.41570465857793054,0.0
