t,regime,previous_contract,stock,contract,value
0,0,0,1,0,-177808052847592170946087143/32000000000000000000000000
0,0,1/10,1,0,-178000052847592170946087143/32000000000000000000000000
0,0,1/5,1,0,-178576052847592170946087143/32000000000000000000000000
0,0,3/10,1,0,-179536052847592170946087143/32000000000000000000000000
0,0,2/5,1,1/10,-180756806122472170946087143/32000000000000000000000000
0,0,1/2,1,1/10,-182100806122472170946087143/32000000000000000000000000
0,0,3/5,1,1/10,-183828806122472170946087143/32000000000000000000000000
0,0,7/10,1,1/10,-185940806122472170946087143/32000000000000000000000000
0,0,4/5,2,3/10,-188121542122472170946087143/32000000000000000000000000
0,0,9/10,2,3/10,-190233542122472170946087143/32000000000000000000000000
0,0,1,2,3/10,-192729542122472170946087143/32000000000000000000000000
0,1,0,3,2/5,-330075793061408505080001623/64000000000000000000000000
0,1,1/10,3,1/2,-326760867493408505080001623/64000000000000000000000000
0,1,1/5,3,1/2,-324072867493408505080001623/64000000000000000000000000
0,1,3/10,3,1/2,-322152867493408505080001623/64000000000000000000000000
0,1,2/5,3,1/2,-321000867493408505080001623/64000000000000000000000000
0,1,1/2,3,3/5,-320147875493408505080001623/64000000000000000000000000
0,1,3/5,3,3/5,-319763875493408505080001623/64000000000000000000000000
0,1,7/10,3,3/5,-320147875493408505080001623/64000000000000000000000000
0,1,4/5,3,3/5,-321299875493408505080001623/64000000000000000000000000
0,1,9/10,3,7/10,-323111843493408505080001623/64000000000000000000000000
0,1,1,3,7/10,-325031843493408505080001623/64000000000000000000000000
0,2,0,4,4/5,-228876931745491571339903009/64000000000000000000000000
0,2,1/10,4,4/5,-223116931745491571339903009/64000000000000000000000000
0,2,1/5,4,4/5,-218124931745491571339903009/64000000000000000000000000
0,2,3/10,4,4/5,-213900931745491571339903009/64000000000000000000000000
0,2,2/5,4,9/10,-209858989985491571339903009/64000000000000000000000000
0,2,1/2,4,9/10,-206402989985491571339903009/64000000000000000000000000
0,2,3/5,4,9/10,-203714989985491571339903009/64000000000000000000000000
0,2,7/10,4,9/10,-201794989985491571339903009/64000000000000000000000000
0,2,4/5,4,1,-200257965985491571339903009/64000000000000000000000000
0,2,9/10,4,1,-199105965985491571339903009/64000000000000000000000000
0,2,1,4,1,-198721965985491571339903009/64000000000000000000000000
1,0,0,1,0,-40109121053550308907859/8000000000000000000000
1,0,1/10,1,0,-40157121053550308907859/8000000000000000000000
1,0,1/5,1,0,-40301121053550308907859/8000000000000000000000
1,0,3/10,1,0,-40541121053550308907859/8000000000000000000000
1,0,2/5,1,1/10,-40846309372270308907859/8000000000000000000000
1,0,1/2,1,1/10,-41182309372270308907859/8000000000000000000000
1,0,3/5,1,1/10,-41614309372270308907859/8000000000000000000000
1,0,7/10,1,1/10,-42142309372270308907859/8000000000000000000000
1,0,4/5,2,3/10,-42687493372270308907859/8000000000000000000000
1,0,9/10,2,3/10,-43215493372270308907859/8000000000000000000000
1,0,1,2,3/10,-43839493372270308907859/8000000000000000000000
1,1,0,3,2/5,-148230994412982744358751/32000000000000000000000
1,1,1/10,3,1/2,-146573531628982744358751/32000000000000000000000
1,1,1/5,3,1/2,-145229531628982744358751/32000000000000000000000
1,1,3/10,3,1/2,-144269531628982744358751/32000000000000000000000
1,1,2/5,3,1/2,-143693531628982744358751/32000000000000000000000
1,1,1/2,3,3/5,-143267035628982744358751/32000000000000000000000
1,1,3/5,3,3/5,-143075035628982744358751/32000000000000000000000
1,1,7/10,3,3/5,-143267035628982744358751/32000000000000000000000
1,1,4/5,3,3/5,-143843035628982744358751/32000000000000000000000
1,1,9/10,3,7/10,-144749019628982744358751/32000000000000000000000
1,1,1,3,7/10,-145709019628982744358751/32000000000000000000000
1,2,0,4,4/5,-98261111773220957635979/32000000000000000000000
1,2,1/10,4,4/5,-95381111773220957635979/32000000000000000000000
1,2,1/5,4,4/5,-92885111773220957635979/32000000000000000000000
1,2,3/10,4,4/5,-90773111773220957635979/32000000000000000000000
1,2,2/5,4,9/10,-88752140893220957635979/32000000000000000000000
1,2,1/2,4,9/10,-87024140893220957635979/32000000000000000000000
1,2,3/5,4,9/10,-85680140893220957635979/32000000000000000000000
1,2,7/10,4,9/10,-84720140893220957635979/32000000000000000000000
1,2,4/5,4,1,-83951628893220957635979/32000000000000000000000
1,2,9/10,4,1,-83375628893220957635979/32000000000000000000000
1,2,1,4,1,-83183628893220957635979/32000000000000000000000
2,0,0,1,0,-35553691854741193373/8000000000000000000
2,0,1/10,1,0,-35601691854741193373/8000000000000000000
2,0,1/5,1,0,-35745691854741193373/8000000000000000000
2,0,3/10,1,0,-35985691854741193373/8000000000000000000
2,0,2/5,1,1/10,-36290880173461193373/8000000000000000000
2,0,1/2,1,1/10,-36626880173461193373/8000000000000000000
2,0,3/5,1,1/10,-37058880173461193373/8000000000000000000
2,0,7/10,1,1/10,-37586880173461193373/8000000000000000000
2,0,4/5,2,3/10,-38132064173461193373/8000000000000000000
2,0,9/10,2,3/10,-38660064173461193373/8000000000000000000
2,0,1,2,3/10,-39284064173461193373/8000000000000000000
2,1,0,3,2/5,-65440997574929211087/16000000000000000000
2,1,1/10,3,1/2,-64612266182929211087/16000000000000000000
2,1,1/5,3,1/2,-63940266182929211087/16000000000000000000
2,1,3/10,3,1/2,-63460266182929211087/16000000000000000000
2,1,2/5,3,1/2,-63172266182929211087/16000000000000000000
2,1,1/2,3,3/5,-62959018182929211087/16000000000000000000
2,1,3/5,3,3/5,-62863018182929211087/16000000000000000000
2,1,7/10,3,3/5,-62959018182929211087/16000000000000000000
2,1,4/5,3,3/5,-63247018182929211087/16000000000000000000
2,1,9/10,3,7/10,-63700010182929211087/16000000000000000000
2,1,1,3,7/10,-64180010182929211087/16000000000000000000
2,2,0,4,4/5,-40966735184365845909/16000000000000000000
2,2,1/10,4,4/5,-39526735184365845909/16000000000000000000
2,2,1/5,4,4/5,-38278735184365845909/16000000000000000000
2,2,3/10,4,4/5,-37222735184365845909/16000000000000000000
2,2,2/5,4,9/10,-36212249744365845909/16000000000000000000
2,2,1/2,4,9/10,-35348249744365845909/16000000000000000000
2,2,3/5,4,9/10,-34676249744365845909/16000000000000000000
2,2,7/10,4,9/10,-34196249744365845909/16000000000000000000
2,2,4/5,4,1,-33811993744365845909/16000000000000000000
2,2,9/10,4,1,-33523993744365845909/16000000000000000000
2,2,1,4,1,-33427993744365845909/16000000000000000000
3,0,0,1,0,-15368292938958393/4000000000000000
3,0,1/10,1,0,-15392292938958393/4000000000000000
3,0,1/5,1,0,-15464292938958393/4000000000000000
3,0,3/10,1,0,-15584292938958393/4000000000000000
3,0,2/5,1,1/10,-15736887098318393/4000000000000000
3,0,1/2,1,1/10,-15904887098318393/4000000000000000
3,0,3/5,1,1/10,-16120887098318393/4000000000000000
3,0,7/10,1,1/10,-16384887098318393/4000000000000000
3,0,4/5,2,3/10,-16657479098318393/4000000000000000
3,0,9/10,2,3/10,-16921479098318393/4000000000000000
3,0,1,2,3/10,-17233479098318393/4000000000000000
3,1,0,3,2/5,-28236337437301729/8000000000000000
3,1,1/10,3,1/2,-27821971741301729/8000000000000000
3,1,1/5,3,1/2,-27485971741301729/8000000000000000
3,1,3/10,3,1/2,-27245971741301729/8000000000000000
3,1,2/5,3,1/2,-27101971741301729/8000000000000000
3,1,1/2,3,3/5,-26995347741301729/8000000000000000
3,1,3/5,3,3/5,-26947347741301729/8000000000000000
3,1,7/10,3,3/5,-26995347741301729/8000000000000000
3,1,4/5,3,3/5,-27139347741301729/8000000000000000
3,1,9/10,3,7/10,-27365843741301729/8000000000000000
3,1,1,3,7/10,-27605843741301729/8000000000000000
3,2,0,4,4/5,-16417282785361369/8000000000000000
3,2,1/10,4,4/5,-15697282785361369/8000000000000000
3,2,1/5,4,4/5,-15073282785361369/8000000000000000
3,2,3/10,4,4/5,-14545282785361369/8000000000000000
3,2,2/5,4,9/10,-14040040065361369/8000000000000000
3,2,1/2,4,9/10,-13608040065361369/8000000000000000
3,2,3/5,4,9/10,-13272040065361369/8000000000000000
3,2,7/10,4,9/10,-13032040065361369/8000000000000000
3,2,4/5,4,1,-12839912065361369/8000000000000000
3,2,9/10,4,1,-12695912065361369/8000000000000000
3,2,1,4,1,-12647912065361369/8000000000000000
4,0,0,1,0,-25586424816577/8000000000000
4,0,1/10,1,0,-25634424816577/8000000000000
4,0,1/5,1,0,-25778424816577/8000000000000
4,0,3/10,1,0,-26018424816577/8000000000000
4,0,2/5,1,1/10,-26323613135297/8000000000000
4,0,1/2,1,1/10,-26659613135297/8000000000000
4,0,3/5,1,1/10,-27091613135297/8000000000000
4,0,7/10,1,1/10,-27619613135297/8000000000000
4,0,4/5,2,3/10,-28164797135297/8000000000000
4,0,9/10,2,3/10,-28692797135297/8000000000000
4,0,1,2,3/10,-29316797135297/8000000000000
4,1,0,3,2/5,-23584235730371/8000000000000
4,1,1/10,3,1/2,-23169870034371/8000000000000
4,1,1/5,3,1/2,-22833870034371/8000000000000
4,1,3/10,3,1/2,-22593870034371/8000000000000
4,1,2/5,3,1/2,-22449870034371/8000000000000
4,1,1/2,3,3/5,-22343246034371/8000000000000
4,1,3/5,3,3/5,-22295246034371/8000000000000
4,1,7/10,3,3/5,-22343246034371/8000000000000
4,1,4/5,3,3/5,-22487246034371/8000000000000
4,1,9/10,3,7/10,-22713742034371/8000000000000
4,1,1,3,7/10,-22953742034371/8000000000000
4,2,0,4,4/5,-12458273460743/8000000000000
4,2,1/10,4,4/5,-11738273460743/8000000000000
4,2,1/5,4,4/5,-11114273460743/8000000000000
4,2,3/10,4,4/5,-10586273460743/8000000000000
4,2,2/5,4,9/10,-10081030740743/8000000000000
4,2,1/2,4,9/10,-9649030740743/8000000000000
4,2,3/5,4,9/10,-9313030740743/8000000000000
4,2,7/10,4,9/10,-9073030740743/8000000000000
4,2,4/5,4,1,-8880902740743/8000000000000
4,2,9/10,4,1,-8736902740743/8000000000000
4,2,1,4,1,-8688902740743/8000000000000
5,0,0,1,0,-2500332717/1000000000
5,0,1/10,1,0,-2506332717/1000000000
5,0,1/5,1,0,-2524332717/1000000000
5,0,3/10,1,0,-2554332717/1000000000
5,0,2/5,1,1/10,-10372728533/4000000000
5,0,1/2,1,1/10,-10540728533/4000000000
5,0,3/5,1,1/10,-10756728533/4000000000
5,0,7/10,1,1/10,-11020728533/4000000000
5,0,4/5,2,3/10,-11293320533/4000000000
5,0,9/10,2,3/10,-11557320533/4000000000
5,0,1,2,3/10,-11869320533/4000000000
5,1,0,3,2/5,-4679982333/2000000000
5,1,1/10,3,1/2,-4576390909/2000000000
5,1,1/5,3,1/2,-4492390909/2000000000
5,1,3/10,3,1/2,-4432390909/2000000000
5,1,2/5,3,1/2,-4396390909/2000000000
5,1,1/2,3,3/5,-4369734909/2000000000
5,1,3/5,3,3/5,-4357734909/2000000000
5,1,7/10,3,3/5,-4369734909/2000000000
5,1,4/5,3,3/5,-4405734909/2000000000
5,1,9/10,3,7/10,-4462358909/2000000000
5,1,1,3,7/10,-4522358909/2000000000
5,2,0,4,4/5,-4381800359/4000000000
5,2,1/10,4,4/5,-4021800359/4000000000
5,2,1/5,4,4/5,-3709800359/4000000000
5,2,3/10,4,4/5,-3445800359/4000000000
5,2,2/5,4,9/10,-399129733/500000000
5,2,1/2,4,9/10,-372129733/500000000
5,2,3/5,4,9/10,-351129733/500000000
5,2,7/10,4,9/10,-336129733/500000000
5,2,4/5,4,1,-324121733/500000000
5,2,9/10,4,1,-315121733/500000000
5,2,1,4,1,-312121733/500000000
6,0,0,1,0,-433109/250000
6,0,1/10,1,0,-434609/250000
6,0,1/5,1,0,-439109/250000
6,0,3/10,1,0,-446609/250000
6,0,2/5,1,1/10,-22837/12500
6,0,1/2,1,1/10,-11681/6250
6,0,3/5,1,1/10,-24037/12500
6,0,7/10,1,1/10,-12431/6250
6,0,4/5,2,3/10,-4114701/2000000
6,0,9/10,2,3/10,-4246701/2000000
6,0,1,2,3/10,-4402701/2000000
6,1,0,3,2/5,-676091/400000
6,1,1/10,3,1/2,-820661/500000
6,1,1/5,3,1/2,-799661/500000
6,1,3/10,3,1/2,-784661/500000
6,1,2/5,3,1/2,-775661/500000
6,1,1/2,3,3/5,-768997/500000
6,1,3/5,3,3/5,-765997/500000
6,1,7/10,3,3/5,-768997/500000
6,1,4/5,3,3/5,-777997/500000
6,1,9/10,3,7/10,-3168321/2000000
6,1,1,3,7/10,-3228321/2000000
6,2,0,4,4/5,-1407361/2000000
6,2,1/10,4,4/5,-1227361/2000000
6,2,1/5,4,4/5,-1071361/2000000
6,2,3/10,4,4/5,-939361/2000000
6,2,2/5,4,9/10,-404267/1000000
6,2,1/2,4,9/10,-350267/1000000
6,2,3/5,4,9/10,-308267/1000000
6,2,7/10,4,9/10,-278267/1000000
6,2,4/5,4,1,-507629/2000000
6,2,9/10,4,1,-471629/2000000
6,2,1,4,1,-459629/2000000
7,0,0,1,0,-22/25
7,0,1/10,1,0,-443/500
7,0,1/5,1,0,-113/125
7,0,3/10,1,0,-467/500
7,0,2/5,1,0,-122/125
7,0,1/2,1,1/10,-1027/1000
7,0,3/5,1,1/10,-1081/1000
7,0,7/10,1,1/10,-1147/1000
7,0,4/5,2,3/10,-1207/1000
7,0,9/10,2,3/10,-1273/1000
7,0,1,2,2/5,-671/500
7,1,0,3,2/5,-481/500
7,1,1/10,3,2/5,-23/25
7,1,1/5,3,1/2,-879/1000
7,1,3/10,3,1/2,-849/1000
7,1,2/5,3,1/2,-831/1000
7,1,1/2,3,3/5,-41/50
7,1,3/5,3,3/5,-407/500
7,1,7/10,3,3/5,-41/50
7,1,4/5,3,3/5,-419/500
7,1,9/10,3,7/10,-857/1000
7,1,1,3,7/10,-887/1000
7,2,0,4,4/5,-223/500
7,2,1/10,4,4/5,-89/250
7,2,1/5,4,4/5,-139/500
7,2,3/10,4,4/5,-53/250
7,2,2/5,4,9/10,-151/1000
7,2,1/2,4,9/10,-97/1000
7,2,3/5,4,9/10,-11/200
7,2,7/10,4,1,-3/125
7,2,4/5,4,1,3/500
7,2,9/10,4,1,3/125
7,2,1,4,1,3/100
