batch,seed,method,net_reward,physical_cost,premium,liability,maintenance,adjustment,filled_demand,lost_demand,demand,undiscounted_filled,undiscounted_lost,undiscounted_demand
0,2026092300,joint_contract,-4.9909484363317285,9.380543449866861,9.901073179555027,0.9919755173275737,4.315436137034358,0.20406651165800213,17.199169533915274,2.2619084938226135,19.46107802773796,19.064453125,2.532958984375,21.597412109375
0,2026092300,expanded_action_mdp,-4.9909484363317285,9.380543449866861,9.901073179555027,0.9919755173275737,4.315436137034358,0.20406651165800213,17.199169533915274,2.2619084938226135,19.46107802773796,19.064453125,2.532958984375,21.597412109375
0,2026092300,frozen_contract,-5.916545581463549,9.582112362027829,7.22224403607907,0.8534692484860427,2.703208007028852,0.0,18.038629280261212,1.422448747476723,19.46107802773796,20.018798828125,1.57861328125,21.597412109375
0,2026092300,capacity_matched_gate,-5.916545581463549,9.582112362027829,7.22224403607907,0.8534692484860427,2.703208007028852,0.0,18.038629280261212,1.422448747476723,19.46107802773796,20.018798828125,1.57861328125,21.597412109375
0,2026092300,physical_oracle,-11.931184998642463,8.508438349523345,14.44448807215814,6.904402693162169,10.812832028115407,0.14999999999998842,13.707409116769497,5.753668910968484,19.46107802773796,15.211669921875,6.3857421875,21.597412109375
1,2026092301,joint_contract,-4.9587388902957095,9.40186058888384,10.055479946399966,1.023511369441287,4.3804305941759525,0.20841628419463895,17.31657333020296,2.273998015823652,19.59057134602669,19.19970703125,2.544921875,21.74462890625
1,2026092301,expanded_action_mdp,-4.9587388902957095,9.40186058888384,10.055479946399966,1.023511369441287,4.3804305941759525,0.20841628419463895,17.31657333020296,2.273998015823652,19.59057134602669,19.19970703125,2.544921875,21.74462890625
1,2026092301,frozen_contract,-5.924786556646172,9.622053840304948,7.276763949360213,0.8762886586727232,2.703208007028852,0.0,18.130090248238872,1.4604810977878602,19.59057134602669,20.12451171875,1.6201171875,21.74462890625
1,2026092301,capacity_matched_gate,-5.924786556646172,9.622053840304948,7.276763949360213,0.8762886586727232,2.703208007028852,0.0,18.130090248238872,1.4604810977878602,19.59057134602669,20.12451171875,1.6201171875,21.74462890625
1,2026092301,physical_oracle,-11.90732214490337,8.548174049317158,14.553527898720427,6.949843966191524,10.812832028115407,0.14999999999998842,13.799034707533743,5.791536638492939,19.59057134602669,15.316650390625,6.427978515625,21.74462890625
2,2026092302,joint_contract,-4.984021823860033,9.346447488597793,9.841248421048878,0.9832781312197796,4.287464146631212,0.20808047846019775,17.153289835285797,2.2326523894425567,19.385942224728336,19.0087890625,2.501708984375,21.510498046875
2,2026092302,expanded_action_mdp,-4.984021823860033,9.346447488597793,9.841248421048878,0.9832781312197796,4.287464146631212,0.20808047846019775,17.153289835285797,2.2326523894425567,19.385942224728336,19.0087890625,2.501708984375,21.510498046875
2,2026092302,frozen_contract,-5.912259208572331,9.566334130920534,7.197073396246872,0.8397904668699531,2.703208007028852,0.0,17.986291446611794,1.399650778116574,19.385942224728336,19.957763671875,1.552734375,21.510498046875
2,2026092302,capacity_matched_gate,-5.912259208572331,9.566334130920534,7.197073396246872,0.8397904668699531,2.703208007028852,0.0,17.986291446611794,1.399650778116574,19.385942224728336,19.957763671875,1.552734375,21.510498046875
2,2026092302,physical_oracle,-11.861972204095732,8.453671200114192,14.394146792493745,6.839615768360198,10.812832028115407,0.14999999999998842,13.686262417761585,5.699679806966849,19.385942224728336,15.185302734375,6.3251953125,21.510498046875
3,2026092303,joint_contract,-4.937115654348262,9.367029335149953,9.978424711008707,0.9926413751318561,4.346210571078373,0.20965908399686503,17.20302253853961,2.2586676003588013,19.461690138898526,19.069580078125,2.5283203125,21.597900390625
3,2026092303,expanded_action_mdp,-4.937115654348262,9.367029335149953,9.978424711008707,0.9926413751318561,4.346210571078373,0.20965908399686503,17.20302253853961,2.2586676003588013,19.461690138898526,19.069580078125,2.5283203125,21.597900390625
3,2026092303,frozen_contract,-5.915546229697839,9.598868556224208,7.238306196002593,0.8517758624474737,2.703208007028852,0.0,18.042063701486,1.4196264374124372,19.461690138898526,20.022705078125,1.5751953125,21.597900390625
3,2026092303,capacity_matched_gate,-5.915546229697839,9.598868556224208,7.238306196002593,0.8517758624474737,2.703208007028852,0.0,18.042063701486,1.4196264374124372,19.461690138898526,20.022705078125,1.5751953125,21.597900390625
3,2026092303,physical_oracle,-11.852229547303182,8.494479975550629,14.476612392005187,6.871529935642687,10.812832028115407,0.14999999999998842,13.735415192529683,5.726274946368877,19.461690138898526,15.2451171875,6.352783203125,21.597900390625
4,2026092304,joint_contract,-4.998379161611704,9.398202400476306,9.910515600429147,0.9850071836273941,4.3175538807825875,0.20813129715457976,17.18864570699384,2.275120243891257,19.463765950885193,19.052001953125,2.54833984375,21.600341796875
4,2026092304,expanded_action_mdp,-4.998379161611704,9.398202400476306,9.910515600429147,0.9850071836273941,4.3175538807825875,0.20813129715457976,17.18864570699384,2.275120243891257,19.463765950885193,19.052001953125,2.54833984375,21.600341796875
4,2026092304,frozen_contract,-5.9272171179494295,9.590872769641434,7.22414120220457,0.8572775434838164,2.703208007028852,0.0,18.0349700450788,1.4287959058063417,19.463765950885193,20.015380859375,1.5849609375,21.600341796875
4,2026092304,capacity_matched_gate,-5.9272171179494295,9.590872769641434,7.22414120220457,0.8572775434838164,2.703208007028852,0.0,18.0349700450788,1.4287959058063417,19.463765950885193,20.015380859375,1.5849609375,21.600341796875
4,2026092304,physical_oracle,-11.896945087731,8.493309687611662,14.44828240440914,6.889085776413427,10.812832028115407,0.14999999999998842,13.7228611372073,5.740904813677827,19.463765950885193,15.228515625,6.371826171875,21.600341796875
5,2026092305,joint_contract,-4.979754646667662,9.378400279310931,9.936264312007035,1.0024827207972675,4.328975984515062,0.20615997405147654,17.249457117678414,2.2951553126827693,19.54461243036121,19.1220703125,2.571533203125,21.693603515625
5,2026092305,expanded_action_mdp,-4.979754646667662,9.378400279310931,9.936264312007035,1.0024827207972675,4.328975984515062,0.20615997405147654,17.249457117678414,2.2951553126827693,19.54461243036121,19.1220703125,2.571533203125,21.693603515625
5,2026092305,frozen_contract,-5.918893837814386,9.576725155890006,7.230738391701395,0.8696990665970519,2.703208007028852,0.0,18.09511398603283,1.4494984443283994,19.54461243036121,20.083984375,1.609619140625,21.693603515625
5,2026092305,capacity_matched_gate,-5.918893837814386,9.576725155890006,7.230738391701395,0.8696990665970519,2.703208007028852,0.0,18.09511398603283,1.4494984443283994,19.54461243036121,20.083984375,1.609619140625,21.693603515625
5,2026092305,physical_oracle,-11.986627146694522,8.526193199106205,14.46147678340279,6.959078702876051,10.812832028115407,0.14999999999998842,13.745380177964563,5.799232252396687,19.54461243036121,15.2568359375,6.436767578125,21.693603515625
6,2026092306,joint_contract,-4.9762163614173955,9.439154109192689,10.075787938649945,1.016694197499382,4.3912692309735855,0.20488676240173784,17.298884335119865,2.2702351963339917,19.569119531453904,19.1806640625,2.54052734375,21.72119140625
6,2026092306,expanded_action_mdp,-4.9762163614173955,9.439154109192689,10.075787938649945,1.016694197499382,4.3912692309735855,0.20488676240173784,17.298884335119865,2.2702351963339917,19.569119531453904,19.1806640625,2.54052734375,21.72119140625
6,2026092306,frozen_contract,-5.9113991459261275,9.63013167002055,7.288614773805022,0.8666742426818717,2.703208007028852,0.0,18.124662460317445,1.4444570711364355,19.569119531453904,20.118896484375,1.602294921875,21.72119140625
6,2026092306,capacity_matched_gate,-5.9113991459261275,9.63013167002055,7.288614773805022,0.8666742426818717,2.703208007028852,0.0,18.124662460317445,1.4444570711364355,19.569119531453904,20.118896484375,1.602294921875,21.72119140625
6,2026092306,physical_oracle,-11.863113818464061,8.551478575316667,14.577229547610044,6.926032762642388,10.812832028115407,0.14999999999998842,13.797425562585287,5.771693968868646,19.569119531453904,15.31689453125,6.404296875,21.72119140625
7,2026092307,joint_contract,-4.975195888543723,9.375276679339944,9.895689140062245,0.9763941340680149,4.309975648098946,0.20923856709911884,17.139732575266695,2.288365753642673,19.42809832890944,18.9990234375,2.563720703125,21.562744140625
7,2026092307,expanded_action_mdp,-4.975195888543723,9.375276679339944,9.895689140062245,0.9763941340680149,4.309975648098946,0.20923856709911884,17.139732575266695,2.288365753642673,19.42809832890944,18.9990234375,2.563720703125,21.562744140625
7,2026092307,frozen_contract,-5.926894763672902,9.578360237584942,7.206537025696394,0.8518635447555996,2.703208007028852,0.0,18.008325754316758,1.419772574592658,19.42809832890944,19.986328125,1.576416015625,21.562744140625
7,2026092307,capacity_matched_gate,-5.926894763672902,9.578360237584942,7.206537025696394,0.8518635447555996,2.703208007028852,0.0,18.008325754316758,1.419772574592658,19.42809832890944,19.986328125,1.576416015625,21.562744140625
7,2026092307,physical_oracle,-11.942598012207439,8.498034451969975,14.413074051392789,6.894805583515157,10.812832028115407,0.14999999999998842,13.682427009313496,5.745671319595973,19.42809832890944,15.184326171875,6.37841796875,21.562744140625
8,2026092308,joint_contract,-4.998817134736678,9.398862872663589,9.92417225947608,0.9930831460931568,4.325078156055821,0.20596521940027274,17.215594157256685,2.2596920550963486,19.4752862123531,19.079345703125,2.530029296875,21.609375
8,2026092308,expanded_action_mdp,-4.998817134736678,9.398862872663589,9.92417225947608,0.9930831460931568,4.325078156055821,0.20596521940027274,17.215594157256685,2.2596920550963486,19.4752862123531,19.079345703125,2.530029296875,21.609375
8,2026092308,frozen_contract,-5.922858125184971,9.596077375108674,7.233651582868111,0.8572243259156611,2.703208007028852,0.0,18.0465790024937,1.4287072098594185,19.4752862123531,20.024658203125,1.584716796875,21.609375
8,2026092308,capacity_matched_gate,-5.922858125184971,9.596077375108674,7.233651582868111,0.8572243259156611,2.703208007028852,0.0,18.0465790024937,1.4287072098594185,19.4752862123531,20.024658203125,1.584716796875,21.609375
8,2026092308,physical_oracle,-11.891035544827849,8.502602582922242,14.467303165736222,6.892904099526717,10.812832028115407,0.14999999999998842,13.731199462747592,5.744086749605598,19.4752862123531,15.23876953125,6.37060546875,21.609375
9,2026092309,joint_contract,-5.051422956131635,9.350197149595939,9.761079708796299,1.00248865378251,4.251674559608318,0.20814230194122987,17.0669973610617,2.3333234804007574,19.40032084146247,18.91552734375,2.6142578125,21.52978515625
9,2026092309,expanded_action_mdp,-5.051422956131635,9.350197149595939,9.761079708796299,1.00248865378251,4.251674559608318,0.20814230194122987,17.0669973610617,2.3333234804007574,19.40032084146247,18.91552734375,2.6142578125,21.52978515625
9,2026092309,frozen_contract,-5.974083082707034,9.55705827930958,7.152914593217175,0.8667313895858823,2.703208007028852,0.0,17.955768525486025,1.4445523159764573,19.40032084146247,19.926025390625,1.603759765625,21.52978515625
9,2026092309,capacity_matched_gate,-5.974083082707034,9.55705827930958,7.152914593217175,0.8667313895858823,2.703208007028852,0.0,17.955768525486025,1.4445523159764573,19.40032084146247,19.926025390625,1.603759765625,21.52978515625
9,2026092309,physical_oracle,-12.09013089235528,8.492984679308988,14.30582918643435,6.940143371365543,10.812832028115407,0.14999999999998842,13.616868031991201,5.783452809471287,19.40032084146247,15.110595703125,6.419189453125,21.52978515625
10,2026092310,joint_contract,-5.018026579968911,9.369035418887607,9.84492208863812,0.9965992870000685,4.28871617018509,0.2085977925343554,17.170298563017393,2.2609543057976436,19.431252868815097,19.031005859375,2.531494140625,21.5625
10,2026092310,expanded_action_mdp,-5.018026579968911,9.369035418887607,9.84492208863812,0.9965992870000685,4.28871617018509,0.2085977925343554,17.170298563017393,2.2609543057976436,19.431252868815097,19.031005859375,2.531494140625,21.5625
10,2026092310,frozen_contract,-5.940570424106337,9.581790553365186,7.201781548744041,0.8573534124564177,2.703208007028852,0.0,18.002330514721038,1.4289223540940124,19.431252868815097,19.976806640625,1.585693359375,21.5625
10,2026092310,capacity_matched_gate,-5.940570424106337,9.581790553365186,7.201781548744041,0.8573534124564177,2.703208007028852,0.0,18.002330514721038,1.4289223540940124,19.431252868815097,19.976806640625,1.585693359375,21.5625
10,2026092310,physical_oracle,-11.967112887428737,8.501767762716891,14.403563097488082,6.906076194084828,10.812832028115407,0.14999999999998842,13.676189373744462,5.7550634950706785,19.431252868815097,15.176513671875,6.385986328125,21.5625
11,2026092311,joint_contract,-5.022821885340011,9.376923360815796,9.886123591596412,1.0169477769859476,4.307406701256947,0.20766763787782974,17.16942262914586,2.3227575576546164,19.49218018680046,19.03271484375,2.600341796875,21.633056640625
11,2026092311,expanded_action_mdp,-5.022821885340011,9.376923360815796,9.886123591596412,1.0169477769859476,4.307406701256947,0.20766763787782974,17.16942262914586,2.3227575576546164,19.49218018680046,19.03271484375,2.600341796875,21.633056640625
11,2026092311,frozen_contract,-5.962421556070608,9.586496830479375,7.203427183038343,0.8761439016008272,2.703208007028852,0.0,18.031940350799115,1.4602398360013582,19.49218018680046,20.01318359375,1.619873046875,21.633056640625
11,2026092311,capacity_matched_gate,-5.962421556070608,9.586496830479375,7.203427183038343,0.8761439016008272,2.703208007028852,0.0,18.031940350799115,1.4602398360013582,19.49218018680046,20.01318359375,1.619873046875,21.633056640625
11,2026092311,physical_oracle,-12.074849299781741,8.541545685514057,14.406854366076686,6.977325952229301,10.812832028115407,0.14999999999998842,13.677741893276226,5.814438293524399,19.49218018680046,15.1787109375,6.454345703125,21.633056640625
12,2026092312,joint_contract,-5.028658221256957,9.387351557384125,9.919174521652602,1.0302555587575488,4.321888496101735,0.2083371306661716,17.191973744079007,2.3019199291443297,19.493893673223404,19.0556640625,2.576904296875,21.632568359375
12,2026092312,expanded_action_mdp,-5.028658221256957,9.387351557384125,9.919174521652602,1.0302555587575488,4.321888496101735,0.2083371306661716,17.191973744079007,2.3019199291443297,19.493893673223404,19.0556640625,2.576904296875,21.632568359375
12,2026092312,frozen_contract,-5.983065653063765,9.6189041948513,7.220625593336006,0.8815790445197121,2.703208007028852,0.0,18.024595265690564,1.4692984075328313,19.493893673223404,20.001953125,1.630615234375,21.632568359375
12,2026092312,capacity_matched_gate,-5.983065653063765,9.6189041948513,7.220625593336006,0.8815790445197121,2.703208007028852,0.0,18.024595265690564,1.4692984075328313,19.493893673223404,20.001953125,1.630615234375,21.632568359375
12,2026092312,physical_oracle,-11.98279939578564,8.522457777635728,14.441251186672012,6.938760776706835,10.812832028115407,0.14999999999998842,13.711593025967709,5.782300647255668,19.493893673223404,15.217529296875,6.4150390625,21.632568359375
13,2026092313,joint_contract,-5.049174237136859,9.34488761893415,9.780328731968735,1.0163946626176594,4.262699056733996,0.20552163081981564,17.088209150388522,2.325124880014922,19.413334030403508,18.940673828125,2.6064453125,21.547119140625
13,2026092313,expanded_action_mdp,-5.049174237136859,9.34488761893415,9.780328731968735,1.0163946626176594,4.262699056733996,0.20552163081981564,17.088209150388522,2.325124880014922,19.413334030403508,18.940673828125,2.6064453125,21.547119140625
13,2026092313,frozen_contract,-5.9829518691985095,9.569186835796117,7.160847890802454,0.871404917176094,2.703208007028852,0.0,17.960992501776694,1.4523415286268166,19.413334030403508,19.934326171875,1.61279296875,21.547119140625
13,2026092313,capacity_matched_gate,-5.9829518691985095,9.569186835796117,7.160847890802454,0.871404917176094,2.703208007028852,0.0,17.960992501776694,1.4523415286268166,19.413334030403508,19.934326171875,1.61279296875,21.547119140625
13,2026092313,physical_oracle,-12.09796201963519,8.506246965787117,14.321695781604909,6.95057880733789,10.812832028115407,0.14999999999998842,13.621185024288636,5.792149006114922,19.413334030403508,15.115966796875,6.43115234375,21.547119140625
14,2026092314,joint_contract,-4.97002645735261,9.399299363542916,10.019006108335896,1.0177192114662994,4.363977719034956,0.20803627164439664,17.2482019936141,2.25956454173171,19.50776653534583,19.1240234375,2.529541015625,21.653564453125
14,2026092314,expanded_action_mdp,-4.97002645735261,9.399299363542916,10.019006108335896,1.0177192114662994,4.363977719034956,0.20803627164439664,17.2482019936141,2.25956454173171,19.50776653534583,19.1240234375,2.529541015625,21.653564453125
14,2026092314,frozen_contract,-5.927538263177488,9.622219630564908,7.2604672305476345,0.8625778561314723,2.703208007028852,0.0,18.07013677512682,1.4376297602190997,19.50776653534583,20.0576171875,1.595947265625,21.653564453125
14,2026092314,capacity_matched_gate,-5.927538263177488,9.622219630564908,7.2604672305476345,0.8625778561314723,2.703208007028852,0.0,18.07013677512682,1.4376297602190997,19.50776653534583,20.0576171875,1.595947265625,21.653564453125
14,2026092314,physical_oracle,-11.840582224827918,8.511565583006682,14.520934461095269,6.8871190748013955,10.812832028115407,0.14999999999998842,13.768500639678074,5.73926589566785,19.50776653534583,15.28515625,6.368408203125,21.653564453125
15,2026092315,joint_contract,-5.058323149296322,9.378290847326001,9.823137224656085,1.0163946852451005,4.2764577539798525,0.21031708740153363,17.111314471039147,2.3335969968967314,19.44491146793595,18.966064453125,2.61474609375,21.580810546875
15,2026092315,expanded_action_mdp,-5.058323149296322,9.378290847326001,9.823137224656085,1.0163946852451005,4.2764577539798525,0.21031708740153363,17.111314471039147,2.3335969968967314,19.44491146793595,18.966064453125,2.61474609375,21.580810546875
15,2026092315,frozen_contract,-5.995592014169543,9.59445224240153,7.181777989009173,0.8797097537484486,2.703208007028852,0.0,17.97872854502187,1.466182922914064,19.44491146793595,19.952880859375,1.6279296875,21.580810546875
15,2026092315,capacity_matched_gate,-5.995592014169543,9.59445224240153,7.181777989009173,0.8797097537484486,2.703208007028852,0.0,17.97872854502187,1.466182922914064,19.44491146793595,19.952880859375,1.6279296875,21.580810546875
15,2026092315,physical_oracle,-12.091144152662133,8.528026275295687,14.363555978018345,6.963841827269683,10.812832028115407,0.14999999999998842,13.64170994521121,5.8032015227247244,19.44491146793595,15.1396484375,6.441162109375,21.580810546875
16,2026092316,joint_contract,-4.962219789637172,9.392963473429022,10.00691714941275,1.009210702275328,4.360996773192407,0.20596599015322575,17.25027774798153,2.2607183242566933,19.510996072238207,19.119140625,2.531005859375,21.650146484375
16,2026092316,expanded_action_mdp,-4.962219789637172,9.392963473429022,10.00691714941275,1.009210702275328,4.360996773192407,0.20596599015322575,17.25027774798153,2.2607183242566933,19.510996072238207,19.119140625,2.531005859375,21.650146484375
16,2026092316,frozen_contract,-5.912650436942717,9.606516492818887,7.255877214908938,0.8588031520040135,2.703208007028852,0.0,18.079657485564862,1.4313385866733457,19.510996072238207,20.06201171875,1.588134765625,21.650146484375
16,2026092316,capacity_matched_gate,-5.912650436942717,9.606516492818887,7.255877214908938,0.8588031520040135,2.703208007028852,0.0,18.079657485564862,1.4313385866733457,19.510996072238207,20.06201171875,1.588134765625,21.650146484375
16,2026092316,physical_oracle,-11.888532864066367,8.527506911567832,14.511754429817875,6.909948354201336,10.812832028115407,0.14999999999998842,13.75270577707052,5.758290295167787,19.510996072238207,15.2626953125,6.387451171875,21.650146484375
17,2026092317,joint_contract,-5.006624736154068,9.36778759362975,9.855241003235482,0.9934279098873336,4.293447938158347,0.20720229771420873,17.143482538955006,2.3099861026118895,19.45346864156693,18.999267578125,2.58935546875,21.588623046875
17,2026092317,expanded_action_mdp,-5.006624736154068,9.36778759362975,9.855241003235482,0.9934279098873336,4.293447938158347,0.20720229771420873,17.143482538955006,2.3099861026118895,19.45346864156693,18.999267578125,2.58935546875,21.588623046875
17,2026092317,frozen_contract,-5.953029081705506,9.576235026690004,7.192949493825188,0.8665355418119174,2.703208007028852,0.0,18.00924273854706,1.4442259030198465,19.45346864156693,19.984375,1.604248046875,21.588623046875
17,2026092317,capacity_matched_gate,-5.953029081705506,9.576235026690004,7.192949493825188,0.8665355418119174,2.703208007028852,0.0,18.00924273854706,1.4442259030198465,19.45346864156693,19.984375,1.604248046875,21.588623046875
17,2026092317,physical_oracle,-11.999693689783093,8.497287726082956,14.385898987650377,6.925472923235393,10.812832028115407,0.14999999999998842,13.682241205537453,5.771227436029513,19.45346864156693,15.181884765625,6.40673828125,21.588623046875
18,2026092318,joint_contract,-5.057199519367469,9.376944540861148,9.84611568765136,1.0288383721712,4.28753691082901,0.20999538315754251,17.19143966563829,2.3235006009668613,19.514940266605265,19.056396484375,2.59912109375,21.655517578125
18,2026092318,expanded_action_mdp,-5.057199519367469,9.376944540861148,9.84611568765136,1.0288383721712,4.28753691082901,0.20999538315754251,17.19143966563829,2.3235006009668613,19.514940266605265,19.056396484375,2.59912109375,21.655517578125
18,2026092318,frozen_contract,-5.956827134014066,9.572748334032084,7.198357470325276,0.879228263278519,2.703208007028852,0.0,18.049559827807748,1.4653804387975102,19.514940266605265,20.030517578125,1.625,21.655517578125
18,2026092318,capacity_matched_gate,-5.956827134014066,9.572748334032084,7.198357470325276,0.879228263278519,2.703208007028852,0.0,18.049559827807748,1.4653804387975102,19.514940266605265,20.030517578125,1.625,21.655517578125
18,2026092318,physical_oracle,-12.099172379229524,8.538900978410396,14.396714940650552,6.994154313354571,10.812832028115407,0.14999999999998842,13.686478338809867,5.828461927795476,19.514940266605265,15.189697265625,6.4658203125,21.655517578125
19,2026092319,joint_contract,-4.998252831628164,9.394227692387352,9.926531267644929,0.9992861367415434,4.3228912882006245,0.20837898194362356,17.150843203151684,2.325020211830479,19.475863414982257,19.010986328125,2.60400390625,21.614990234375
19,2026092319,expanded_action_mdp,-4.998252831628164,9.394227692387352,9.926531267644929,0.9992861367415434,4.3228912882006245,0.20837898194362356,17.150843203151684,2.325020211830479,19.475863414982257,19.010986328125,2.60400390625,21.614990234375
19,2026092319,frozen_contract,-5.948323558256191,9.592052844090766,7.214323974003802,0.8673866811405067,2.703208007028852,0.0,18.030218946414735,1.4456444685674938,19.475863414982257,20.010498046875,1.6044921875,21.614990234375
19,2026092319,capacity_matched_gate,-5.948323558256191,9.592052844090766,7.214323974003802,0.8673866811405067,2.703208007028852,0.0,18.030218946414735,1.4456444685674938,19.475863414982257,20.010498046875,1.6044921875,21.614990234375
19,2026092319,physical_oracle,-11.979499096176646,8.515674048939267,14.428647948007605,6.929640967129946,10.812832028115407,0.14999999999998842,13.701162609040718,5.774700805941613,19.475863414982257,15.206298828125,6.40869140625,21.614990234375
20,2026092320,joint_contract,-5.022270646334386,9.317590536207394,9.714658360974168,0.9765297609274922,4.231206695985917,0.21160201418781727,17.011405647492285,2.308709079352465,19.32011472684479,18.847412109375,2.587158203125,21.4345703125
20,2026092320,expanded_action_mdp,-5.022270646334386,9.317590536207394,9.714658360974168,0.9765297609274922,4.231206695985917,0.21160201418781727,17.011405647492285,2.308709079352465,19.32011472684479,18.847412109375,2.587158203125,21.4345703125
20,2026092320,frozen_contract,-5.97918965690677,9.551920332218089,7.1307705403607295,0.8548318580206412,2.703208007028852,0.0,17.89539496347708,1.4247197633677207,19.32011472684479,19.853759765625,1.580810546875,21.4345703125
20,2026092320,capacity_matched_gate,-5.97918965690677,9.551920332218089,7.1307705403607295,0.8548318580206412,2.703208007028852,0.0,17.89539496347708,1.4247197633677207,19.32011472684479,19.853759765625,1.580810546875,21.4345703125
20,2026092320,physical_oracle,-12.03513542251986,8.451955627459164,14.261541080721459,6.881888847667059,10.812832028115407,0.14999999999998842,13.585207353788974,5.734907373055904,19.32011472684479,15.071044921875,6.363525390625,21.4345703125
21,2026092321,joint_contract,-5.031076109819552,9.377401417810805,9.899577726632673,1.033942282934525,4.313269273393438,0.20604086231352942,17.215329615738277,2.3370229951461545,19.552352610884537,19.082763671875,2.615966796875,21.69873046875
21,2026092321,expanded_action_mdp,-5.031076109819552,9.377401417810805,9.899577726632673,1.033942282934525,4.313269273393438,0.20604086231352942,17.215329615738277,2.3370229951461545,19.552352610884537,19.082763671875,2.615966796875,21.69873046875
21,2026092321,frozen_contract,-5.965721615768639,9.586228237652739,7.2118569151393315,0.8881422862264824,2.703208007028852,0.0,18.072115467173745,1.4802371437107873,19.552352610884537,20.05615234375,1.642578125,21.69873046875
21,2026092321,capacity_matched_gate,-5.965721615768639,9.586228237652739,7.2118569151393315,0.8881422862264824,2.703208007028852,0.0,18.072115467173745,1.4802371437107873,19.552352610884537,20.05615234375,1.642578125,21.69873046875
21,2026092321,physical_oracle,-12.070935506037632,8.535775814132888,14.423713830278663,6.996041494068263,10.812832028115407,0.14999999999998842,13.722318032494366,5.830034578390255,19.552352610884537,15.22900390625,6.4697265625,21.69873046875
22,2026092322,joint_contract,-5.0036594542914,9.36871656367853,9.886894623591889,1.0057111300666068,4.30686652105787,0.2092598630803398,17.156754477734246,2.3050051043725137,19.461759582106872,19.017333984375,2.580322265625,21.59765625
22,2026092322,expanded_action_mdp,-5.0036594542914,9.36871656367853,9.886894623591889,1.0057111300666068,4.30686652105787,0.2092598630803398,17.156754477734246,2.3050051043725137,19.461759582106872,19.017333984375,2.580322265625,21.59765625
22,2026092322,frozen_contract,-5.954281319461262,9.58611369722277,7.202692594404474,0.8676522096141939,2.703208007028852,0.0,18.0156725660832,1.4460870160236416,19.461759582106872,19.993408203125,1.604248046875,21.59765625
22,2026092322,capacity_matched_gate,-5.954281319461262,9.58611369722277,7.202692594404474,0.8676522096141939,2.703208007028852,0.0,18.0156725660832,1.4460870160236416,19.461759582106872,19.993408203125,1.604248046875,21.59765625
22,2026092322,physical_oracle,-11.971067428152313,8.496323505488387,14.405385188808948,6.917297083357747,10.812832028115407,0.14999999999998842,13.69734534597543,5.764414236131458,19.461759582106872,15.19921875,6.3984375,21.59765625
23,2026092323,joint_contract,-4.967438203729712,9.370324093910414,9.931624710881032,0.9961158939516366,4.326299223076257,0.20632370367248984,17.22843180079279,2.2787722024694834,19.507204003262313,19.10546875,2.5498046875,21.6552734375
23,2026092323,expanded_action_mdp,-4.967438203729712,9.370324093910414,9.931624710881032,0.9961158939516366,4.326299223076257,0.20632370367248984,17.22843180079279,2.2787722024694834,19.507204003262313,19.10546875,2.5498046875,21.6552734375
23,2026092323,frozen_contract,-5.916707653264706,9.580260339563367,7.228663515877418,0.8619028225500107,2.703208007028852,0.0,18.07069929901229,1.4365047042500039,19.507204003262313,20.060546875,1.5947265625,21.6552734375
23,2026092323,capacity_matched_gate,-5.916707653264706,9.580260339563367,7.228663515877418,0.8619028225500107,2.703208007028852,0.0,18.07069929901229,1.4365047042500039,19.507204003262313,20.060546875,1.5947265625,21.6552734375
23,2026092323,physical_oracle,-11.961665839111086,8.521027487467965,14.457327031754836,6.935133355282823,10.812832028115407,0.14999999999998842,13.727926207193399,5.779277796069009,19.507204003262313,15.2421875,6.4130859375,21.6552734375
24,2026092324,joint_contract,-5.021321149493924,9.40692138580714,9.919706984622865,1.0044598119283419,4.324469408496047,0.2051775278852706,17.193221092911333,2.290801273691289,19.48402236660264,19.059814453125,2.564453125,21.624267578125
24,2026092324,expanded_action_mdp,-5.021321149493924,9.40692138580714,9.919706984622865,1.0044598119283419,4.324469408496047,0.2051775278852706,17.193221092911333,2.290801273691289,19.48402236660264,19.059814453125,2.564453125,21.624267578125
24,2026092324,frozen_contract,-5.963282330833192,9.613013822077159,7.225710261138735,0.872770762865977,2.703208007028852,0.0,18.0294044284927,1.454617938109946,19.48402236660264,20.009033203125,1.615234375,21.624267578125
24,2026092324,capacity_matched_gate,-5.963282330833192,9.613013822077159,7.225710261138735,0.872770762865977,2.703208007028852,0.0,18.0294044284927,1.454617938109946,19.48402236660264,20.009033203125,1.615234375,21.624267578125
24,2026092324,physical_oracle,-11.936514534334025,8.510134450900047,14.45142052227747,6.9149685775962855,10.812832028115407,0.14999999999998842,13.721548551939142,5.762473814663578,19.48402236660264,15.230224609375,6.39404296875,21.624267578125
25,2026092325,joint_contract,-5.01349339638352,9.351335243674002,9.825632950834816,1.0022243911855468,4.280061558049415,0.20550515430946176,17.129334117723335,2.3186426485667866,19.4479767662902,18.985107421875,2.592529296875,21.57763671875
25,2026092325,expanded_action_mdp,-5.01349339638352,9.351335243674002,9.825632950834816,1.0022243911855468,4.280061558049415,0.20550515430946176,17.129334117723335,2.3186426485667866,19.4479767662902,18.985107421875,2.592529296875,21.57763671875
25,2026092325,frozen_contract,-5.9523485981599435,9.5641527134667,7.181334564431896,0.8663224420963446,2.703208007028852,0.0,18.00410602946295,1.4438707368272228,19.4479767662902,19.97802734375,1.599609375,21.57763671875
25,2026092325,capacity_matched_gate,-5.9523485981599435,9.5641527134667,7.181334564431896,0.8663224420963446,2.703208007028852,0.0,18.00410602946295,1.4438707368272228,19.4479767662902,19.97802734375,1.599609375,21.57763671875
25,2026092325,physical_oracle,-12.012575157477379,8.486307515697463,14.362669128863793,6.92610474252856,10.812832028115407,0.14999999999998842,13.67622281418312,5.771753952107146,19.4479767662902,15.178466796875,6.399169921875,21.57763671875
26,2026092326,joint_contract,-4.989547530523675,9.377382270366285,9.904616747708275,0.9931860948169666,4.313932826495158,0.2096630865535953,17.18025364623594,2.2771665582501566,19.45742020448619,19.046142578125,2.5498046875,21.595947265625
26,2026092326,expanded_action_mdp,-4.989547530523675,9.377382270366285,9.904616747708275,0.9931860948169666,4.313932826495158,0.2096630865535953,17.18025364623594,2.2771665582501566,19.45742020448619,19.046142578125,2.5498046875,21.595947265625
26,2026092326,frozen_contract,-5.9282914242640965,9.585600584792711,7.217521678885143,0.8570045113277974,2.703208007028852,0.0,18.029079352273197,1.4283408522129821,19.45742020448619,20.01123046875,1.584716796875,21.595947265625
26,2026092326,capacity_matched_gate,-5.9282914242640965,9.585600584792711,7.217521678885143,0.8570045113277974,2.703208007028852,0.0,18.029079352273197,1.4283408522129821,19.45742020448619,20.01123046875,1.584716796875,21.595947265625
26,2026092326,physical_oracle,-11.904041374076805,8.487871935858717,14.435043357770287,6.888380767873288,10.812832028115407,0.14999999999998842,13.717102897925137,5.740317306561094,19.45742020448619,15.22412109375,6.371826171875,21.595947265625
27,2026092327,joint_contract,-5.00139024544683,9.426555406795622,10.049587806014472,1.039858439575212,4.376865571663584,0.20769863342691736,17.295116505721882,2.3029192714334537,19.5980357771554,19.17333984375,2.577880859375,21.751220703125
27,2026092327,expanded_action_mdp,-5.00139024544683,9.426555406795622,10.049587806014472,1.039858439575212,4.376865571663584,0.20769863342691736,17.295116505721882,2.3029192714334537,19.5980357771554,19.17333984375,2.577880859375,21.751220703125
27,2026092327,frozen_contract,-5.948010387630414,9.632903300345669,7.273661642141843,0.8855607223978289,2.703208007028852,0.0,18.122101239825692,1.4759345373296966,19.5980357771554,20.11376953125,1.637451171875,21.751220703125
27,2026092327,capacity_matched_gate,-5.948010387630414,9.632903300345669,7.273661642141843,0.8855607223978289,2.703208007028852,0.0,18.122101239825692,1.4759345373296966,19.5980357771554,20.11376953125,1.637451171875,21.751220703125
27,2026092327,physical_oracle,-11.969920307215043,8.572798999349727,14.547323284283687,6.98161256403389,10.812832028115407,0.14999999999998842,13.780025307127204,5.818010470028242,19.5980357771554,15.295654296875,6.45556640625,21.751220703125
28,2026092328,joint_contract,-4.95945166598105,9.394840280325328,9.990517071981209,0.9954523248920171,4.34989279848578,0.20978333425919862,17.18951787149872,2.3081938361922925,19.49771170769109,19.0546875,2.585205078125,21.639892578125
28,2026092328,expanded_action_mdp,-4.95945166598105,9.394840280325328,9.990517071981209,0.9954523248920171,4.34989279848578,0.20978333425919862,17.18951787149872,2.3081938361922925,19.49771170769109,19.0546875,2.585205078125,21.639892578125
28,2026092328,frozen_contract,-5.9286847121751425,9.599298230942404,7.2369900772239095,0.8631685514278935,2.703208007028852,0.0,18.059097455311253,1.438614252379804,19.49771170769109,20.042724609375,1.59716796875,21.639892578125
28,2026092328,capacity_matched_gate,-5.9286847121751425,9.599298230942404,7.2369900772239095,0.8631685514278935,2.703208007028852,0.0,18.059097455311253,1.438614252379804,19.49771170769109,20.042724609375,1.59716796875,21.639892578125
28,2026092328,physical_oracle,-11.919032428909835,8.515805360151633,14.473980154447819,6.914375195091002,10.812832028115407,0.14999999999998842,13.735732378448658,5.761979329242501,19.49771170769109,15.245361328125,6.39453125,21.639892578125
29,2026092329,joint_contract,-4.911474432363783,9.412915154173053,10.114153650528,1.0042118526218178,4.407281698989276,0.20121937710770216,17.33310199914204,2.2592116339226247,19.59231363306467,19.218994140625,2.5322265625,21.751220703125
29,2026092329,expanded_action_mdp,-4.911474432363783,9.412915154173053,10.114153650528,1.0042118526218178,4.407281698989276,0.20121937710770216,17.33310199914204,2.2592116339226247,19.59231363306467,19.218994140625,2.5322265625,21.751220703125
29,2026092329,frozen_contract,-5.866993643008237,9.604442934056575,7.29669450213416,0.8560372040570937,2.703208007028852,0.0,18.165584959636178,1.4267286734284699,19.59231363306467,20.166259765625,1.5849609375,21.751220703125
29,2026092329,capacity_matched_gate,-5.866993643008237,9.604442934056575,7.29669450213416,0.8560372040570937,2.703208007028852,0.0,18.165584959636178,1.4267286734284699,19.59231363306467,20.166259765625,1.5849609375,21.751220703125
29,2026092329,physical_oracle,-11.823098011097896,8.537578850835125,14.59338900426832,6.916076136416012,10.812832028115407,0.14999999999998842,13.828916852718082,5.763396780346641,19.59231363306467,15.35107421875,6.400146484375,21.751220703125
30,2026092330,joint_contract,-4.971806975847894,9.361080289574296,9.909067771128889,0.9976452508327661,4.3183409871933165,0.20380821937644217,17.167840271494814,2.270677266246696,19.438517537741532,19.029052734375,2.542724609375,21.57177734375
30,2026092330,expanded_action_mdp,-4.971806975847894,9.361080289574296,9.909067771128889,0.9976452508327661,4.3183409871933165,0.20380821937644217,17.167840271494814,2.270677266246696,19.438517537741532,19.029052734375,2.542724609375,21.57177734375
30,2026092330,frozen_contract,-5.933125300265085,9.586597294452575,7.212078304672454,0.8553983034562139,2.703208007028852,0.0,18.012853698647895,1.4256638390936733,19.438517537741532,19.990234375,1.58154296875,21.57177734375
30,2026092330,capacity_matched_gate,-5.933125300265085,9.586597294452575,7.212078304672454,0.8553983034562139,2.703208007028852,0.0,18.012853698647895,1.4256638390936733,19.438517537741532,19.990234375,1.58154296875,21.57177734375
30,2026092330,physical_oracle,-11.899185557033727,8.481967186648603,14.424156609344909,6.878542951614947,10.812832028115407,0.14999999999998842,13.706398411395833,5.7321191263458005,19.438517537741532,15.210205078125,6.361572265625,21.57177734375
31,2026092331,joint_contract,-4.961565763683537,9.373765706863592,9.911956960884723,0.9752832120249438,4.318316172804162,0.20615763287558192,17.16994501752544,2.2806982758987524,19.45064329342429,19.0322265625,2.555419921875,21.587646484375
31,2026092331,expanded_action_mdp,-4.961565763683537,9.373765706863592,9.911956960884723,0.9752832120249438,4.318316172804162,0.20615763287558192,17.16994501752544,2.2806982758987524,19.45064329342429,19.0322265625,2.555419921875,21.587646484375
31,2026092331,frozen_contract,-5.914973272603133,9.576209998941358,7.215956161173643,0.8515114278066931,2.703208007028852,0.0,18.031457580413104,1.4191857130111347,19.45064329342429,20.012451171875,1.5751953125,21.587646484375
31,2026092331,capacity_matched_gate,-5.914973272603133,9.576209998941358,7.215956161173643,0.8515114278066931,2.703208007028852,0.0,18.031457580413104,1.4191857130111347,19.45064329342429,20.012451171875,1.5751953125,21.587646484375
31,2026092331,physical_oracle,-11.878055984557486,8.474022333655938,14.431912322347285,6.873113945133754,10.812832028115407,0.14999999999998842,13.723048339146155,5.727594954278116,19.45064329342429,15.23046875,6.357177734375,21.587646484375
32,2026092332,joint_contract,-5.031965045957009,9.347081467419695,9.782237100468883,0.9980076198948239,4.262512143476313,0.20660091563507355,17.151212983572005,2.288002150814245,19.4392151343863,19.01513671875,2.563232421875,21.578369140625
32,2026092332,expanded_action_mdp,-5.031965045957009,9.347081467419695,9.782237100468883,0.9980076198948239,4.262512143476313,0.20660091563507355,17.151212983572005,2.288002150814245,19.4392151343863,19.01513671875,2.563232421875,21.578369140625
32,2026092332,frozen_contract,-5.954782866039609,9.563493998819808,7.177666047751829,0.8657469079428893,2.703208007028852,0.0,17.99630362114816,1.4429115132381345,19.4392151343863,19.976318359375,1.60205078125,21.578369140625
32,2026092332,capacity_matched_gate,-5.954782866039609,9.563493998819808,7.177666047751829,0.8657469079428893,2.703208007028852,0.0,17.99630362114816,1.4429115132381345,19.4392151343863,19.976318359375,1.60205078125,21.578369140625
32,2026092332,physical_oracle,-12.020383232012009,8.486812486830354,14.355332095503657,6.926070812570241,10.812832028115407,0.14999999999998842,13.667489457244502,5.771725677141899,19.4392151343863,15.16943359375,6.408935546875,21.578369140625
33,2026092333,joint_contract,-5.115003109867648,9.387498757882913,9.724105732850061,1.0061930742834633,4.2358515285725575,0.20956548197882902,17.000060130944103,2.3499984578934896,19.35005858883767,18.834716796875,2.6328125,21.467529296875
33,2026092333,expanded_action_mdp,-5.115003109867648,9.387498757882913,9.724105732850061,1.0061930742834633,4.2358515285725575,0.20956548197882902,17.000060130944103,2.3499984578934896,19.35005858883767,18.834716796875,2.6328125,21.467529296875
33,2026092333,frozen_contract,-6.038188037876199,9.596465761825705,7.140387926378987,0.8789021954006945,2.703208007028852,0.0,17.88522159650318,1.4648369923344755,19.35005858883767,19.841796875,1.625732421875,21.467529296875
33,2026092333,capacity_matched_gate,-6.038188037876199,9.596465761825705,7.140387926378987,0.8789021954006945,2.703208007028852,0.0,17.88522159650318,1.4648369923344755,19.35005858883767,19.841796875,1.625732421875,21.467529296875
33,2026092333,physical_oracle,-12.06961188120662,8.47661591745227,14.280775852757975,6.910939788397208,10.812832028115407,0.14999999999998842,13.590942098506696,5.7591164903309995,19.35005858883767,15.078125,6.389404296875,21.467529296875
34,2026092334,joint_contract,-4.978310363192314,9.386573956424021,9.946324351838753,0.9982690517153296,4.332238686097375,0.20755302079437551,17.225440977803757,2.2735401521823624,19.498981129986156,19.093994140625,2.547607421875,21.6416015625
34,2026092334,expanded_action_mdp,-4.978310363192314,9.386573956424021,9.946324351838753,0.9982690517153296,4.332238686097375,0.20755302079437551,17.225440977803757,2.2735401521823624,19.498981129986156,19.093994140625,2.547607421875,21.6416015625
34,2026092334,frozen_contract,-5.9243253133329805,9.594775987525539,7.235773160743623,0.8621144795223217,2.703208007028852,0.0,18.062123664115596,1.4368574658705222,19.498981129986156,20.044677734375,1.596923828125,21.6416015625
34,2026092334,capacity_matched_gate,-5.9243253133329805,9.594775987525539,7.235773160743623,0.8621144795223217,2.703208007028852,0.0,18.062123664115596,1.4368574658705222,19.498981129986156,20.044677734375,1.596923828125,21.6416015625
34,2026092334,physical_oracle,-11.950804641163517,8.529634528225099,14.471546321487246,6.929884406310575,10.812832028115407,0.14999999999998842,13.724077458060721,5.77490367192547,19.498981129986156,15.23193359375,6.40966796875,21.6416015625
35,2026092335,joint_contract,-4.94572827267792,9.349124146614962,9.892860935438877,0.9750041974019358,4.3077116011820085,0.20674926291800028,17.149940168199294,2.2648786721156435,19.414818840314926,19.01904296875,2.533935546875,21.552978515625
35,2026092335,expanded_action_mdp,-4.94572827267792,9.349124146614962,9.892860935438877,0.9750041974019358,4.3077116011820085,0.20674926291800028,17.149940168199294,2.2648786721156435,19.414818840314926,19.01904296875,2.533935546875,21.552978515625
35,2026092335,frozen_contract,-5.915527224458035,9.572893311075957,7.206198153511229,0.8456240598646295,2.703208007028852,0.0,18.005445407207272,1.4093734331076941,19.414818840314926,19.9892578125,1.563720703125,21.552978515625
35,2026092335,capacity_matched_gate,-5.915527224458035,9.572893311075957,7.206198153511229,0.8456240598646295,2.703208007028852,0.0,18.005445407207272,1.4093734331076941,19.414818840314926,19.9892578125,1.563720703125,21.552978515625
35,2026092335,physical_oracle,-11.879628463728741,8.469250486400753,14.412396307022458,6.859942256235451,10.812832028115407,0.14999999999998842,13.698200293452114,5.716618546862853,19.414818840314926,15.20849609375,6.344482421875,21.552978515625
36,2026092336,joint_contract,-4.971536277981977,9.362726497214647,9.927916613128529,1.0076981307744295,4.325436893629336,0.20359136949214313,17.187887378770412,2.28521675845845,19.47310413722896,19.052734375,2.559814453125,21.612548828125
36,2026092336,expanded_action_mdp,-4.971536277981977,9.362726497214647,9.927916613128529,1.0076981307744295,4.325436893629336,0.20359136949214313,17.187887378770412,2.28521675845845,19.47310413722896,19.052734375,2.559814453125,21.612548828125
36,2026092336,frozen_contract,-5.9376333945677455,9.588996627014216,7.2176460617207345,0.8630748222455085,2.703208007028852,0.0,18.034646100153065,1.4384580370758335,19.47310413722896,20.015869140625,1.5966796875,21.612548828125
36,2026092336,capacity_matched_gate,-5.9376333945677455,9.588996627014216,7.2176460617207345,0.8630748222455085,2.703208007028852,0.0,18.034646100153065,1.4384580370758335,19.47310413722896,20.015869140625,1.5966796875,21.612548828125
36,2026092336,physical_oracle,-11.928718605038007,8.49605845388407,14.435292123441469,6.9051202464804025,10.812832028115407,0.14999999999998842,13.718837265162,5.754266872067002,19.47310413722896,15.22607421875,6.386474609375,21.612548828125
37,2026092337,joint_contract,-4.970781775429684,9.38492277799043,9.948626648511953,0.9913151428963531,4.335057116731859,0.20811338632310378,17.17554558458156,2.2523282922468892,19.42787387682853,19.035400390625,2.5224609375,21.557861328125
37,2026092337,expanded_action_mdp,-4.970781775429684,9.38492277799043,9.948626648511953,0.9913151428963531,4.335057116731859,0.20811338632310378,17.17554558458156,2.2523282922468892,19.42787387682853,19.035400390625,2.5224609375,21.557861328125
37,2026092337,frozen_contract,-5.924194676750266,9.602159411041256,7.229947586656738,0.8487748453369603,2.703208007028852,0.0,18.013249134600244,1.4146247422282487,19.42787387682853,19.98828125,1.569580078125,21.557861328125
37,2026092337,capacity_matched_gate,-5.924194676750266,9.602159411041256,7.229947586656738,0.8487748453369603,2.703208007028852,0.0,18.013249134600244,1.4146247422282487,19.42787387682853,19.98828125,1.569580078125,21.557861328125
37,2026092337,physical_oracle,-11.842693292063885,8.485759455608965,14.459895173313477,6.8539969816532595,10.812832028115407,0.14999999999998842,13.716209725450764,5.711664151377707,19.42787387682853,15.220703125,6.337158203125,21.557861328125
38,2026092338,joint_contract,-5.050991406319217,9.433639729010627,9.916779705339092,1.0076131908356363,4.322036361113046,0.20448183069908235,17.13255998680048,2.3031125306200866,19.435672517420752,18.990478515625,2.581298828125,21.57177734375
38,2026092338,expanded_action_mdp,-5.050991406319217,9.433639729010627,9.916779705339092,1.0076131908356363,4.322036361113046,0.20448183069908235,17.13255998680048,2.3031125306200866,19.435672517420752,18.990478515625,2.581298828125,21.57177734375
38,2026092338,frozen_contract,-5.976354607587113,9.625844883575887,7.220758897525447,0.8680606145079764,2.703208007028852,0.0,17.988904826574043,1.4467676908466094,19.435672517420752,19.964111328125,1.607666015625,21.57177734375
38,2026092338,capacity_matched_gate,-5.976354607587113,9.625844883575887,7.220758897525447,0.8680606145079764,2.703208007028852,0.0,17.988904826574043,1.4467676908466094,19.435672517420752,19.964111328125,1.607666015625,21.57177734375
38,2026092338,physical_oracle,-11.945589346948848,8.520802920870999,14.441517795050894,6.903472193013651,10.812832028115407,0.14999999999998842,13.682779023242661,5.752893494178037,19.435672517420752,15.183837890625,6.387939453125,21.57177734375
39,2026092339,joint_contract,-5.038472065202769,9.349416873184305,9.74442160598035,0.9813372574454478,4.244844540252435,0.2072950003009662,17.032371701481555,2.2898956576264995,19.322267359108118,18.876708984375,2.566162109375,21.44287109375
39,2026092339,expanded_action_mdp,-5.038472065202769,9.349416873184305,9.74442160598035,0.9813372574454478,4.244844540252435,0.2072950003009662,17.032371701481555,2.2898956576264995,19.322267359108118,18.876708984375,2.566162109375,21.44287109375
39,2026092339,frozen_contract,-5.979511991227313,9.573176736034817,7.150408323924319,0.8535355720880862,2.703208007028852,0.0,17.899708072294576,1.4225592868134627,19.322267359108118,19.86328125,1.57958984375,21.44287109375
39,2026092339,capacity_matched_gate,-5.979511991227313,9.573176736034817,7.150408323924319,0.8535355720880862,2.703208007028852,0.0,17.899708072294576,1.4225592868134627,19.322267359108118,19.86328125,1.57958984375,21.44287109375
39,2026092339,physical_oracle,-11.954015128734998,8.44234031769969,14.300816647848638,6.84965943076884,10.812832028115407,0.14999999999998842,13.614217833467428,5.70804952564069,19.322267359108118,15.107421875,6.33544921875,21.44287109375
40,2026092340,joint_contract,-5.000869003407258,9.365058667043275,9.84831995260709,0.9853924051152236,4.2924716145297985,0.20626626932612682,17.088659828135164,2.2730409636736537,19.361700791808936,18.9345703125,2.547119140625,21.481689453125
40,2026092340,expanded_action_mdp,-5.000869003407258,9.365058667043275,9.84831995260709,0.9853924051152236,4.2924716145297985,0.20626626932612682,17.088659828135164,2.2730409636736537,19.361700791808936,18.9345703125,2.547119140625,21.481689453125
40,2026092340,frozen_contract,-5.978649820709874,9.605603857840459,7.187641360660529,0.8574793165011794,2.703208007028852,0.0,17.932568597640245,1.429132194168616,19.361700791808936,19.895263671875,1.58642578125,21.481689453125
40,2026092340,capacity_matched_gate,-5.978649820709874,9.605603857840459,7.187641360660529,0.8574793165011794,2.703208007028852,0.0,17.932568597640245,1.429132194168616,19.361700791808936,19.895263671875,1.58642578125,21.481689453125
40,2026092340,physical_oracle,-11.964699692133376,8.497642963096654,14.375282721321058,6.879507422242634,10.812832028115407,0.14999999999998842,13.628777939940155,5.732922851868865,19.361700791808936,15.120849609375,6.36083984375,21.481689453125
41,2026092341,joint_contract,-4.973544507702169,9.408794207555792,9.997660137229259,0.997725837786508,4.355542462393614,0.2091421371955611,17.233841041512314,2.253964506878583,19.487805548390963,19.102294921875,2.52392578125,21.626220703125
41,2026092341,expanded_action_mdp,-4.973544507702169,9.408794207555792,9.997660137229259,0.997725837786508,4.355542462393614,0.2091421371955611,17.233841041512314,2.253964506878583,19.487805548390963,19.102294921875,2.52392578125,21.626220703125
41,2026092341,frozen_contract,-5.91192288639708,9.611311308086382,7.256585257657586,0.853988828939508,2.703208007028852,0.0,18.064490833491753,1.4233147148991585,19.487805548390963,20.04736328125,1.578857421875,21.626220703125
41,2026092341,capacity_matched_gate,-5.91192288639708,9.611311308086382,7.256585257657586,0.853988828939508,2.703208007028852,0.0,18.064490833491753,1.4233147148991585,19.487805548390963,20.04736328125,1.578857421875,21.626220703125
41,2026092341,physical_oracle,-11.821839221567139,8.501463091049418,14.513170515315172,6.870714617717838,10.812832028115407,0.14999999999998842,13.762210033626134,5.725595514764882,19.487805548390963,15.273193359375,6.35302734375,21.626220703125
42,2026092342,joint_contract,-4.927069213800842,9.357601847354664,9.974523343856735,0.9892266215334501,4.346566595360111,0.2081974934093945,17.242940951252894,2.2311336261193206,19.474074577372242,19.10986328125,2.4990234375,21.60888671875
42,2026092342,expanded_action_mdp,-4.927069213800842,9.357601847354664,9.974523343856735,0.9892266215334501,4.346566595360111,0.2081974934093945,17.242940951252894,2.2311336261193206,19.474074577372242,19.10986328125,2.4990234375,21.60888671875
42,2026092342,frozen_contract,-5.892142360905996,9.584227418690848,7.241584634576838,0.8462915697632435,2.703208007028852,0.0,18.063588627766865,1.4104859496053859,19.474074577372242,20.043212890625,1.565673828125,21.60888671875
42,2026092342,capacity_matched_gate,-5.892142360905996,9.584227418690848,7.241584634576838,0.8462915697632435,2.703208007028852,0.0,18.063588627766865,1.4104859496053859,19.474074577372242,20.043212890625,1.565673828125,21.60888671875
42,2026092342,physical_oracle,-11.82591348609493,8.482823806814208,14.483169269153676,6.863426920319288,10.812832028115407,0.14999999999998842,13.754552143772948,5.719522433599384,19.474074577372242,15.262451171875,6.346435546875,21.60888671875
43,2026092343,joint_contract,-4.991291874561431,9.393856366087771,9.929808927877957,0.9939434314398453,4.324225423435843,0.20907558147599656,17.165528563804003,2.267865731692043,19.433394295496083,19.0361328125,2.540283203125,21.576416015625
43,2026092343,expanded_action_mdp,-4.991291874561431,9.393856366087771,9.929808927877957,0.9939434314398453,4.324225423435843,0.20907558147599656,17.165528563804003,2.267865731692043,19.433394295496083,19.0361328125,2.540283203125,21.576416015625
43,2026092343,frozen_contract,-5.9313526435563295,9.602546812139085,7.22685897108825,0.8524567954767255,2.703208007028852,0.0,18.01263296970157,1.4207613257945197,19.433394295496083,19.997802734375,1.57861328125,21.576416015625
43,2026092343,capacity_matched_gate,-5.9313526435563295,9.602546812139085,7.22685897108825,0.8524567954767255,2.703208007028852,0.0,18.01263296970157,1.4207613257945197,19.433394295496083,19.997802734375,1.57861328125,21.576416015625
43,2026092343,physical_oracle,-11.848074412521946,8.481785932188302,14.4537179421765,6.857174394395026,10.812832028115407,0.14999999999998842,13.719082300166942,5.714311995329191,19.433394295496083,15.23095703125,6.345458984375,21.576416015625
44,2026092344,joint_contract,-5.02461133368744,9.356149787254811,9.80936188742892,0.9979148884485094,4.272182116578425,0.2077264288346641,17.122043184829792,2.3425223901754375,19.464565575005352,18.978515625,2.62158203125,21.60009765625
44,2026092344,expanded_action_mdp,-5.02461133368744,9.356149787254811,9.80936188742892,0.9979148884485094,4.272182116578425,0.2077264288346641,17.122043184829792,2.3425223901754375,19.464565575005352,18.978515625,2.62158203125,21.60009765625
44,2026092344,frozen_contract,-5.962324170182855,9.55893826657412,7.173348024184682,0.8735259207646733,2.703208007028852,0.0,18.008689040397527,1.4558765346077742,19.464565575005352,19.98583984375,1.6142578125,21.60009765625
44,2026092344,capacity_matched_gate,-5.962324170182855,9.55893826657412,7.173348024184682,0.8735259207646733,2.703208007028852,0.0,18.008689040397527,1.4558765346077742,19.464565575005352,19.98583984375,1.6142578125,21.60009765625
44,2026092344,physical_oracle,-12.084461259462794,8.504930064236982,14.346696048369363,6.963395215480045,10.812832028115407,0.14999999999998842,13.661736228771938,5.8028293462333975,19.464565575005352,15.1630859375,6.43701171875,21.60009765625
45,2026092345,joint_contract,-5.0666596381107105,9.348308393693634,9.724542624964934,0.9968077116977294,4.236163814478627,0.20992234320570458,17.071594957592897,2.316492920863765,19.388087878456723,18.919677734375,2.593505859375,21.51318359375
45,2026092345,expanded_action_mdp,-5.0666596381107105,9.348308393693634,9.724542624964934,0.9968077116977294,4.236163814478627,0.20992234320570458,17.071594957592897,2.316492920863765,19.388087878456723,18.919677734375,2.593505859375,21.51318359375
45,2026092345,frozen_contract,-5.98439321654929,9.561852347695826,7.1487479817477535,0.8680808435724627,2.703208007028852,0.0,17.94128647250262,1.4468014059540883,19.388087878456723,19.908203125,1.60498046875,21.51318359375
45,2026092345,capacity_matched_gate,-5.98439321654929,9.561852347695826,7.1487479817477535,0.8680808435724627,2.703208007028852,0.0,17.94128647250262,1.4468014059540883,19.388087878456723,19.908203125,1.60498046875,21.51318359375
45,2026092345,physical_oracle,-12.073272212688671,8.481102789039674,14.297495963495507,6.926833359029398,10.812832028115407,0.14999999999998842,13.615726745932298,5.7723611325245106,19.388087878456723,15.109130859375,6.404052734375,21.51318359375
46,2026092346,joint_contract,-4.979234886839936,9.364809467973105,9.843704369112329,0.9627245818976213,4.288734054527812,0.2066711515538062,17.10049214515976,2.2726886101009467,19.373180755260815,18.950927734375,2.54833984375,21.499267578125
46,2026092346,expanded_action_mdp,-4.979234886839936,9.364809467973105,9.843704369112329,0.9627245818976213,4.288734054527812,0.2066711515538062,17.10049214515976,2.2726886101009467,19.373180755260815,18.950927734375,2.54833984375,21.499267578125
46,2026092346,frozen_contract,-5.941501017776291,9.580198180912735,7.189406591568933,0.8475014214036777,2.703208007028852,0.0,17.960678386254664,1.4125023690061156,19.373180755260815,19.930419921875,1.56884765625,21.499267578125
46,2026092346,capacity_matched_gate,-5.941501017776291,9.580198180912735,7.189406591568933,0.8475014214036777,2.703208007028852,0.0,17.960678386254664,1.4125023690061156,19.373180755260815,19.930419921875,1.56884765625,21.499267578125
46,2026092346,physical_oracle,-11.908925278588171,8.46872581443137,14.378813183137867,6.85618061917954,10.812832028115407,0.14999999999998842,13.659696905944491,5.7134838493163045,19.373180755260815,15.157470703125,6.341796875,21.499267578125
47,2026092347,joint_contract,-5.016330136472703,9.349761741053095,9.817428724515867,1.0007056852165677,4.278374295193342,0.20491713952560414,17.134555590819556,2.2842952772111143,19.41885086803075,18.990966796875,2.558837890625,21.5498046875
47,2026092347,expanded_action_mdp,-5.016330136472703,9.349761741053095,9.817428724515867,1.0007056852165677,4.278374295193342,0.20491713952560414,17.134555590819556,2.2842952772111143,19.41885086803075,18.990966796875,2.558837890625,21.5498046875
47,2026092347,frozen_contract,-5.947656237171679,9.566945976583625,7.181605493929952,0.8591077474892224,2.703208007028852,0.0,17.98700462221543,1.4318462458153534,19.41885086803075,19.9619140625,1.587890625,21.5498046875
47,2026092347,capacity_matched_gate,-5.947656237171679,9.566945976583625,7.181605493929952,0.8591077474892224,2.703208007028852,0.0,17.98700462221543,1.4318462458153534,19.41885086803075,19.9619140625,1.587890625,21.5498046875
47,2026092347,physical_oracle,-11.968537072915028,8.47284562602414,14.363210987859905,6.896070406635681,10.812832028115407,0.14999999999998842,13.672125529167749,5.746725338863079,19.41885086803075,15.171630859375,6.378173828125,21.5498046875
48,2026092348,joint_contract,-4.983856224118627,9.389981486513646,9.967650533587598,1.0130465922792298,4.342344931494561,0.20613374741886503,17.212506464188397,2.329123017171352,19.541629481359738,19.082763671875,2.607666015625,21.6904296875
48,2026092348,expanded_action_mdp,-4.983856224118627,9.389981486513646,9.967650533587598,1.0130465922792298,4.342344931494561,0.20613374741886503,17.212506464188397,2.329123017171352,19.541629481359738,19.082763671875,2.607666015625,21.6904296875
48,2026092348,frozen_contract,-5.941359526903372,9.593410476308165,7.231585253072628,0.8763262966391074,2.703208007028852,0.0,18.081085653627945,1.4605438277318255,19.541629481359738,20.06982421875,1.62060546875,21.6904296875
48,2026092348,capacity_matched_gate,-5.941359526903372,9.593410476308165,7.231585253072628,0.8763262966391074,2.703208007028852,0.0,18.081085653627945,1.4605438277318255,19.541629481359738,20.06982421875,1.62060546875,21.6904296875
48,2026092348,physical_oracle,-11.999250572539957,8.53490778895581,14.463170506145255,6.964681261614344,10.812832028115407,0.14999999999998842,13.737728430014547,5.80390105134525,19.541629481359738,15.248291015625,6.442138671875,21.6904296875
49,2026092349,joint_contract,-4.993683879602856,9.383665750818217,9.939185555893431,1.0130712942948479,4.329067689475104,0.20706470090814857,17.214404332326243,2.3038153894056,19.51821972173185,19.08642578125,2.581298828125,21.667724609375
49,2026092349,expanded_action_mdp,-4.993683879602856,9.383665750818217,9.939185555893431,1.0130712942948479,4.329067689475104,0.20706470090814857,17.214404332326243,2.3038153894056,19.51821972173185,19.08642578125,2.581298828125,21.667724609375
49,2026092349,frozen_contract,-5.941846327149048,9.59422161121372,7.227857486331654,0.8722741952382335,2.703208007028852,0.0,18.06442939633487,1.4537903253970355,19.51821972173185,20.05322265625,1.614501953125,21.667724609375
49,2026092349,capacity_matched_gate,-5.941846327149048,9.59422161121372,7.227857486331654,0.8722741952382335,2.703208007028852,0.0,18.06442939633487,1.4537903253970355,19.51821972173185,20.05322265625,1.614501953125,21.667724609375
49,2026092349,physical_oracle,-11.996599909959533,8.534283654388792,14.455714972663309,6.955199200118907,10.812832028115407,0.14999999999998842,13.72222038829947,5.795999333432412,19.51821972173185,15.23193359375,6.435791015625,21.667724609375
50,2026092350,joint_contract,-5.027224469526957,9.337636193635444,9.796665162502434,1.0104725751318375,4.265659976057208,0.21012088720500344,17.1428607634163,2.3395429947788515,19.482403758195204,19.005859375,2.61962890625,21.62548828125
50,2026092350,expanded_action_mdp,-5.027224469526957,9.337636193635444,9.796665162502434,1.0104725751318375,4.265659976057208,0.21012088720500344,17.1428607634163,2.3395429947788515,19.482403758195204,19.005859375,2.61962890625,21.62548828125
50,2026092350,frozen_contract,-5.960592557480209,9.549858242155288,7.169285657864061,0.8768119661602171,2.703208007028852,0.0,18.021050481261607,1.461353276933677,19.482403758195204,20.003173828125,1.622314453125,21.62548828125
50,2026092350,capacity_matched_gate,-5.960592557480209,9.549858242155288,7.169285657864061,0.8768119661602171,2.703208007028852,0.0,18.021050481261607,1.461353276933677,19.482403758195204,20.003173828125,1.622314453125,21.62548828125
50,2026092350,physical_oracle,-12.12852711664686,8.515466906231673,14.338571315728123,6.988799498028105,10.812832028115407,0.14999999999998842,13.658404176505124,5.823999581690106,19.482403758195204,15.16015625,6.46533203125,21.62548828125
51,2026092351,joint_contract,-4.982220221209631,9.33867095959241,9.844744832740082,0.9909133699639995,4.2884308081875036,0.20894991620586922,17.14239477270127,2.2820466560689936,19.42444142877029,18.9970703125,2.557861328125,21.554931640625
51,2026092351,expanded_action_mdp,-4.982220221209631,9.33867095959241,9.844744832740082,0.9909133699639995,4.2884308081875036,0.20894991620586922,17.14239477270127,2.2820466560689936,19.42444142877029,18.9970703125,2.557861328125,21.554931640625
51,2026092351,frozen_contract,-5.936492704392927,9.565437886715102,7.18812417669175,0.8559709873408518,2.703208007028852,0.0,17.997823116535553,1.4266183122347396,19.42444142877029,19.9697265625,1.585205078125,21.554931640625
51,2026092351,capacity_matched_gate,-5.936492704392927,9.565437886715102,7.18812417669175,0.8559709873408518,2.703208007028852,0.0,17.997823116535553,1.4266183122347396,19.42444142877029,19.9697265625,1.585205078125,21.554931640625
51,2026092351,physical_oracle,-11.9953759131535,8.495652748363428,14.3762483533835,6.913139490058464,10.812832028115407,0.14999999999998842,13.663491853721599,5.760949575048707,19.42444142877029,15.16064453125,6.394287109375,21.554931640625
52,2026092352,joint_contract,-5.041931257503032,9.380744394029286,9.836795539830455,1.0064134189223248,4.284869852223433,0.20669913215846028,17.091222950416533,2.308790517388759,19.400013467805376,18.94677734375,2.58544921875,21.5322265625
52,2026092352,expanded_action_mdp,-5.041931257503032,9.380744394029286,9.836795539830455,1.0064134189223248,4.284869852223433,0.20669913215846028,17.091222950416533,2.308790517388759,19.400013467805376,18.94677734375,2.58544921875,21.5322265625
52,2026092352,frozen_contract,-5.990300652135091,9.6025103057582,7.1844287577683,0.8690110971164235,2.703208007028852,0.0,17.95166163927804,1.4483518285273616,19.400013467805376,19.925048828125,1.607177734375,21.5322265625
52,2026092352,capacity_matched_gate,-5.990300652135091,9.6025103057582,7.1844287577683,0.8690110971164235,2.703208007028852,0.0,17.95166163927804,1.4483518285273616,19.400013467805376,19.925048828125,1.607177734375,21.5322265625
52,2026092352,physical_oracle,-11.975343600299436,8.486513030011047,14.3688575155366,6.89485605770993,10.812832028115407,0.14999999999998842,13.654300086380475,5.745713381424911,19.400013467805376,15.154541015625,6.377685546875,21.5322265625
53,2026092353,joint_contract,-4.999867922387421,9.373136978555792,9.919530180168712,1.0176920868002872,4.321189693797994,0.20737934340212155,17.2016292739603,2.3090287456061276,19.51065801956644,19.06396484375,2.588134765625,21.652099609375
53,2026092353,expanded_action_mdp,-4.999867922387421,9.373136978555792,9.919530180168712,1.0176920868002872,4.321189693797994,0.20737934340212155,17.2016292739603,2.3090287456061276,19.51065801956644,19.06396484375,2.588134765625,21.652099609375
53,2026092353,frozen_contract,-5.957765556037375,9.594634808978357,7.217044918757251,0.8769676587875328,2.703208007028852,0.0,18.049045254920618,1.4616127646458692,19.51065801956644,20.028564453125,1.62353515625,21.652099609375
53,2026092353,capacity_matched_gate,-5.957765556037375,9.594634808978357,7.217044918757251,0.8769676587875328,2.703208007028852,0.0,18.049045254920618,1.4616127646458692,19.51065801956644,20.028564453125,1.62353515625,21.652099609375
53,2026092353,physical_oracle,-12.021134935319642,8.53118142631068,14.434089837514502,6.961211318408438,10.812832028115407,0.14999999999998842,13.70964858755949,5.801009432007038,19.51065801956644,15.211669921875,6.4404296875,21.652099609375
54,2026092354,joint_contract,-5.036498610619729,9.365023929141099,9.824685732144765,1.0086809882126104,4.277588140826025,0.20989128458480638,17.102454210144558,2.3432788950855907,19.445733105230243,18.9599609375,2.625,21.5849609375
54,2026092354,expanded_action_mdp,-5.036498610619729,9.365023929141099,9.824685732144765,1.0086809882126104,4.277588140826025,0.20989128458480638,17.102454210144558,2.3432788950855907,19.445733105230243,18.9599609375,2.625,21.5849609375
54,2026092354,frozen_contract,-5.976022350878782,9.57515071168675,7.176361046042338,0.8740246782056407,2.703208007028852,0.0,17.98902530822085,1.4567077970093778,19.445733105230243,19.966552734375,1.618408203125,21.5849609375
54,2026092354,capacity_matched_gate,-5.976022350878782,9.57515071168675,7.176361046042338,0.8740246782056407,2.703208007028852,0.0,17.98902530822085,1.4567077970093778,19.445733105230243,19.966552734375,1.618408203125,21.5849609375
54,2026092354,physical_oracle,-12.068190845262148,8.50713519788033,14.352722092084676,6.950945711351433,10.812832028115407,0.14999999999998842,13.653278345770707,5.79245475945952,19.445733105230243,15.15283203125,6.43212890625,21.5849609375
55,2026092355,joint_contract,-4.972527618751447,9.354504836224963,9.87816291822863,0.9860393258145672,4.303447596203881,0.20669877873669384,17.177896090083216,2.285412099574933,19.463308189658175,19.0361328125,2.560302734375,21.596435546875
55,2026092355,expanded_action_mdp,-4.972527618751447,9.354504836224963,9.87816291822863,0.9860393258145672,4.303447596203881,0.20669877873669384,17.177896090083216,2.285412099574933,19.463308189658175,19.0361328125,2.560302734375,21.596435546875
55,2026092355,frozen_contract,-5.912005947420438,9.557635446849263,7.203047269602362,0.8542097631447411,2.703208007028852,0.0,18.039625251083645,1.4236829385745529,19.463308189658175,20.016357421875,1.580078125,21.596435546875
55,2026092355,capacity_matched_gate,-5.912005947420438,9.557635446849263,7.203047269602362,0.8542097631447411,2.703208007028852,0.0,18.039625251083645,1.4236829385745529,19.463308189658175,20.016357421875,1.580078125,21.596435546875
55,2026092355,physical_oracle,-12.000489389340487,8.511464874960017,14.406094539204725,6.932287025470116,10.812832028115407,0.14999999999998842,13.686402335099771,5.776905854558434,19.463308189658175,15.18505859375,6.411376953125,21.596435546875
56,2026092356,joint_contract,-4.984634593879962,9.372398403316062,9.923766774174831,1.0047003850249274,4.323154598461025,0.20814798125281125,17.201178048403595,2.2884849504356284,19.489662998839325,19.058837890625,2.5625,21.621337890625
56,2026092356,expanded_action_mdp,-4.984634593879962,9.372398403316062,9.923766774174831,1.0047003850249274,4.323154598461025,0.20814798125281125,17.201178048403595,2.2884849504356284,19.489662998839325,19.058837890625,2.5625,21.621337890625
56,2026092356,frozen_contract,-5.934112702078888,9.58668712304436,7.220658522082954,0.8648760940887741,2.703208007028852,0.0,18.04820284202467,1.4414601568146068,19.489662998839325,20.02197265625,1.599365234375,21.621337890625
56,2026092356,capacity_matched_gate,-5.934112702078888,9.58668712304436,7.220658522082954,0.8648760940887741,2.703208007028852,0.0,18.04820284202467,1.4414601568146068,19.489662998839325,20.02197265625,1.599365234375,21.621337890625
56,2026092356,physical_oracle,-11.984952206175269,8.524853787743272,14.441317044165908,6.938583434482867,10.812832028115407,0.14999999999998842,13.707510136770267,5.782152862069034,19.489662998839325,15.2080078125,6.413330078125,21.621337890625
57,2026092357,joint_contract,-5.031944499063158,9.373840560902472,9.830879366266958,0.9976963976645122,4.283810247208002,0.20747665955518213,17.09500320441647,2.303424743436547,19.398427947853097,18.949462890625,2.582275390625,21.53173828125
57,2026092357,expanded_action_mdp,-5.031944499063158,9.373840560902472,9.830879366266958,0.9976963976645122,4.283810247208002,0.20747665955518213,17.09500320441647,2.303424743436547,19.398427947853097,18.949462890625,2.582275390625,21.53173828125
57,2026092357,frozen_contract,-5.9620791387424585,9.58116767298533,7.182065198580812,0.8597686573091755,2.703208007028852,0.0,17.965480185671094,1.4329477621819393,19.398427947853097,19.939453125,1.59228515625,21.53173828125
57,2026092357,capacity_matched_gate,-5.9620791387424585,9.58116767298533,7.182065198580812,0.8597686573091755,2.703208007028852,0.0,17.965480185671094,1.4329477621819393,19.398427947853097,19.939453125,1.59228515625,21.53173828125
57,2026092357,physical_oracle,-11.98121956761536,8.486076704038329,14.364130397161624,6.896441232623538,10.812832028115407,0.14999999999998842,13.651393587333482,5.747034360519639,19.398427947853097,15.149658203125,6.382080078125,21.53173828125
58,2026092358,joint_contract,-5.051594887050738,9.365576403666484,9.833518120302385,1.0252606470890822,4.283785860674981,0.2104900959226654,17.161700789271862,2.3185298798725698,19.480230669144465,19.015380859375,2.5966796875,21.612060546875
58,2026092358,expanded_action_mdp,-5.051594887050738,9.365576403666484,9.833518120302385,1.0252606470890822,4.283785860674981,0.2104900959226654,17.161700789271862,2.3185298798725698,19.480230669144465,19.015380859375,2.5966796875,21.612060546875
58,2026092358,frozen_contract,-5.988044145438373,9.590698718675196,7.189300257997693,0.8834376777321106,2.703208007028852,0.0,18.00783453959097,1.4723961295535064,19.480230669144465,19.9794921875,1.632568359375,21.612060546875
58,2026092358,capacity_matched_gate,-5.988044145438373,9.590698718675196,7.189300257997693,0.8834376777321106,2.703208007028852,0.0,18.00783453959097,1.4723961295535064,19.480230669144465,19.9794921875,1.632568359375,21.612060546875
58,2026092358,physical_oracle,-12.076935299741457,8.522810180556785,14.378600515995386,6.969893607064914,10.812832028115407,0.14999999999998842,13.671985996590458,5.808244672554106,19.480230669144465,15.1689453125,6.443115234375,21.612060546875
59,2026092359,joint_contract,-5.014260188963648,9.400091523931408,9.939918837734638,1.016637558710923,4.330600024467887,0.20684991958816848,17.194627428190884,2.330030426812172,19.524657855003138,19.060546875,2.61083984375,21.67138671875
59,2026092359,expanded_action_mdp,-5.014260188963648,9.400091523931408,9.939918837734638,1.016637558710923,4.330600024467887,0.20684991958816848,17.194627428190884,2.330030426812172,19.524657855003138,19.060546875,2.61083984375,21.67138671875
59,2026092359,frozen_contract,-5.957501413005605,9.600252968842513,7.224843223143785,0.8788836602781098,2.703208007028852,0.0,18.059851754539622,1.4648061004634985,19.524657855003138,20.04443359375,1.626953125,21.67138671875
59,2026092359,capacity_matched_gate,-5.957501413005605,9.600252968842513,7.224843223143785,0.8788836602781098,2.703208007028852,0.0,18.059851754539622,1.4648061004634985,19.524657855003138,20.04443359375,1.626953125,21.67138671875
59,2026092359,physical_oracle,-12.032917973538082,8.545947282167775,14.44968644628757,6.973825109542797,10.812832028115407,0.14999999999998842,13.713136930384117,5.81152092461899,19.524657855003138,15.218994140625,6.452392578125,21.67138671875
60,2026092360,joint_contract,-5.004899022805958,9.394000727071937,9.942394725726649,1.016792768742372,4.332303903919776,0.20419634879860513,17.200555862861926,2.3121307039038026,19.512686566765755,19.071044921875,2.589111328125,21.66015625
60,2026092360,expanded_action_mdp,-5.004899022805958,9.394000727071937,9.942394725726649,1.016792768742372,4.332303903919776,0.20419634879860513,17.200555862861926,2.3121307039038026,19.512686566765755,19.071044921875,2.589111328125,21.66015625
60,2026092360,frozen_contract,-5.943582265029558,9.59656584493243,7.227944046026908,0.8717524590953282,2.703208007028852,0.0,18.05976580160691,1.4529207651588574,19.512686566765755,20.047119140625,1.613037109375,21.66015625
60,2026092360,capacity_matched_gate,-5.943582265029558,9.59656584493243,7.227944046026908,0.8717524590953282,2.703208007028852,0.0,18.05976580160691,1.4529207651588574,19.512686566765755,20.047119140625,1.613037109375,21.66015625
60,2026092360,physical_oracle,-11.987975098213257,8.53165214637861,14.455888092053817,6.949379015773341,10.812832028115407,0.14999999999998842,13.721537386954678,5.791149179811141,19.512686566765755,15.23046875,6.4296875,21.66015625
61,2026092361,joint_contract,-4.97251053220262,9.348510957450438,9.893456822951235,0.9980531406339513,4.311741252058223,0.20766200501129065,17.197710501661792,2.2845209600208025,19.482231461682574,19.06103515625,2.555908203125,21.616943359375
61,2026092361,expanded_action_mdp,-4.97251053220262,9.348510957450438,9.893456822951235,0.9980531406339513,4.311741252058223,0.20766200501129065,17.197710501661792,2.2845209600208025,19.482231461682574,19.06103515625,2.555908203125,21.616943359375
61,2026092361,frozen_contract,-5.925871994441798,9.568299859056804,7.207602949613102,0.8619670779693266,2.703208007028852,0.0,18.04561966506709,1.4366117966155247,19.482231461682574,20.02392578125,1.593017578125,21.616943359375
61,2026092361,capacity_matched_gate,-5.925871994441798,9.568299859056804,7.207602949613102,0.8619670779693266,2.703208007028852,0.0,18.04561966506709,1.4366117966155247,19.482231461682574,20.02392578125,1.593017578125,21.616943359375
61,2026092361,physical_oracle,-11.979295021889184,8.502607833449904,14.415205899226205,6.929061059550382,10.812832028115407,0.14999999999998842,13.708013912057378,5.77421754962534,19.482231461682574,15.212646484375,6.404296875,21.616943359375
62,2026092362,joint_contract,-5.051286376544712,9.369659045357578,9.796212191361978,1.0019391167075524,4.268572930694302,0.2073274751472903,17.099694034461233,2.3060975705098925,19.40579160497114,18.947998046875,2.5791015625,21.527099609375
62,2026092362,expanded_action_mdp,-5.051286376544712,9.369659045357578,9.796212191361978,1.0019391167075524,4.268572930694302,0.2073274751472903,17.099694034461233,2.3060975705098925,19.40579160497114,18.947998046875,2.5791015625,21.527099609375
62,2026092362,frozen_contract,-6.000326314157812,9.596101105999447,7.173392519328923,0.8744097204585464,2.703208007028852,0.0,17.948442070873625,1.4573495340975604,19.40579160497114,19.913330078125,1.61376953125,21.527099609375
62,2026092362,capacity_matched_gate,-6.000326314157812,9.596101105999447,7.173392519328923,0.8744097204585464,2.703208007028852,0.0,17.948442070873625,1.4573495340975604,19.40579160497114,19.913330078125,1.61376953125,21.527099609375
62,2026092362,physical_oracle,-12.014173809595142,8.48641489427853,14.346785038657845,6.911711925859409,10.812832028115407,0.14999999999998842,13.64603166675506,5.7597599382161455,19.40579160497114,15.139892578125,6.38720703125,21.527099609375
63,2026092363,joint_contract,-5.052121631116003,9.360076900139868,9.804951753258814,1.0187326652336917,4.271937208794912,0.206326610206428,17.174432392151516,2.3308582506524504,19.50529064280413,19.03076171875,2.60791015625,21.638671875
63,2026092363,expanded_action_mdp,-5.052121631116003,9.360076900139868,9.804951753258814,1.0187326652336917,4.271937208794912,0.206326610206428,17.174432392151516,2.3308582506524504,19.50529064280413,19.03076171875,2.60791015625,21.638671875
63,2026092363,frozen_contract,-5.965106727441454,9.56250455883285,7.1821440156752,0.8815381772550418,2.703208007028852,0.0,18.036060347378985,1.4692302954250527,19.50529064280413,20.010009765625,1.628662109375,21.638671875
63,2026092363,capacity_matched_gate,-5.965106727441454,9.56250455883285,7.1821440156752,0.8815381772550418,2.703208007028852,0.0,18.036060347378985,1.4692302954250527,19.50529064280413,20.010009765625,1.628662109375,21.638671875
63,2026092363,physical_oracle,-12.102212310448405,8.516533207887173,14.3642880313504,6.9871351057965745,10.812832028115407,0.14999999999998842,13.682678054640254,5.822612588163785,19.50529064280413,15.18115234375,6.45751953125,21.638671875
