method,seed,mean_utility,cew,ruin_prob,surplus_ratio,adaptation_lag,wealth_terminal
full_ndu_joint,1011,-2.7291110157185288,-0.9347227056296946,1.0,0.0,0.5,1.030411238233051
full_ndu_joint,2011,-2.7240834729599626,-0.9343936948762801,1.0,0.0,0.5,1.0406860215606737
full_ndu_joint,3011,-2.728792970029843,-0.934701941165802,1.0,0.0,0.5,1.051288072005675
full_ndu_joint,4011,-2.7314430750368652,-0.9348747587849062,1.0,0.0,0.5,1.0242433253778305
full_ndu_joint,5011,-2.741030877090573,-0.9354961829002623,1.0,0.0,0.5,1.0032295069273751
full_ndu_joint,6011,-2.730183278181419,-0.9347926625093561,1.0,0.0,0.5,1.034908228873118
full_ndu_joint,7011,-2.7203604456588004,-0.9341489855641093,1.0,0.0,0.5,1.0534320308299467
full_ndu_joint,8011,-2.7278684028165308,-0.9346415408037163,1.0,0.0,0.5,1.0359374776085366
full_ndu_joint,9011,-2.7325430645408435,-0.9349463564811104,1.0,0.0,0.5,1.0180812582659493
full_ndu_joint,10011,-2.726006088380412,-0.9345197093926463,1.0,0.0,0.5,1.0408613899492423
full_ndu_joint,11011,-2.7172753072205804,-0.9339455123581624,1.0,0.0,0.5,1.0654293058137447
full_ndu_joint,12011,-2.7178494748147637,-0.9339834278184608,1.0,0.0,0.5,1.0586556012550072
full_ndu_joint,13011,-2.7269581567324055,-0.9345820214376431,1.0,0.0,0.5,1.037958263450579
full_ndu_joint,14011,-2.7275886266596796,-0.9346232525069893,1.0,0.0,0.5,1.03886494483468
full_ndu_joint,15011,-2.729584650024111,-0.9347536158750298,1.0,0.0,0.5,1.0318486556739692
full_ndu_joint,16011,-2.7280333522808426,-0.9346523207574509,1.0,0.0,0.5,1.0513084414717615
full_ndu_joint,17011,-2.7260464862060836,-0.9345223546005805,1.0,0.0,0.5,1.033915117323129
full_ndu_joint,18011,-2.727460142295029,-0.9346148520774744,1.0,0.0,0.5,1.0323089469219258
full_ndu_joint,19011,-2.7326322302041297,-0.9349521567737866,1.0,0.0,0.5,1.025553260155744
full_ndu_joint,20011,-2.7286570798569114,-0.9346930671983661,1.0,0.0,0.5,1.0258711128068798
full_ndu_joint,21011,-2.733537828598643,-0.9350110373310857,1.0,0.0,0.5,1.0139933667516319
full_ndu_joint,22011,-2.732411432731747,-0.9349377927887108,1.0,0.0,0.5,1.032743529088237
full_ndu_joint,23011,-2.7342688412318106,-0.9350585277236598,1.0,0.0,0.5,1.0291294006800233
full_ndu_joint,24011,-2.733106247201276,-0.9349829832503894,1.0,0.0,0.5,1.0257711366027835
full_ndu_joint,25011,-2.7337641898149387,-0.9350257466468491,1.0,0.0,0.5,1.0268248106719366
full_ndu_joint,26011,-2.727293285929101,-0.9346039412390602,1.0,0.0,0.5,1.0341386034796163
full_ndu_joint,27011,-2.7260198417715413,-0.9345206099625013,1.0,0.0,0.5,1.0315427746116113
full_ndu_joint,28011,-2.729624937126098,-0.934756244409813,1.0,0.0,0.5,1.0261721297062725
full_ndu_joint,29011,-2.722160383126786,-0.9342674066650376,1.0,0.0,0.5,1.0460790607897037
full_ndu_joint,30011,-2.7259455568364928,-0.934515745649595,1.0,0.0,0.5,1.0344150805845302
fixed_pref_rl,1021,-2.7513152899078923,-0.936156167191005,1.0,0.0,0.5,1.0502300279080476
fixed_pref_rl,2021,-2.7648644181138,-0.9370153616547962,1.0,0.0,0.5,1.0140355187844512
fixed_pref_rl,3021,-2.7774926875914043,-0.9378057475340795,1.0,0.0,0.5,1.0078020737880902
fixed_pref_rl,4021,-2.7657683003309232,-0.9370722666277775,1.0,0.0,0.5,1.0204174436181517
fixed_pref_rl,5021,-2.7634251441704434,-0.9369246442380473,1.0,0.0,0.5,1.0177587226917053
fixed_pref_rl,6021,-2.7682990038136523,-0.9372313167225825,1.0,0.0,0.5,1.00588129986144
fixed_pref_rl,7021,-2.7649629558634814,-0.9370215677135527,1.0,0.0,0.5,1.0106623596156918
fixed_pref_rl,8021,-2.7597964581659236,-0.9366953478065904,1.0,0.0,0.5,1.0221006200023124
fixed_pref_rl,9021,-2.7584336609532354,-0.9366090175911036,1.0,0.0,0.5,1.0307979191877248
fixed_pref_rl,10021,-2.775075965192164,-0.9376552595204088,1.0,0.0,0.5,1.0146187906638233
fixed_pref_rl,11021,-2.7671059155982523,-0.9371563834541571,1.0,0.0,0.5,1.0102712652923127
fixed_pref_rl,12021,-2.7617480610168474,-0.9368187728687615,1.0,0.0,0.5,1.032257382779276
fixed_pref_rl,13021,-2.7601716627651585,-0.9367190955478368,1.0,0.0,0.5,1.0281043731193706
fixed_pref_rl,14021,-2.7613886285809794,-0.9367960594046593,1.0,0.0,0.5,1.021051295170869
fixed_pref_rl,15021,-2.7663657478029364,-0.9371098514144144,1.0,0.0,0.5,1.0110557362677368
fixed_pref_rl,16021,-2.7636852446539493,-0.9369410480351681,1.0,0.0,0.5,1.0209148297159265
fixed_pref_rl,17021,-2.7620377100189395,-0.9368370705980635,1.0,0.0,0.5,1.0191772372352361
fixed_pref_rl,18021,-2.7723168892432914,-0.9374830081283483,1.0,0.0,0.5,0.9933004208485094
fixed_pref_rl,19021,-2.763492676188239,-0.9369289037002684,1.0,0.0,0.5,1.0119392535848912
fixed_pref_rl,20021,-2.781298415372046,-0.938041992102089,1.0,0.0,0.5,0.9948885547842667
fixed_pref_rl,21021,-2.777886910961043,-0.9378302611296253,1.0,0.0,0.5,1.0131365374296095
fixed_pref_rl,22021,-2.756833765065199,-0.936507517445827,1.0,0.0,0.5,1.0286983610404565
fixed_pref_rl,23021,-2.7605626874983544,-0.9367438351094112,1.0,0.0,0.5,1.0207421157143648
fixed_pref_rl,24021,-2.759053208977484,-0.9366482791855327,1.0,0.0,0.5,1.0244661017366468
fixed_pref_rl,25021,-2.7601644451414695,-0.9367186388084334,1.0,0.0,0.5,1.0241678640449519
fixed_pref_rl,26021,-2.7718951471637983,-0.9374566365215755,1.0,0.0,0.5,1.0027088707243865
fixed_pref_rl,27021,-2.7515166052405355,-0.936169018639804,1.0,0.0,0.5,1.0498092538190251
fixed_pref_rl,28021,-2.758357158208258,-0.9366041678214345,1.0,0.0,0.5,1.0268323389498821
fixed_pref_rl,29021,-2.7614476222274282,-0.9367997879256043,1.0,0.0,0.5,1.0296283819429437
fixed_pref_rl,30021,-2.76062157415265,-0.9367475599436526,1.0,0.0,0.5,1.0188377228531298
augmented_state_rl,1031,-2.7604171755945917,-0.9367346299147167,1.0,0.0,0.5,1.0187338101465637
augmented_state_rl,2031,-2.7544253595694705,-0.9363544175125493,1.0,0.0,0.5,1.0344460238584856
augmented_state_rl,3031,-2.7601667477050715,-0.9367187845176247,1.0,0.0,0.5,1.025582554578109
augmented_state_rl,4031,-2.7596416074998613,-0.9366855442800116,1.0,0.0,0.5,1.033872670976278
augmented_state_rl,5031,-2.7603154705709274,-0.9367281951815383,1.0,0.0,0.5,1.0373939049371093
augmented_state_rl,6031,-2.7623829820687735,-0.9368588752276905,1.0,0.0,0.5,1.0356573396681956
augmented_state_rl,7031,-2.7512332113253306,-0.9361509267646423,1.0,0.0,0.5,1.0502010992668573
augmented_state_rl,8031,-2.7569551580709737,-0.9365152245213264,1.0,0.0,0.5,1.0331787354085542
augmented_state_rl,9031,-2.755400519537174,-0.936416451885078,1.0,0.0,0.5,1.0356945773308541
augmented_state_rl,10031,-2.7575778384324394,-0.9365547429393207,1.0,0.0,0.5,1.0301245732340334
augmented_state_rl,11031,-2.7581371091193523,-0.9365902160913467,1.0,0.0,0.5,1.027122317737899
augmented_state_rl,12031,-2.778778623664236,-0.9378856739656934,1.0,0.0,0.5,0.9938095381205705
augmented_state_rl,13031,-2.7548665465903337,-0.9363824909242103,1.0,0.0,0.5,1.0377610520421139
augmented_state_rl,14031,-2.760111860070535,-0.9367153110660724,1.0,0.0,0.5,1.0342224611728457
augmented_state_rl,15031,-2.758202113065298,-0.9365943378435458,1.0,0.0,0.5,1.0336558118504313
augmented_state_rl,16031,-2.7670174033676327,-0.9371508207792977,1.0,0.0,0.5,1.014651352241548
augmented_state_rl,17031,-2.7609806727599304,-0.9367702697290137,1.0,0.0,0.5,1.0190092133493442
augmented_state_rl,18031,-2.7610052269585252,-0.9367718222653071,1.0,0.0,0.5,1.0204225219152887
augmented_state_rl,19031,-2.7573306504386643,-0.9365390580950406,1.0,0.0,0.5,1.0305726577886423
augmented_state_rl,20031,-2.7609241319391815,-0.936766694567098,1.0,0.0,0.5,1.0194618075311122
augmented_state_rl,21031,-2.7591683022575686,-0.9366555701233032,1.0,0.0,0.5,1.0487844989192303
augmented_state_rl,22031,-2.7546632056662106,-0.9363695535658219,1.0,0.0,0.5,1.0355299411510046
augmented_state_rl,23031,-2.7572268664093253,-0.9365324715209994,1.0,0.0,0.5,1.0450463289015366
augmented_state_rl,24031,-2.7641287786592272,-0.9369690106230639,1.0,0.0,0.5,1.0157018186938893
augmented_state_rl,25031,-2.75720370807832,-0.9365310017019476,1.0,0.0,0.5,1.032059143267888
augmented_state_rl,26031,-2.7577484490543407,-0.9365655664507553,1.0,0.0,0.5,1.0271885955521167
augmented_state_rl,27031,-2.7888318307353277,-0.938506993786091,1.0,0.0,0.5,0.9740725952200124
augmented_state_rl,28031,-2.7632540052439696,-0.9369138486656303,1.0,0.0,0.5,1.0204686983679183
augmented_state_rl,29031,-2.756761246251639,-0.9365029128793654,1.0,0.0,0.5,1.0294364928696105
augmented_state_rl,30031,-2.7670703445998353,-0.937154148004214,1.0,0.0,0.5,1.0186091620190796
preference_only,1041,-2.7618112836794144,-0.9368227672278966,1.0,0.0,0.5,0.9652833926502216
preference_only,2041,-2.7755956927247554,-0.9376876533798288,1.0,0.0,0.5,0.9359478418825282
preference_only,3041,-2.763808500554873,-0.9369488199441272,1.0,0.0,0.5,0.962290799760715
preference_only,4041,-2.7658881375597044,-0.9370798072611249,1.0,0.0,0.5,0.9546416956300693
preference_only,5041,-2.763429314721022,-0.9369249072964603,1.0,0.0,0.5,0.9640240999580576
preference_only,6041,-2.7711506897919675,-0.9374100583179825,1.0,0.0,0.5,0.9453972823584619
preference_only,7041,-2.7610300964674295,-0.9367733946994834,1.0,0.0,0.5,0.9679044723050141
preference_only,8041,-2.7675814600563413,-0.9371862612830507,1.0,0.0,0.5,0.9533594009697488
preference_only,9041,-2.762678656637152,-0.9368775416927689,1.0,0.0,0.5,0.9617303442650184
preference_only,10041,-2.769106076177552,-0.9372819551549858,1.0,0.0,0.5,0.9496190528201236
preference_only,11041,-2.7669644589610485,-0.9371474931787114,1.0,0.0,0.5,0.9518224900415699
preference_only,12041,-2.7645946391484264,-0.9369983674319902,1.0,0.0,0.5,0.9654969371090351
preference_only,13041,-2.7734341062401286,-0.9375528141727479,1.0,0.0,0.5,0.9392982384106261
preference_only,14041,-2.7649069839359153,-0.9370180425906495,1.0,0.0,0.5,0.96119588503917
preference_only,15041,-2.773417753738409,-0.937551792996685,1.0,0.0,0.5,0.9413519145482626
preference_only,16041,-2.76922301601389,-0.9372892889640698,1.0,0.0,0.5,0.9462635297642645
preference_only,17041,-2.7619687565032054,-0.936832715141857,1.0,0.0,0.5,0.964050357251634
preference_only,18041,-2.7691655086483165,-0.9372856825325877,1.0,0.0,0.5,0.950851920282588
preference_only,19041,-2.7674740056956164,-0.9371795113102617,1.0,0.0,0.5,0.953576918828815
preference_only,20041,-2.757241719795544,-0.9365334142217111,1.0,0.0,0.5,0.9764487774563958
preference_only,21041,-2.766546229645586,-0.937121200920095,1.0,0.0,0.5,0.9538840900659513
preference_only,22041,-2.759997884228029,-0.9367080977292681,1.0,0.0,0.5,0.9698434732016927
preference_only,23041,-2.7577854017422267,-0.9365679104802701,1.0,0.0,0.5,0.9721910911630298
preference_only,24041,-2.7676931866795025,-0.9371932788579334,1.0,0.0,0.5,0.9522901570249488
preference_only,25041,-2.7715547803606233,-0.9374353452136669,1.0,0.0,0.5,0.9468958751732334
preference_only,26041,-2.769683799978969,-0.9373181783977489,1.0,0.0,0.5,0.9557135032030295
preference_only,27041,-2.767993580709005,-0.9372121427885292,1.0,0.0,0.5,0.951905161098983
preference_only,28041,-2.760327026035763,-0.9367289263124297,1.0,0.0,0.5,0.9679635903083788
preference_only,29041,-2.7634435245728186,-0.9369258035778116,1.0,0.0,0.5,0.9648468219674265
preference_only,30041,-2.766715187491383,-0.9371318238890916,1.0,0.0,0.5,0.9584765561591302
