audit,method,seed,param_dim,policy_evaluations,search_mean_welfare,theta_cost_multiplier,evaluation_variant,mean_welfare,mean_welfare_no_theta_cost,avg_cost,avg_cost_no_theta,fill_rate,ending_backlog,avg_inventory,avg_order,theta_std,theta_mean_abs_deviation_from_one,service_breach_count
equal_budget_inventory,full_ndu_inventory,8061,12,192,-3.619729158541675,1.0,normal,-3.7002911490980686,-3.6990009766811176,4.285750081752702,4.284459909335751,0.9996862728318292,0.2851398204427965,7.842904800082855,22.846365857802713,0.12405218644995597,0.1377578508100333,1.734375
theta_ablation_inventory,full_ndu_inventory,8061,12,192,-3.619729158541675,1.0,fixed_one,-3.7833554623442383,-3.7833554623442383,4.359246980871995,4.359246980871995,0.9995840960659695,0.3729050473746374,7.539083420525347,22.830448365239246,0.0,0.0,2.0260416666666665
theta_ablation_inventory,full_ndu_inventory,8061,12,192,-3.619729158541675,1.0,permuted,-3.788920399913159,-3.7875318915368603,4.370998817950228,4.36961030957393,0.9996445678796336,0.31887225477769243,7.936406475135693,22.848627742285725,0.159181353298577,0.14292625901570333,1.8359375
equal_budget_inventory,full_ndu_inventory,9061,12,192,-3.6166891203709524,1.0,normal,-3.7290306727004903,-3.7273806868523462,4.315989781479054,4.314339795630911,0.9994734042223206,0.46870297922643456,8.031513408974005,23.018135407705,0.06452283562035895,0.17574105122537637,1.6276041666666667
theta_ablation_inventory,full_ndu_inventory,9061,12,192,-3.6166891203709524,1.0,fixed_one,-3.8016108542702334,-3.8016108542702334,4.409233485092064,4.409233485092064,0.9995856413527289,0.3645393816865434,9.424455938987217,23.05200337004023,0.0,0.0,0.96875
theta_ablation_inventory,full_ndu_inventory,9061,12,192,-3.6166891203709524,1.0,permuted,-3.7800399038923174,-3.7783844270562432,4.363558201627989,4.361902724791914,0.9994143965919591,0.5182310208750726,8.06822322102886,23.01874404843745,0.07725864674103042,0.17535284983170948,1.7265625
equal_budget_inventory,full_ndu_inventory,10061,12,192,-3.755681863586756,1.0,normal,-3.7661081676421464,-3.7634906395773213,4.359428168445922,4.356810640381097,0.999672812600472,0.29167833691346895,8.559220030841045,22.795900202417215,0.08662021209872998,0.22302049504017152,1.46875
theta_ablation_inventory,full_ndu_inventory,10061,12,192,-3.755681863586756,1.0,fixed_one,-3.963319141717729,-3.963319141717729,4.579830674287973,4.579830674287973,0.9997592540712805,0.21159487952896253,10.593236762671314,22.828752922799737,0.0,0.0,0.71875
theta_ablation_inventory,full_ndu_inventory,10061,12,192,-3.755681863586756,1.0,permuted,-3.811834354831016,-3.8092327085331816,4.404452485841396,4.401850839543561,0.9996534382512974,0.3058128974697879,8.644406762202602,22.798734476535916,0.09057496089300261,0.22293389576009115,1.4869791666666667
equal_budget_inventory,full_ndu_inventory,11061,12,192,-3.7777892020840715,1.0,normal,-3.7394788457657526,-3.7392764943788026,4.338279276217983,4.338076924831033,0.999674272556529,0.3050029849730865,8.73859455666095,23.05614784496073,0.06413948330898193,0.057252640170825986,1.2864583333333333
theta_ablation_inventory,full_ndu_inventory,11061,12,192,-3.7777892020840715,1.0,fixed_one,-3.755358144112732,-3.755358144112732,4.354237310030821,4.354237310030821,0.9997427082397613,0.2396738110126058,8.818264346535074,23.076597230400026,0.0,0.0,1.3020833333333333
theta_ablation_inventory,full_ndu_inventory,11061,12,192,-3.7777892020840715,1.0,permuted,-3.7528477665789572,-3.7526447289760547,4.350292068858932,4.350089031256029,0.9996707721599969,0.30759409676664445,8.742511521596548,23.056055121234664,0.06585175924728597,0.0573444983965051,1.3307291666666667
equal_budget_inventory,full_ndu_inventory,12061,12,192,-3.6202334011663506,1.0,normal,-3.716547302838714,-3.710647696109645,4.298409027146572,4.292509420417503,0.9994124030384822,0.5399110699768225,7.863682193129996,22.864936853131667,0.03484762249754667,0.3602632107510094,1.78125
theta_ablation_inventory,full_ndu_inventory,12061,12,192,-3.6202334011663506,1.0,fixed_one,-4.015209748700099,-4.015209748700099,4.638688432424147,4.638688432424147,0.9997903042155061,0.19051466264196049,11.179223114046588,22.942467176865108,0.0,0.0,0.4947916666666667
theta_ablation_inventory,full_ndu_inventory,12061,12,192,-3.6202334011663506,1.0,permuted,-3.734758946986099,-3.7288601639156376,4.315985492567585,4.310086709497123,0.9994111306976858,0.5398249982914765,7.887782095065686,22.865330923942793,0.03568367718537992,0.3602576886808064,1.8020833333333333
equal_budget_inventory,full_ndu_inventory,13061,12,192,-3.6277436051506946,1.0,normal,-3.6891501838799257,-3.688464359027318,4.285482378823523,4.284796553970915,0.9995805868679498,0.37931258749386515,8.506661368605117,22.64479913481094,0.038162918284418916,0.11616932407084937,1.34375
theta_ablation_inventory,full_ndu_inventory,13061,12,192,-3.6277436051506946,1.0,fixed_one,-3.73770312126414,-3.73770312126414,4.347216448745056,4.347216448745056,0.9996754940601145,0.2941787062990641,9.47397372684863,22.664308646283544,0.0,0.0,0.9296875
theta_ablation_inventory,full_ndu_inventory,13061,12,192,-3.6277436051506946,1.0,permuted,-3.695657930912399,-3.694970929884766,4.291526913714232,4.290839912686599,0.9995812791002289,0.38076723318838696,8.535480701931464,22.64560959708868,0.04139594085552619,0.11618579528308211,1.359375
equal_budget_inventory,full_ndu_inventory,14061,12,192,-3.708416716352194,1.0,normal,-3.724623958467872,-3.7193199839829236,4.32369304791813,4.318389073433182,0.9996199643062823,0.3429103826115279,8.622471860462971,23.06207901426791,0.2187079252776101,0.2800870978132645,1.2630208333333333
theta_ablation_inventory,full_ndu_inventory,14061,12,192,-3.708416716352194,1.0,fixed_one,-3.8438809747852876,-3.8438809747852876,4.419225591693497,4.419225591693497,0.9995547958635261,0.39928745077060873,7.605804409138417,23.05999826917208,0.0,0.0,2.0364583333333335
theta_ablation_inventory,full_ndu_inventory,14061,12,192,-3.708416716352194,1.0,permuted,-3.894832895284516,-3.889526379028949,4.485850353087403,4.4805438368318375,0.999560775975361,0.39458035856758816,8.825549747180665,23.066504041199625,0.23615491715580025,0.28007757367589664,1.515625
equal_budget_inventory,full_ndu_inventory,15061,12,192,-3.69684550135102,1.0,normal,-3.6973570668754117,-3.6950952274167554,4.291051790943195,4.28878995148454,0.9996805905084729,0.3022680013310837,8.296980284814637,23.09424030750917,0.15786114092387613,0.19349871795404436,1.4583333333333333
theta_ablation_inventory,full_ndu_inventory,15061,12,192,-3.69684550135102,1.0,fixed_one,-3.802074801848105,-3.802074801848105,4.403303396130323,4.403303396130323,0.9996359961602773,0.3334298149892603,9.129373028665292,23.098882615866206,0.0,0.0,1.1953125
theta_ablation_inventory,full_ndu_inventory,15061,12,192,-3.69684550135102,1.0,permuted,-3.8741841002364716,-3.871851584525892,4.457567680314812,4.455235164604232,0.9995831037597925,0.385655874039152,8.441260272370132,23.097943472732453,0.20108253261186218,0.19662551160950528,1.7760416666666667
equal_budget_inventory,full_ndu_inventory,16061,12,192,-3.6464937093119545,1.0,normal,-3.791424370369127,-3.789966872199738,4.3768608853636355,4.375403387194246,0.9996248768743135,0.34783974108944443,8.230507514222223,22.95912918436625,0.14439105458805188,0.15721449018515743,1.71875
theta_ablation_inventory,full_ndu_inventory,16061,12,192,-3.6464937093119545,1.0,fixed_one,-3.959431721075647,-3.959431721075647,4.55278667936014,4.55278667936014,0.9997553072855615,0.22185502420421513,9.111540493000398,23.011629028097463,0.0,0.0,1.4895833333333333
theta_ablation_inventory,full_ndu_inventory,16061,12,192,-3.6464937093119545,1.0,permuted,-3.9152401912151333,-3.913732762050538,4.496715725192417,4.495208296027822,0.9995887386221605,0.3770457103098391,8.407929681758823,22.9634374726416,0.16525387166697303,0.16007523847672242,1.8411458333333333
equal_budget_inventory,full_ndu_inventory,17061,12,192,-3.7533823208626957,1.0,normal,-3.735181270695776,-3.734250951760482,4.338817401237871,4.337887082302577,0.9996830319427619,0.29398428696180523,9.01420122362355,22.99849240383026,0.0846769107155259,0.12263127936770617,1.1276041666666667
theta_ablation_inventory,full_ndu_inventory,17061,12,192,-3.7533823208626957,1.0,fixed_one,-3.8283685226232755,-3.8283685226232755,4.441423077347058,4.441423077347058,0.9997079912154728,0.2641978645250927,9.851760037852765,23.007759339269338,0.0,0.0,0.8203125
theta_ablation_inventory,full_ndu_inventory,17061,12,192,-3.7533823208626957,1.0,permuted,-3.790205758499193,-3.7892152763223153,4.390648500628754,4.389658018451876,0.9996354208911952,0.33279211591172464,9.007399102307085,22.99779381631031,0.11271721212596524,0.12701972280407242,1.2213541666666667
equal_budget_inventory,full_ndu_inventory,18061,12,192,-3.7107778564041753,1.0,normal,-3.7707034470622194,-3.769364802637206,4.374020267204563,4.372681622779549,0.9998481962677929,0.13345680259795348,8.984365236674895,22.80799458102526,0.12770840156344276,0.14358042459373552,1.1822916666666667
theta_ablation_inventory,full_ndu_inventory,18061,12,192,-3.7107778564041753,1.0,fixed_one,-3.7914926338608432,-3.7914926338608432,4.383979838004078,4.383979838004078,0.9998030880179044,0.16884469774082625,8.494658176396522,22.803864465692627,0.0,0.0,1.53125
theta_ablation_inventory,full_ndu_inventory,18061,12,192,-3.7107778564041753,1.0,permuted,-3.810744495899335,-3.8093730207947463,4.4100613118529415,4.408689836748354,0.9998071801192009,0.1674480032972385,8.981157094897243,22.80744132477926,0.15555401203032246,0.14546733593274788,1.3046875
equal_budget_inventory,full_ndu_inventory,19061,12,192,-3.585894261662454,1.0,normal,-3.7038509922447838,-3.696033717254411,4.291839055651317,4.284021780660944,0.9996117891758166,0.34380197310826377,8.039351394702864,22.979692205943522,0.010137769955611367,0.4166134014588741,1.6302083333333333
theta_ablation_inventory,full_ndu_inventory,19061,12,192,-3.585894261662454,1.0,fixed_one,-4.218496205996046,-4.218496205996046,4.851381017851274,4.851381017851274,0.9999504452319036,0.042051362424463945,12.334914993475246,23.095136568071847,0.0,0.0,0.22395833333333334
theta_ablation_inventory,full_ndu_inventory,19061,12,192,-3.585894261662454,1.0,permuted,-3.706865884791147,-3.69904830972904,4.295140115437491,4.287322540375384,0.9996084975807928,0.3453470487599409,8.035769101690034,22.979616143080847,0.011997722338288394,0.4166225664809802,1.6197916666666667
equal_budget_inventory,action_only_adaptive_base_stock,8161,7,192,-3.778442147146672,1.0,normal,-3.6875501928609005,-3.6875501928609005,4.281494145288415,4.281494145288415,0.9997898690534394,0.19404044704942033,8.273789011258193,22.83127794836483,0.0,0.0,1.4791666666666667
equal_budget_inventory,action_only_adaptive_base_stock,9161,7,192,-3.8525828802654374,1.0,normal,-3.669480080916584,-3.669480080916584,4.259087898712582,4.259087898712582,0.9995115240994997,0.44119791150510085,8.099416655040235,22.79198619826955,0.0,0.0,1.5494791666666667
equal_budget_inventory,action_only_adaptive_base_stock,10161,7,192,-3.6853920305869154,1.0,normal,-3.6745297584100793,-3.6745297584100793,4.2801218000239905,4.2801218000239905,0.999673614576739,0.2982571474589552,8.901378133849834,22.986172348705974,0.0,0.0,1.0598958333333333
equal_budget_inventory,action_only_adaptive_base_stock,11161,7,192,-3.599309302048206,1.0,normal,-3.743500696147013,-3.743500696147013,4.327626145568256,4.327626145568256,0.9997051343026554,0.268228357812322,8.05718813262133,22.76140252598545,0.0,0.0,1.7838541666666667
equal_budget_inventory,action_only_adaptive_base_stock,12161,7,192,-3.6615043254071145,1.0,normal,-3.7493817815400106,-3.7493817815400106,4.341050682201192,4.341050682201192,0.9995250188326477,0.4267973329950709,8.517033162989746,23.00896289257632,0.0,0.0,1.484375
equal_budget_inventory,action_only_adaptive_base_stock,13161,7,192,-3.736038855874284,1.0,normal,-3.7893959036926153,-3.7893959036926153,4.387935567684956,4.387935567684956,0.9998272236240426,0.15279901234271825,8.884439718935953,22.76733090209434,0.0,0.0,1.3359375
equal_budget_inventory,action_only_adaptive_base_stock,14161,7,192,-3.712816628931142,1.0,normal,-3.706463017929199,-3.706463017929199,4.302574317669232,4.302574317669232,0.9996701624675041,0.2995866387275528,8.436010428322556,22.976864732236805,0.0,0.0,1.375
equal_budget_inventory,action_only_adaptive_base_stock,15161,7,192,-3.784257572712546,1.0,normal,-3.710508168822942,-3.710508168822942,4.307382398255647,4.307382398255647,0.9996483411790881,0.3246310720925059,8.570801977395636,22.787108698523507,0.0,0.0,1.34375
equal_budget_inventory,action_only_adaptive_base_stock,16161,7,192,-3.784159404004072,1.0,normal,-3.7112425679195638,-3.7112425679195638,4.311109625343342,4.311109625343342,0.9997099446779721,0.2522125722409256,8.68568838596113,22.942034565568562,0.0,0.0,1.2604166666666667
equal_budget_inventory,action_only_adaptive_base_stock,17161,7,192,-3.623578321102433,1.0,normal,-3.736068118718187,-3.736068118718187,4.325521914259891,4.325521914259891,0.999726646317713,0.2544850838430704,8.106525180341364,23.199719282234607,0.0,0.0,1.6119791666666667
equal_budget_inventory,action_only_adaptive_base_stock,18161,7,192,-3.582657077471824,1.0,normal,-3.7136465592472114,-3.7136465592472114,4.304947201809491,4.304947201809491,0.999664533445285,0.30590553747855165,8.235244129083997,22.868567700011017,0.0,0.0,1.5338541666666667
equal_budget_inventory,action_only_adaptive_base_stock,19161,7,192,-3.819556020742312,1.0,normal,-3.7027379378237413,-3.7027379378237413,4.308191797615522,4.308191797615522,0.9998125918489725,0.17145744401534646,8.812243225888148,23.02010727349632,0.0,0.0,1.1015625
equal_budget_inventory,fixed_service_base_stock,8261,3,192,-3.8454293554188075,1.0,normal,-3.732355313520964,-3.732355313520964,4.3367694619502375,4.3367694619502375,0.9998291123036592,0.1540204132239185,9.021054278637314,23.109013620296196,0.0,0.0,1.140625
equal_budget_inventory,fixed_service_base_stock,9261,3,192,-3.777462469910147,1.0,normal,-3.7724479301643785,-3.7724479301643785,4.364821493498934,4.364821493498934,0.9997400547918196,0.23593944963010852,8.428723100354732,22.93804651496963,0.0,0.0,1.5182291666666667
equal_budget_inventory,fixed_service_base_stock,10261,3,192,-3.6964195261641124,1.0,normal,-3.741500849927773,-3.741500849927773,4.33204767594497,4.33204767594497,0.9997070251271497,0.2676707643855209,8.22516772628723,22.84078635047278,0.0,0.0,1.5703125
equal_budget_inventory,fixed_service_base_stock,11261,3,192,-3.6108509252934,1.0,normal,-3.7477737545250513,-3.7477737545250513,4.327696018018354,4.327696018018354,0.9995801266866629,0.37917703230637345,7.7318150469387605,22.795363421282115,0.0,0.0,1.890625
equal_budget_inventory,fixed_service_base_stock,12261,3,192,-3.7388856305332814,1.0,normal,-3.7541569109318877,-3.7541569109318877,4.3555027499775685,4.3555027499775685,0.9995920580057103,0.35857500866341135,8.9639564448483,22.861352694152583,0.0,0.0,1.1796875
equal_budget_inventory,fixed_service_base_stock,13261,3,192,-3.5883812693778374,1.0,normal,-3.70793826690718,-3.70793826690718,4.304829286355687,4.304829286355687,0.9997871586810635,0.20416371191537427,8.531416053089663,23.01474868499208,0.0,0.0,1.3802083333333333
equal_budget_inventory,fixed_service_base_stock,14261,3,192,-3.824023156709382,1.0,normal,-3.6856039990569465,-3.6856039990569465,4.287638961158771,4.287638961158771,0.9994731202627282,0.4733129535122689,8.874074231881734,22.819982312167784,0.0,0.0,1.125
equal_budget_inventory,fixed_service_base_stock,15261,3,192,-3.6138139537571696,1.0,normal,-3.6790842299208957,-3.6790842299208957,4.269708129045248,4.269708129045248,0.999706893640544,0.26706889833516384,8.027791243373523,22.905426067489984,0.0,0.0,1.5677083333333333
equal_budget_inventory,fixed_service_base_stock,16261,3,192,-3.738805975049397,1.0,normal,-3.6859060657529645,-3.6859060657529645,4.288456067545972,4.288456067545972,0.9998207033491261,0.16562011228697499,8.76389491744297,22.827517993952025,0.0,0.0,1.2005208333333333
equal_budget_inventory,fixed_service_base_stock,17261,3,192,-3.7487912143176887,1.0,normal,-3.726666828956939,-3.726666828956939,4.315114117934446,4.315114117934446,0.9995227079971883,0.42515808691717627,8.142120511991322,23.114905336823636,0.0,0.0,1.5911458333333333
equal_budget_inventory,fixed_service_base_stock,18261,3,192,-3.714882864124636,1.0,normal,-3.724968084029991,-3.724968084029991,4.317970704102231,4.317970704102231,0.99966243688403,0.3003541157481265,8.466376550664618,22.88076933397139,0.0,0.0,1.4765625
equal_budget_inventory,fixed_service_base_stock,19261,3,192,-3.7394351076395544,1.0,normal,-3.8477677583286307,-3.8477677583286307,4.421270476755055,4.421270476755055,0.999334324178303,0.6105133783042866,7.7134622550897705,22.73477052447465,0.0,0.0,2.0390625
equal_budget_inventory,valuation_only_service_rule,8361,6,192,-3.718054428557276,1.0,normal,-3.7977643615695023,-3.7947200594914623,4.393894364302495,4.390850062224455,0.999623672216624,0.34785016743791797,8.869076056985248,22.850868364465313,0.09267868668028915,0.23702846094678467,1.3619791666666667
equal_budget_inventory,valuation_only_service_rule,9361,6,192,-3.6531252313579303,1.0,normal,-3.808166084699364,-3.8043365183548743,4.4008422494669,4.397012683122411,0.9996118643459421,0.36060775022655833,8.608472349227133,23.155772192765,0.09316161480570839,0.27191798537270606,1.4739583333333333
equal_budget_inventory,valuation_only_service_rule,10361,6,192,-3.72966104071377,1.0,normal,-3.7400101704281385,-3.736462212335356,4.342133837591475,4.338585879498692,0.9997088177704171,0.26233324886557813,8.788085981303999,23.025865561619014,0.12867535984634568,0.24726315476019595,1.1848958333333333
equal_budget_inventory,valuation_only_service_rule,11361,6,192,-3.790829635751381,1.0,normal,-3.771096459570272,-3.768105265420058,4.36998662131695,4.366995427166736,0.9996952545933345,0.2670172327198908,8.842479164315234,22.710950746119494,0.08740978648010313,0.23539245932083866,1.2890625
equal_budget_inventory,valuation_only_service_rule,12361,6,192,-3.744997554686826,1.0,normal,-3.789450171984329,-3.785970680833786,4.380299732853195,4.376820241702652,0.9993737732336084,0.5638404250837225,8.554676464790568,22.786562870831947,0.06301115053936804,0.26880330609170805,1.4713541666666667
equal_budget_inventory,valuation_only_service_rule,13361,6,192,-3.7301683639442436,1.0,normal,-3.765042212586115,-3.7615525408174926,4.361420995550996,4.357931323782374,0.9997426603706101,0.24340330465245663,8.634272939815734,23.025398855258135,0.06871622817367651,0.2647248525476841,1.3854166666666667
equal_budget_inventory,valuation_only_service_rule,14361,6,192,-3.824607882834967,1.0,normal,-3.8090067023225327,-3.806166489708738,4.4038300706803115,4.4009898580665165,0.9996361241697224,0.3251240158865574,8.828780324195641,22.847208341015897,0.07531564041803229,0.2376381846200065,1.4088541666666667
equal_budget_inventory,valuation_only_service_rule,15361,6,192,-3.926690357914996,1.0,normal,-3.717719537255452,-3.714155423316718,4.318321331356223,4.3147572174174895,0.9997529586375964,0.22369099081322505,8.725744910689619,23.179942058833888,0.11380015625469923,0.2548390431585032,1.2473958333333333
equal_budget_inventory,valuation_only_service_rule,16361,6,192,-3.675587362930449,1.0,normal,-3.7475741915844636,-3.7436678168934523,4.33965381553995,4.33574744084894,0.9997228436194359,0.26265240215077196,8.462215265370526,22.787317267981688,0.09493324118564894,0.2733316592980092,1.5234375
equal_budget_inventory,valuation_only_service_rule,17361,6,192,-3.6801219416058784,1.0,normal,-3.7693476266503474,-3.7666500827398264,4.37594377842784,4.373246234517318,0.9998381908471865,0.14249605411182548,9.30806800182634,22.876713881216926,0.13868170327113358,0.21089738329905666,1.0703125
equal_budget_inventory,valuation_only_service_rule,18361,6,192,-3.7645777024898015,1.0,normal,-3.785410474690336,-3.7816476233359,4.377813133873673,4.374050282519238,0.9996167386479172,0.35682472335751253,8.538345847508603,23.012624265995015,0.08968741553608299,0.2694136418101465,1.484375
equal_budget_inventory,valuation_only_service_rule,19361,6,192,-3.813103050246215,1.0,normal,-3.775950552859207,-3.771932096133348,4.36765745896813,4.36363900224227,0.9996664882636154,0.3007491984699703,8.424574381847908,22.98797275670223,0.09519137822678007,0.2801726322200198,1.5208333333333333
theta_cost_sweep_inventory,full_ndu_inventory,8061,12,192,-3.619100050924475,0.0,normal,-3.709328108792258,-3.709328108792258,4.291495326606202,4.291495326606202,0.9996654334767429,0.30359091296085566,7.62062795248983,22.84048826646369,0.16302958189916134,0.17092918797100023,1.8385416666666667
theta_cost_sweep_inventory,full_ndu_inventory,9061,12,192,-3.615101447176569,0.0,normal,-3.7273806868523462,-3.7273806868523462,4.314339795630911,4.314339795630911,0.9994734042223206,0.46870297922643456,8.031513408974005,23.018135407705,0.06452283562035895,0.17574105122537637,1.6276041666666667
theta_cost_sweep_inventory,full_ndu_inventory,10061,12,192,-3.752999883355435,0.0,normal,-3.7634906395773213,-3.7634906395773213,4.356810640381097,4.356810640381097,0.999672812600472,0.29167833691346895,8.559220030841045,22.795900202417215,0.08662021209872998,0.22302049504017152,1.46875
theta_cost_sweep_inventory,full_ndu_inventory,11061,12,192,-3.7775871516221,0.0,normal,-3.7392764943788026,-3.7392764943788026,4.338076924831033,4.338076924831033,0.999674272556529,0.3050029849730865,8.73859455666095,23.05614784496073,0.06413948330898193,0.057252640170825986,1.2864583333333333
theta_cost_sweep_inventory,full_ndu_inventory,12061,12,192,-3.6118035020493444,0.0,normal,-3.7000144802982824,-3.7000144802982824,4.283940979748579,4.283940979748579,0.999484953056287,0.4731467416356267,7.864988361541691,22.876231444698774,0.02657085021551318,0.37332186316882565,1.7317708333333333
theta_cost_sweep_inventory,full_ndu_inventory,13061,12,192,-3.6270705830821406,0.0,normal,-3.688464359027318,-3.688464359027318,4.284796553970915,4.284796553970915,0.9995805868679498,0.37931258749386515,8.506661368605117,22.64479913481094,0.038162918284418916,0.11616932407084939,1.34375
theta_cost_sweep_inventory,full_ndu_inventory,14061,12,192,-3.7124119883793325,0.0,normal,-3.7171219389949477,-3.7171219389949477,4.316311579209432,4.316311579209432,0.9996350331518103,0.33116508588442034,8.568318796644704,23.065612272200013,0.18828134264564444,0.3048440714172571,1.2630208333333333
theta_cost_sweep_inventory,full_ndu_inventory,15061,12,192,-3.694630758710836,0.0,normal,-3.6950952274167554,-3.6950952274167554,4.28878995148454,4.28878995148454,0.9996805905084729,0.3022680013310837,8.296980284814637,23.09424030750917,0.15786114092387615,0.19349871795404436,1.4583333333333333
theta_cost_sweep_inventory,action_only_adaptive_base_stock,8161,7,192,-3.778442147146672,0.0,normal,-3.6875501928609005,-3.6875501928609005,4.281494145288415,4.281494145288415,0.9997898690534394,0.19404044704942033,8.273789011258193,22.83127794836483,0.0,0.0,1.4791666666666667
theta_cost_sweep_inventory,action_only_adaptive_base_stock,9161,7,192,-3.8525828802654374,0.0,normal,-3.669480080916584,-3.669480080916584,4.259087898712582,4.259087898712582,0.9995115240994997,0.44119791150510085,8.099416655040235,22.79198619826955,0.0,0.0,1.5494791666666667
theta_cost_sweep_inventory,action_only_adaptive_base_stock,10161,7,192,-3.6853920305869154,0.0,normal,-3.6745297584100793,-3.6745297584100793,4.2801218000239905,4.2801218000239905,0.999673614576739,0.2982571474589552,8.901378133849834,22.986172348705974,0.0,0.0,1.0598958333333333
theta_cost_sweep_inventory,action_only_adaptive_base_stock,11161,7,192,-3.599309302048206,0.0,normal,-3.743500696147013,-3.743500696147013,4.327626145568256,4.327626145568256,0.9997051343026554,0.268228357812322,8.05718813262133,22.76140252598545,0.0,0.0,1.7838541666666667
theta_cost_sweep_inventory,action_only_adaptive_base_stock,12161,7,192,-3.6615043254071145,0.0,normal,-3.7493817815400106,-3.7493817815400106,4.341050682201192,4.341050682201192,0.9995250188326477,0.4267973329950709,8.517033162989746,23.00896289257632,0.0,0.0,1.484375
theta_cost_sweep_inventory,action_only_adaptive_base_stock,13161,7,192,-3.736038855874284,0.0,normal,-3.7893959036926153,-3.7893959036926153,4.387935567684956,4.387935567684956,0.9998272236240426,0.15279901234271825,8.884439718935953,22.76733090209434,0.0,0.0,1.3359375
theta_cost_sweep_inventory,action_only_adaptive_base_stock,14161,7,192,-3.712816628931142,0.0,normal,-3.706463017929199,-3.706463017929199,4.302574317669232,4.302574317669232,0.9996701624675041,0.2995866387275528,8.436010428322556,22.976864732236805,0.0,0.0,1.375
theta_cost_sweep_inventory,action_only_adaptive_base_stock,15161,7,192,-3.784257572712546,0.0,normal,-3.710508168822942,-3.710508168822942,4.307382398255647,4.307382398255647,0.9996483411790881,0.3246310720925059,8.570801977395636,22.787108698523507,0.0,0.0,1.34375
theta_cost_sweep_inventory,full_ndu_inventory,8161,12,192,-3.8032108699230953,1.0,normal,-3.707215673162916,-3.7062167791456013,4.299388492810277,4.298389598792963,0.9997442587059201,0.2327129088990639,8.242742415821239,22.821901374487,0.14224003735717505,0.12611409750649555,1.5260416666666667
theta_cost_sweep_inventory,full_ndu_inventory,9161,12,192,-3.852020603160102,1.0,normal,-3.66414628751613,-3.6622883352480073,4.265975858813827,4.264117906545704,0.9997111182872122,0.2605924401161766,8.681146410135456,22.82549505170043,0.15778866787806867,0.16626882595716083,1.1953125
theta_cost_sweep_inventory,full_ndu_inventory,10161,12,192,-3.768940445642838,1.0,normal,-3.7429482156607707,-3.7426930724537155,4.342913236052918,4.342658092845864,0.9994585181740184,0.4898434891638103,8.903539921284766,22.953953895562677,0.03598519364221176,0.06827325433416359,1.1901041666666667
theta_cost_sweep_inventory,full_ndu_inventory,11161,12,192,-3.5966088709488533,1.0,normal,-3.7278890017028967,-3.7273138592379205,4.318268434700848,4.317693292235873,0.9997642259997441,0.21393458344962954,8.286061109048392,22.77779978043402,0.07907021950436656,0.09315718150521515,1.5911458333333333
theta_cost_sweep_inventory,full_ndu_inventory,12161,12,192,-3.6415268370812575,1.0,normal,-3.734919558738555,-3.7348405406436203,4.3245548088636525,4.324475790768719,0.9996419062656372,0.32470784274989034,8.202400819291078,23.03044210753465,0.031418591906962,0.03464128743259284,1.5833333333333333
theta_cost_sweep_inventory,full_ndu_inventory,13161,12,192,-3.722870140677773,1.0,normal,-3.790964418957202,-3.789561430703229,4.391288948081617,4.3898859598276445,0.999855019265552,0.12953842472644594,8.980403060044155,22.771609943324155,0.054620520227519974,0.16394920727813478,1.2838541666666667
theta_cost_sweep_inventory,full_ndu_inventory,14161,12,192,-3.7050718167345593,1.0,normal,-3.7101409106428753,-3.7079085184434235,4.310569301969392,4.308336909769941,0.9997312832908145,0.24281431443533408,8.702299384663306,22.993822690928624,0.14538876332767223,0.1740399478219075,1.2473958333333333
theta_cost_sweep_inventory,full_ndu_inventory,15161,12,192,-3.7742014644580077,1.0,normal,-3.7351114425404077,-3.733036819131127,4.326726849257994,4.324652225848713,0.9995183320896981,0.4452594880959051,8.435862654563785,22.76183886519911,0.07254876276855214,0.1976995961148025,1.484375
theta_cost_sweep_inventory,action_only_adaptive_base_stock,8261,7,192,-3.7848355102762348,1.0,normal,-3.6813306618772104,-3.6813306618772104,4.280008071304704,4.280008071304704,0.9998053793034368,0.1798894984887883,8.458970634484729,23.10097952846728,0.0,0.0,1.3255208333333333
theta_cost_sweep_inventory,action_only_adaptive_base_stock,9261,7,192,-3.7519512824640118,1.0,normal,-3.768427806173744,-3.768427806173744,4.35317996044686,4.35317996044686,0.9998030036591395,0.1816981222814714,8.027635018859682,22.941957085431323,0.0,0.0,1.7890625
theta_cost_sweep_inventory,action_only_adaptive_base_stock,10261,7,192,-3.673724481954873,1.0,normal,-3.7358592028489377,-3.7358592028489377,4.333160939422956,4.333160939422956,0.9997603733217524,0.22291066427197914,8.648362523171018,22.856327185741197,0.0,0.0,1.359375
theta_cost_sweep_inventory,action_only_adaptive_base_stock,11261,7,192,-3.60438724132334,1.0,normal,-3.7721414439008547,-3.7721414439008547,4.350627442917262,4.350627442917262,0.9994787186270511,0.46989543757582064,7.812416936815983,22.782257082973075,0.0,0.0,1.9114583333333333
theta_cost_sweep_inventory,action_only_adaptive_base_stock,12261,7,192,-3.684129386843285,1.0,normal,-3.7219364976082026,-3.7219364976082026,4.307067577275395,4.307067577275395,0.999557400583399,0.3929869560319336,7.922109066331566,22.84813277121907,0.0,0.0,1.7109375
theta_cost_sweep_inventory,action_only_adaptive_base_stock,13261,7,192,-3.602737900280281,1.0,normal,-3.7355487577939375,-3.7355487577939375,4.329899112468501,4.329899112468501,0.9997527787093206,0.2353072394672631,8.495912996348343,23.007456202478377,0.0,0.0,1.4557291666666667
theta_cost_sweep_inventory,action_only_adaptive_base_stock,14261,7,192,-3.766743380957049,1.0,normal,-3.6392697691178895,-3.6392697691178895,4.242958421762776,4.242958421762776,0.9995626440806108,0.39632223449613807,8.700424623283508,22.83032189325154,0.0,0.0,1.09375
theta_cost_sweep_inventory,action_only_adaptive_base_stock,15261,7,192,-3.5792937975209975,1.0,normal,-3.6702492834552847,-3.6702492834552847,4.272152167348394,4.272152167348394,0.9997691104866386,0.21039421405840134,8.587852412148122,22.924906855328846,0.0,0.0,1.2083333333333333
theta_cost_sweep_inventory,full_ndu_inventory,8461,12,192,-3.7641786413281597,4.0,normal,-3.702426752093016,-3.6917160731918437,4.301356866210361,4.290646187309189,0.9997393111396683,0.24715400336811952,8.562284665459087,23.025866682483734,0.07481818305162737,0.23061229261018942,1.2994791666666667
theta_cost_sweep_inventory,full_ndu_inventory,9461,12,192,-3.770722360286835,4.0,normal,-3.720768723195413,-3.713162220617613,4.3179795206603915,4.310373018082591,0.9998368965581222,0.1543791161802381,8.432938467607956,23.046990288300208,0.16936237597707857,0.17762627994355243,1.3828125
theta_cost_sweep_inventory,full_ndu_inventory,10461,12,192,-3.6842879497286356,4.0,normal,-3.737601916872856,-3.7320737875412946,4.343866856601694,4.338338727270133,0.9998553830911048,0.14112586440391386,8.917428567510322,23.20491822495461,0.1337274530850972,0.14865645369835498,1.0859375
theta_cost_sweep_inventory,full_ndu_inventory,11461,12,192,-3.7776412080076502,4.0,normal,-3.718237485941001,-3.716089585703244,4.304904212406698,4.302756312168941,0.9996809970582121,0.29343772116809724,7.9895436259458945,22.947042427575525,0.0928618238214578,0.0906754511857609,1.6927083333333333
theta_cost_sweep_inventory,full_ndu_inventory,12461,12,192,-3.770568210764141,4.0,normal,-3.71952752875645,-3.7177811686412894,4.317232896746494,4.315486536631334,0.9996838741237556,0.2891023318522525,8.719762703013872,22.769206877178032,0.08153930495454419,0.08150198511275564,1.3255208333333333
theta_cost_sweep_inventory,full_ndu_inventory,13461,12,192,-3.4417942581222096,4.0,normal,-3.758857881916747,-3.756712391945084,4.3423548276179,4.340209337646237,0.9997046963376442,0.2719355510856676,7.865661163752486,23.036464398601936,0.061670778036018066,0.08927821532574202,1.8046875
theta_cost_sweep_inventory,full_ndu_inventory,14461,12,192,-3.7246058312052153,4.0,normal,-3.72800761847555,-3.722902356814997,4.331130453165546,4.326025191504993,0.9997458230862494,0.24272601134836125,8.804429698500053,23.144765045617266,0.11489556876320346,0.14427453966664033,1.1614583333333333
theta_cost_sweep_inventory,full_ndu_inventory,15461,12,192,-3.8158162729708907,4.0,normal,-3.745078395585414,-3.731922012081848,4.354018056182514,4.3408616726789475,0.9998479263246375,0.14505959798698992,9.21178412961243,22.890239901409966,0.21455449270671756,0.22710907041018005,0.9947916666666666
theta_cost_sweep_inventory,action_only_adaptive_base_stock,8561,7,192,-3.8328799100032853,4.0,normal,-3.708500903111999,-3.708500903111999,4.3041071260060475,4.3041071260060475,0.9997144497367559,0.2635561342725068,8.422403724416393,23.039048482779652,0.0,0.0,1.4036458333333333
theta_cost_sweep_inventory,action_only_adaptive_base_stock,9561,7,192,-3.722654835944601,4.0,normal,-3.7594192056784586,-3.7594192056784586,4.357964973986682,4.357964973986682,0.999740096038528,0.23953524761157838,8.782044309755864,23.020763454278306,0.0,0.0,1.3125
theta_cost_sweep_inventory,action_only_adaptive_base_stock,10561,7,192,-3.713936334618478,4.0,normal,-3.811643298186233,-3.811643298186233,4.409131933456494,4.409131933456494,0.9997544387837826,0.22605298650822672,8.84966885643699,23.039252660619216,0.0,0.0,1.3515625
theta_cost_sweep_inventory,action_only_adaptive_base_stock,11561,7,192,-3.6675918541670427,4.0,normal,-3.729646156309302,-3.729646156309302,4.321204677214084,4.321204677214084,0.9996967682380976,0.2774694041905879,8.284421337022074,22.962235738121574,0.0,0.0,1.5338541666666667
theta_cost_sweep_inventory,action_only_adaptive_base_stock,12561,7,192,-3.8421273262593223,4.0,normal,-3.7480167398091275,-3.7480167398091275,4.3498664816772825,4.3498664816772825,0.9995573896085194,0.3922900931911617,9.012794560291972,23.124520539899624,0.0,0.0,1.1536458333333333
theta_cost_sweep_inventory,action_only_adaptive_base_stock,13561,7,192,-3.789613748627624,4.0,normal,-3.7233424639046446,-3.7233424639046446,4.318829330153775,4.318829330153775,0.999640936406141,0.3194902168737796,8.372318785991686,22.980089549431117,0.0,0.0,1.3880208333333333
theta_cost_sweep_inventory,action_only_adaptive_base_stock,14561,7,192,-3.739063536040809,4.0,normal,-3.7226989966464026,-3.7226989966464026,4.320973636993574,4.320973636993574,0.9997452675433963,0.23609207240955343,8.552400437672022,22.995223573972783,0.0,0.0,1.3229166666666667
theta_cost_sweep_inventory,action_only_adaptive_base_stock,15561,7,192,-3.8513392653114513,4.0,normal,-3.682220569790045,-3.682220569790045,4.278376495702755,4.278376495702755,0.9995194907390887,0.43646495358551823,8.520172066895839,22.77278654934307,0.0,0.0,1.3333333333333333
