method,t,inventory,regime,theta_previous,order_up_to,theta_next
exact_dp_action_only_fixed_theta,0,2,0,1.0,4,1.0
exact_dp_action_only_fixed_theta,0,2,1,1.0,6,1.0
exact_dp_action_only_fixed_theta,1,4,0,1.0,0,1.0
exact_dp_action_only_fixed_theta,1,4,1,1.0,6,1.0
exact_dp_action_only_fixed_theta,1,3,0,1.0,4,1.0
exact_dp_action_only_fixed_theta,1,3,1,1.0,6,1.0
exact_dp_action_only_fixed_theta,1,2,0,1.0,4,1.0
exact_dp_action_only_fixed_theta,1,2,1,1.0,6,1.0
exact_dp_action_only_fixed_theta,1,1,0,1.0,4,1.0
exact_dp_action_only_fixed_theta,1,1,1,1.0,6,1.0
exact_dp_action_only_fixed_theta,1,0,0,1.0,4,1.0
exact_dp_action_only_fixed_theta,1,0,1,1.0,6,1.0
exact_dp_action_only_fixed_theta,1,-1,0,1.0,6,1.0
exact_dp_action_only_fixed_theta,1,-1,1,1.0,7,1.0
exact_dp_action_only_fixed_theta,2,4,0,1.0,0,1.0
exact_dp_action_only_fixed_theta,2,4,1,1.0,6,1.0
exact_dp_action_only_fixed_theta,2,3,0,1.0,4,1.0
exact_dp_action_only_fixed_theta,2,3,1,1.0,6,1.0
exact_dp_action_only_fixed_theta,2,2,0,1.0,4,1.0
exact_dp_action_only_fixed_theta,2,2,1,1.0,6,1.0
exact_dp_action_only_fixed_theta,2,1,0,1.0,4,1.0
exact_dp_action_only_fixed_theta,2,1,1,1.0,6,1.0
exact_dp_action_only_fixed_theta,2,0,0,1.0,4,1.0
exact_dp_action_only_fixed_theta,2,0,1,1.0,6,1.0
exact_dp_action_only_fixed_theta,2,-1,0,1.0,6,1.0
exact_dp_action_only_fixed_theta,2,-1,1,1.0,7,1.0
exact_dp_action_only_fixed_theta,2,5,0,1.0,0,1.0
exact_dp_action_only_fixed_theta,2,5,1,1.0,6,1.0
exact_dp_action_only_fixed_theta,3,4,0,1.0,0,1.0
exact_dp_action_only_fixed_theta,3,4,1,1.0,6,1.0
exact_dp_action_only_fixed_theta,3,3,0,1.0,4,1.0
exact_dp_action_only_fixed_theta,3,3,1,1.0,6,1.0
exact_dp_action_only_fixed_theta,3,2,0,1.0,4,1.0
exact_dp_action_only_fixed_theta,3,2,1,1.0,6,1.0
exact_dp_action_only_fixed_theta,3,1,0,1.0,4,1.0
exact_dp_action_only_fixed_theta,3,1,1,1.0,6,1.0
exact_dp_action_only_fixed_theta,3,0,0,1.0,4,1.0
exact_dp_action_only_fixed_theta,3,0,1,1.0,6,1.0
exact_dp_action_only_fixed_theta,3,-1,0,1.0,6,1.0
exact_dp_action_only_fixed_theta,3,-1,1,1.0,7,1.0
exact_dp_action_only_fixed_theta,3,5,0,1.0,0,1.0
exact_dp_action_only_fixed_theta,3,5,1,1.0,6,1.0
exact_dp_action_only_fixed_theta,4,4,0,1.0,0,1.0
exact_dp_action_only_fixed_theta,4,4,1,1.0,6,1.0
exact_dp_action_only_fixed_theta,4,3,0,1.0,4,1.0
exact_dp_action_only_fixed_theta,4,3,1,1.0,6,1.0
exact_dp_action_only_fixed_theta,4,2,0,1.0,4,1.0
exact_dp_action_only_fixed_theta,4,2,1,1.0,6,1.0
exact_dp_action_only_fixed_theta,4,1,0,1.0,4,1.0
exact_dp_action_only_fixed_theta,4,1,1,1.0,6,1.0
exact_dp_action_only_fixed_theta,4,0,0,1.0,4,1.0
exact_dp_action_only_fixed_theta,4,0,1,1.0,6,1.0
exact_dp_action_only_fixed_theta,4,-1,0,1.0,6,1.0
exact_dp_action_only_fixed_theta,4,-1,1,1.0,7,1.0
exact_dp_action_only_fixed_theta,4,5,0,1.0,0,1.0
exact_dp_action_only_fixed_theta,4,5,1,1.0,6,1.0
exact_dp_action_only_fixed_theta,5,4,0,1.0,0,1.0
exact_dp_action_only_fixed_theta,5,4,1,1.0,6,1.0
exact_dp_action_only_fixed_theta,5,3,0,1.0,4,1.0
exact_dp_action_only_fixed_theta,5,3,1,1.0,6,1.0
exact_dp_action_only_fixed_theta,5,2,0,1.0,4,1.0
exact_dp_action_only_fixed_theta,5,2,1,1.0,6,1.0
exact_dp_action_only_fixed_theta,5,1,0,1.0,4,1.0
exact_dp_action_only_fixed_theta,5,1,1,1.0,6,1.0
exact_dp_action_only_fixed_theta,5,0,0,1.0,4,1.0
exact_dp_action_only_fixed_theta,5,0,1,1.0,6,1.0
exact_dp_action_only_fixed_theta,5,-1,0,1.0,6,1.0
exact_dp_action_only_fixed_theta,5,-1,1,1.0,7,1.0
exact_dp_action_only_fixed_theta,5,5,0,1.0,0,1.0
exact_dp_action_only_fixed_theta,5,5,1,1.0,6,1.0
exact_dp_action_only_fixed_theta,6,4,0,1.0,0,1.0
exact_dp_action_only_fixed_theta,6,4,1,1.0,6,1.0
exact_dp_action_only_fixed_theta,6,3,0,1.0,4,1.0
exact_dp_action_only_fixed_theta,6,3,1,1.0,6,1.0
exact_dp_action_only_fixed_theta,6,2,0,1.0,4,1.0
exact_dp_action_only_fixed_theta,6,2,1,1.0,6,1.0
exact_dp_action_only_fixed_theta,6,1,0,1.0,4,1.0
exact_dp_action_only_fixed_theta,6,1,1,1.0,6,1.0
exact_dp_action_only_fixed_theta,6,0,0,1.0,4,1.0
exact_dp_action_only_fixed_theta,6,0,1,1.0,6,1.0
exact_dp_action_only_fixed_theta,6,-1,0,1.0,6,1.0
exact_dp_action_only_fixed_theta,6,-1,1,1.0,7,1.0
exact_dp_action_only_fixed_theta,6,5,0,1.0,0,1.0
exact_dp_action_only_fixed_theta,6,5,1,1.0,6,1.0
exact_dp_action_only_fixed_theta,7,4,0,1.0,0,1.0
exact_dp_action_only_fixed_theta,7,4,1,1.0,6,1.0
exact_dp_action_only_fixed_theta,7,3,0,1.0,4,1.0
exact_dp_action_only_fixed_theta,7,3,1,1.0,6,1.0
exact_dp_action_only_fixed_theta,7,2,0,1.0,4,1.0
exact_dp_action_only_fixed_theta,7,2,1,1.0,6,1.0
exact_dp_action_only_fixed_theta,7,1,0,1.0,4,1.0
exact_dp_action_only_fixed_theta,7,1,1,1.0,6,1.0
exact_dp_action_only_fixed_theta,7,0,0,1.0,4,1.0
exact_dp_action_only_fixed_theta,7,0,1,1.0,6,1.0
exact_dp_action_only_fixed_theta,7,-1,0,1.0,6,1.0
exact_dp_action_only_fixed_theta,7,-1,1,1.0,7,1.0
exact_dp_action_only_fixed_theta,7,5,0,1.0,0,1.0
exact_dp_action_only_fixed_theta,7,5,1,1.0,6,1.0
exact_dp_dynamic_shortage_penalty_only,0,2,0,1.0,3,1.0
exact_dp_dynamic_shortage_penalty_only,0,2,1,1.0,3,0.75
exact_dp_dynamic_shortage_penalty_only,1,3,0,1.0,3,1.0
exact_dp_dynamic_shortage_penalty_only,1,3,1,1.0,3,0.75
exact_dp_dynamic_shortage_penalty_only,1,2,0,1.0,3,1.0
exact_dp_dynamic_shortage_penalty_only,1,2,1,1.0,3,0.75
exact_dp_dynamic_shortage_penalty_only,1,1,0,1.0,3,1.0
exact_dp_dynamic_shortage_penalty_only,1,1,1,1.0,3,0.75
exact_dp_dynamic_shortage_penalty_only,1,0,0,1.0,3,1.0
exact_dp_dynamic_shortage_penalty_only,1,0,1,1.0,3,0.75
exact_dp_dynamic_shortage_penalty_only,1,-1,0,1.0,3,0.75
exact_dp_dynamic_shortage_penalty_only,1,-1,1,1.0,3,0.75
exact_dp_dynamic_shortage_penalty_only,1,-2,0,1.0,3,0.75
exact_dp_dynamic_shortage_penalty_only,1,-2,1,1.0,3,0.75
exact_dp_dynamic_shortage_penalty_only,1,1,0,0.75,3,1.0
exact_dp_dynamic_shortage_penalty_only,1,1,1,0.75,3,0.75
exact_dp_dynamic_shortage_penalty_only,1,0,0,0.75,3,1.0
exact_dp_dynamic_shortage_penalty_only,1,0,1,0.75,3,0.75
exact_dp_dynamic_shortage_penalty_only,1,-1,0,0.75,3,0.75
exact_dp_dynamic_shortage_penalty_only,1,-1,1,0.75,3,0.75
exact_dp_dynamic_shortage_penalty_only,1,-2,0,0.75,3,0.75
exact_dp_dynamic_shortage_penalty_only,1,-2,1,0.75,3,0.75
exact_dp_dynamic_shortage_penalty_only,1,-3,0,0.75,3,0.75
exact_dp_dynamic_shortage_penalty_only,1,-3,1,0.75,3,0.75
exact_dp_dynamic_shortage_penalty_only,2,3,0,1.0,3,1.0
exact_dp_dynamic_shortage_penalty_only,2,3,1,1.0,3,0.75
exact_dp_dynamic_shortage_penalty_only,2,2,0,1.0,3,1.0
exact_dp_dynamic_shortage_penalty_only,2,2,1,1.0,3,0.75
exact_dp_dynamic_shortage_penalty_only,2,1,0,1.0,3,1.0
exact_dp_dynamic_shortage_penalty_only,2,1,1,1.0,3,0.75
exact_dp_dynamic_shortage_penalty_only,2,0,0,1.0,3,1.0
exact_dp_dynamic_shortage_penalty_only,2,0,1,1.0,3,0.75
exact_dp_dynamic_shortage_penalty_only,2,-1,0,1.0,3,0.75
exact_dp_dynamic_shortage_penalty_only,2,-1,1,1.0,3,0.75
exact_dp_dynamic_shortage_penalty_only,2,-2,0,1.0,3,0.75
exact_dp_dynamic_shortage_penalty_only,2,-2,1,1.0,3,0.75
exact_dp_dynamic_shortage_penalty_only,2,1,0,0.75,3,1.0
exact_dp_dynamic_shortage_penalty_only,2,1,1,0.75,3,0.75
exact_dp_dynamic_shortage_penalty_only,2,0,0,0.75,3,1.0
exact_dp_dynamic_shortage_penalty_only,2,0,1,0.75,3,0.75
exact_dp_dynamic_shortage_penalty_only,2,-1,0,0.75,3,0.75
exact_dp_dynamic_shortage_penalty_only,2,-1,1,0.75,3,0.75
exact_dp_dynamic_shortage_penalty_only,2,-2,0,0.75,3,0.75
exact_dp_dynamic_shortage_penalty_only,2,-2,1,0.75,3,0.75
exact_dp_dynamic_shortage_penalty_only,2,-3,0,0.75,3,0.75
exact_dp_dynamic_shortage_penalty_only,2,-3,1,0.75,3,0.75
exact_dp_dynamic_shortage_penalty_only,2,2,0,0.75,3,1.0
exact_dp_dynamic_shortage_penalty_only,2,2,1,0.75,3,0.75
exact_dp_dynamic_shortage_penalty_only,3,3,0,1.0,3,1.0
exact_dp_dynamic_shortage_penalty_only,3,3,1,1.0,3,0.75
exact_dp_dynamic_shortage_penalty_only,3,2,0,1.0,3,1.0
exact_dp_dynamic_shortage_penalty_only,3,2,1,1.0,3,0.75
exact_dp_dynamic_shortage_penalty_only,3,1,0,1.0,3,1.0
exact_dp_dynamic_shortage_penalty_only,3,1,1,1.0,3,0.75
exact_dp_dynamic_shortage_penalty_only,3,0,0,1.0,3,1.0
exact_dp_dynamic_shortage_penalty_only,3,0,1,1.0,3,0.75
exact_dp_dynamic_shortage_penalty_only,3,-1,0,1.0,3,0.75
exact_dp_dynamic_shortage_penalty_only,3,-1,1,1.0,3,0.75
exact_dp_dynamic_shortage_penalty_only,3,-2,0,1.0,3,0.75
exact_dp_dynamic_shortage_penalty_only,3,-2,1,1.0,3,0.75
exact_dp_dynamic_shortage_penalty_only,3,1,0,0.75,3,1.0
exact_dp_dynamic_shortage_penalty_only,3,1,1,0.75,3,0.75
exact_dp_dynamic_shortage_penalty_only,3,0,0,0.75,3,1.0
exact_dp_dynamic_shortage_penalty_only,3,0,1,0.75,3,0.75
exact_dp_dynamic_shortage_penalty_only,3,-1,0,0.75,3,0.75
exact_dp_dynamic_shortage_penalty_only,3,-1,1,0.75,3,0.75
exact_dp_dynamic_shortage_penalty_only,3,-2,0,0.75,3,0.75
exact_dp_dynamic_shortage_penalty_only,3,-2,1,0.75,3,0.75
exact_dp_dynamic_shortage_penalty_only,3,-3,0,0.75,3,0.75
exact_dp_dynamic_shortage_penalty_only,3,-3,1,0.75,3,0.75
exact_dp_dynamic_shortage_penalty_only,3,2,0,0.75,3,1.0
exact_dp_dynamic_shortage_penalty_only,3,2,1,0.75,3,0.75
exact_dp_dynamic_shortage_penalty_only,4,3,0,1.0,3,1.0
exact_dp_dynamic_shortage_penalty_only,4,3,1,1.0,3,0.75
exact_dp_dynamic_shortage_penalty_only,4,2,0,1.0,3,1.0
exact_dp_dynamic_shortage_penalty_only,4,2,1,1.0,3,0.75
exact_dp_dynamic_shortage_penalty_only,4,1,0,1.0,3,1.0
exact_dp_dynamic_shortage_penalty_only,4,1,1,1.0,3,0.75
exact_dp_dynamic_shortage_penalty_only,4,0,0,1.0,3,1.0
exact_dp_dynamic_shortage_penalty_only,4,0,1,1.0,3,0.75
exact_dp_dynamic_shortage_penalty_only,4,-1,0,1.0,3,0.75
exact_dp_dynamic_shortage_penalty_only,4,-1,1,1.0,3,0.75
exact_dp_dynamic_shortage_penalty_only,4,-2,0,1.0,3,0.75
exact_dp_dynamic_shortage_penalty_only,4,-2,1,1.0,3,0.75
exact_dp_dynamic_shortage_penalty_only,4,1,0,0.75,3,1.0
exact_dp_dynamic_shortage_penalty_only,4,1,1,0.75,3,0.75
exact_dp_dynamic_shortage_penalty_only,4,0,0,0.75,3,1.0
exact_dp_dynamic_shortage_penalty_only,4,0,1,0.75,3,0.75
exact_dp_dynamic_shortage_penalty_only,4,-1,0,0.75,3,0.75
exact_dp_dynamic_shortage_penalty_only,4,-1,1,0.75,3,0.75
exact_dp_dynamic_shortage_penalty_only,4,-2,0,0.75,3,0.75
exact_dp_dynamic_shortage_penalty_only,4,-2,1,0.75,3,0.75
exact_dp_dynamic_shortage_penalty_only,4,-3,0,0.75,3,0.75
exact_dp_dynamic_shortage_penalty_only,4,-3,1,0.75,3,0.75
exact_dp_dynamic_shortage_penalty_only,4,2,0,0.75,3,1.0
exact_dp_dynamic_shortage_penalty_only,4,2,1,0.75,3,0.75
exact_dp_dynamic_shortage_penalty_only,5,3,0,1.0,3,1.0
exact_dp_dynamic_shortage_penalty_only,5,3,1,1.0,3,0.75
exact_dp_dynamic_shortage_penalty_only,5,2,0,1.0,3,1.0
exact_dp_dynamic_shortage_penalty_only,5,2,1,1.0,3,0.75
exact_dp_dynamic_shortage_penalty_only,5,1,0,1.0,3,1.0
exact_dp_dynamic_shortage_penalty_only,5,1,1,1.0,3,0.75
exact_dp_dynamic_shortage_penalty_only,5,0,0,1.0,3,1.0
exact_dp_dynamic_shortage_penalty_only,5,0,1,1.0,3,0.75
exact_dp_dynamic_shortage_penalty_only,5,-1,0,1.0,3,0.75
exact_dp_dynamic_shortage_penalty_only,5,-1,1,1.0,3,0.75
exact_dp_dynamic_shortage_penalty_only,5,-2,0,1.0,3,0.75
exact_dp_dynamic_shortage_penalty_only,5,-2,1,1.0,3,0.75
exact_dp_dynamic_shortage_penalty_only,5,1,0,0.75,3,1.0
exact_dp_dynamic_shortage_penalty_only,5,1,1,0.75,3,0.75
exact_dp_dynamic_shortage_penalty_only,5,0,0,0.75,3,1.0
exact_dp_dynamic_shortage_penalty_only,5,0,1,0.75,3,0.75
exact_dp_dynamic_shortage_penalty_only,5,-1,0,0.75,3,0.75
exact_dp_dynamic_shortage_penalty_only,5,-1,1,0.75,3,0.75
exact_dp_dynamic_shortage_penalty_only,5,-2,0,0.75,3,0.75
exact_dp_dynamic_shortage_penalty_only,5,-2,1,0.75,3,0.75
exact_dp_dynamic_shortage_penalty_only,5,-3,0,0.75,3,0.75
exact_dp_dynamic_shortage_penalty_only,5,-3,1,0.75,3,0.75
exact_dp_dynamic_shortage_penalty_only,5,2,0,0.75,3,1.0
exact_dp_dynamic_shortage_penalty_only,5,2,1,0.75,3,0.75
exact_dp_dynamic_shortage_penalty_only,6,3,0,1.0,3,1.0
exact_dp_dynamic_shortage_penalty_only,6,3,1,1.0,3,0.75
exact_dp_dynamic_shortage_penalty_only,6,2,0,1.0,3,1.0
exact_dp_dynamic_shortage_penalty_only,6,2,1,1.0,3,0.75
exact_dp_dynamic_shortage_penalty_only,6,1,0,1.0,3,1.0
exact_dp_dynamic_shortage_penalty_only,6,1,1,1.0,3,0.75
exact_dp_dynamic_shortage_penalty_only,6,0,0,1.0,3,1.0
exact_dp_dynamic_shortage_penalty_only,6,0,1,1.0,3,0.75
exact_dp_dynamic_shortage_penalty_only,6,-1,0,1.0,3,0.75
exact_dp_dynamic_shortage_penalty_only,6,-1,1,1.0,3,0.75
exact_dp_dynamic_shortage_penalty_only,6,-2,0,1.0,3,0.75
exact_dp_dynamic_shortage_penalty_only,6,-2,1,1.0,3,0.75
exact_dp_dynamic_shortage_penalty_only,6,1,0,0.75,3,1.0
exact_dp_dynamic_shortage_penalty_only,6,1,1,0.75,3,0.75
exact_dp_dynamic_shortage_penalty_only,6,0,0,0.75,3,1.0
exact_dp_dynamic_shortage_penalty_only,6,0,1,0.75,3,0.75
exact_dp_dynamic_shortage_penalty_only,6,-1,0,0.75,3,0.75
exact_dp_dynamic_shortage_penalty_only,6,-1,1,0.75,3,0.75
exact_dp_dynamic_shortage_penalty_only,6,-2,0,0.75,3,0.75
exact_dp_dynamic_shortage_penalty_only,6,-2,1,0.75,3,0.75
exact_dp_dynamic_shortage_penalty_only,6,-3,0,0.75,3,0.75
exact_dp_dynamic_shortage_penalty_only,6,-3,1,0.75,3,0.75
exact_dp_dynamic_shortage_penalty_only,6,2,0,0.75,3,1.0
exact_dp_dynamic_shortage_penalty_only,6,2,1,0.75,3,0.75
exact_dp_dynamic_shortage_penalty_only,7,3,0,1.0,3,1.0
exact_dp_dynamic_shortage_penalty_only,7,3,1,1.0,3,0.75
exact_dp_dynamic_shortage_penalty_only,7,2,0,1.0,3,1.0
exact_dp_dynamic_shortage_penalty_only,7,2,1,1.0,3,0.75
exact_dp_dynamic_shortage_penalty_only,7,1,0,1.0,3,1.0
exact_dp_dynamic_shortage_penalty_only,7,1,1,1.0,3,0.75
exact_dp_dynamic_shortage_penalty_only,7,0,0,1.0,3,1.0
exact_dp_dynamic_shortage_penalty_only,7,0,1,1.0,3,0.75
exact_dp_dynamic_shortage_penalty_only,7,-1,0,1.0,3,0.75
exact_dp_dynamic_shortage_penalty_only,7,-1,1,1.0,3,0.75
exact_dp_dynamic_shortage_penalty_only,7,-2,0,1.0,3,0.75
exact_dp_dynamic_shortage_penalty_only,7,-2,1,1.0,3,0.75
exact_dp_dynamic_shortage_penalty_only,7,1,0,0.75,3,1.0
exact_dp_dynamic_shortage_penalty_only,7,1,1,0.75,3,0.75
exact_dp_dynamic_shortage_penalty_only,7,0,0,0.75,3,1.0
exact_dp_dynamic_shortage_penalty_only,7,0,1,0.75,3,0.75
exact_dp_dynamic_shortage_penalty_only,7,-1,0,0.75,3,0.75
exact_dp_dynamic_shortage_penalty_only,7,-1,1,0.75,3,0.75
exact_dp_dynamic_shortage_penalty_only,7,-2,0,0.75,3,0.75
exact_dp_dynamic_shortage_penalty_only,7,-2,1,0.75,3,0.75
exact_dp_dynamic_shortage_penalty_only,7,-3,0,0.75,3,0.75
exact_dp_dynamic_shortage_penalty_only,7,-3,1,0.75,3,0.75
exact_dp_dynamic_shortage_penalty_only,7,2,0,0.75,3,1.0
exact_dp_dynamic_shortage_penalty_only,7,2,1,0.75,3,0.75
exact_dp_full_order_and_valuation_control,0,2,0,1.0,4,1.35
exact_dp_full_order_and_valuation_control,0,2,1,1.0,6,1.35
exact_dp_full_order_and_valuation_control,1,4,0,1.35,0,1.35
exact_dp_full_order_and_valuation_control,1,4,1,1.35,6,1.35
exact_dp_full_order_and_valuation_control,1,3,0,1.35,4,1.35
exact_dp_full_order_and_valuation_control,1,3,1,1.35,6,1.35
exact_dp_full_order_and_valuation_control,1,2,0,1.35,4,1.35
exact_dp_full_order_and_valuation_control,1,2,1,1.35,6,1.35
exact_dp_full_order_and_valuation_control,1,1,0,1.35,4,1.35
exact_dp_full_order_and_valuation_control,1,1,1,1.35,6,1.35
exact_dp_full_order_and_valuation_control,1,0,0,1.35,4,1.35
exact_dp_full_order_and_valuation_control,1,0,1,1.35,6,1.35
exact_dp_full_order_and_valuation_control,1,-1,0,1.35,6,1.35
exact_dp_full_order_and_valuation_control,1,-1,1,1.35,7,1.35
exact_dp_full_order_and_valuation_control,2,4,0,1.35,0,1.35
exact_dp_full_order_and_valuation_control,2,4,1,1.35,6,1.35
exact_dp_full_order_and_valuation_control,2,3,0,1.35,4,1.35
exact_dp_full_order_and_valuation_control,2,3,1,1.35,6,1.35
exact_dp_full_order_and_valuation_control,2,2,0,1.35,4,1.35
exact_dp_full_order_and_valuation_control,2,2,1,1.35,6,1.35
exact_dp_full_order_and_valuation_control,2,1,0,1.35,4,1.35
exact_dp_full_order_and_valuation_control,2,1,1,1.35,6,1.35
exact_dp_full_order_and_valuation_control,2,0,0,1.35,4,1.35
exact_dp_full_order_and_valuation_control,2,0,1,1.35,6,1.35
exact_dp_full_order_and_valuation_control,2,-1,0,1.35,6,1.35
exact_dp_full_order_and_valuation_control,2,-1,1,1.35,7,1.35
exact_dp_full_order_and_valuation_control,2,5,0,1.35,0,1.35
exact_dp_full_order_and_valuation_control,2,5,1,1.35,6,1.35
exact_dp_full_order_and_valuation_control,3,4,0,1.35,0,1.35
exact_dp_full_order_and_valuation_control,3,4,1,1.35,6,1.35
exact_dp_full_order_and_valuation_control,3,3,0,1.35,4,1.35
exact_dp_full_order_and_valuation_control,3,3,1,1.35,6,1.35
exact_dp_full_order_and_valuation_control,3,2,0,1.35,4,1.35
exact_dp_full_order_and_valuation_control,3,2,1,1.35,6,1.35
exact_dp_full_order_and_valuation_control,3,1,0,1.35,4,1.35
exact_dp_full_order_and_valuation_control,3,1,1,1.35,6,1.35
exact_dp_full_order_and_valuation_control,3,0,0,1.35,4,1.35
exact_dp_full_order_and_valuation_control,3,0,1,1.35,6,1.35
exact_dp_full_order_and_valuation_control,3,-1,0,1.35,6,1.35
exact_dp_full_order_and_valuation_control,3,-1,1,1.35,7,1.35
exact_dp_full_order_and_valuation_control,3,5,0,1.35,0,1.35
exact_dp_full_order_and_valuation_control,3,5,1,1.35,6,1.35
exact_dp_full_order_and_valuation_control,4,4,0,1.35,0,1.35
exact_dp_full_order_and_valuation_control,4,4,1,1.35,6,1.35
exact_dp_full_order_and_valuation_control,4,3,0,1.35,4,1.35
exact_dp_full_order_and_valuation_control,4,3,1,1.35,6,1.35
exact_dp_full_order_and_valuation_control,4,2,0,1.35,4,1.35
exact_dp_full_order_and_valuation_control,4,2,1,1.35,6,1.35
exact_dp_full_order_and_valuation_control,4,1,0,1.35,4,1.35
exact_dp_full_order_and_valuation_control,4,1,1,1.35,6,1.35
exact_dp_full_order_and_valuation_control,4,0,0,1.35,4,1.35
exact_dp_full_order_and_valuation_control,4,0,1,1.35,6,1.35
exact_dp_full_order_and_valuation_control,4,-1,0,1.35,6,1.35
exact_dp_full_order_and_valuation_control,4,-1,1,1.35,7,1.35
exact_dp_full_order_and_valuation_control,4,5,0,1.35,0,1.35
exact_dp_full_order_and_valuation_control,4,5,1,1.35,6,1.35
exact_dp_full_order_and_valuation_control,5,4,0,1.35,0,1.35
exact_dp_full_order_and_valuation_control,5,4,1,1.35,6,1.35
exact_dp_full_order_and_valuation_control,5,3,0,1.35,4,1.35
exact_dp_full_order_and_valuation_control,5,3,1,1.35,6,1.35
exact_dp_full_order_and_valuation_control,5,2,0,1.35,4,1.35
exact_dp_full_order_and_valuation_control,5,2,1,1.35,6,1.35
exact_dp_full_order_and_valuation_control,5,1,0,1.35,4,1.35
exact_dp_full_order_and_valuation_control,5,1,1,1.35,6,1.35
exact_dp_full_order_and_valuation_control,5,0,0,1.35,4,1.35
exact_dp_full_order_and_valuation_control,5,0,1,1.35,6,1.35
exact_dp_full_order_and_valuation_control,5,-1,0,1.35,6,1.35
exact_dp_full_order_and_valuation_control,5,-1,1,1.35,7,1.35
exact_dp_full_order_and_valuation_control,5,5,0,1.35,0,1.35
exact_dp_full_order_and_valuation_control,5,5,1,1.35,6,1.35
exact_dp_full_order_and_valuation_control,6,4,0,1.35,0,1.35
exact_dp_full_order_and_valuation_control,6,4,1,1.35,6,1.35
exact_dp_full_order_and_valuation_control,6,3,0,1.35,4,1.35
exact_dp_full_order_and_valuation_control,6,3,1,1.35,6,1.35
exact_dp_full_order_and_valuation_control,6,2,0,1.35,4,1.35
exact_dp_full_order_and_valuation_control,6,2,1,1.35,6,1.35
exact_dp_full_order_and_valuation_control,6,1,0,1.35,4,1.35
exact_dp_full_order_and_valuation_control,6,1,1,1.35,6,1.35
exact_dp_full_order_and_valuation_control,6,0,0,1.35,4,1.35
exact_dp_full_order_and_valuation_control,6,0,1,1.35,6,1.35
exact_dp_full_order_and_valuation_control,6,-1,0,1.35,6,1.35
exact_dp_full_order_and_valuation_control,6,-1,1,1.35,7,1.35
exact_dp_full_order_and_valuation_control,6,5,0,1.35,0,1.35
exact_dp_full_order_and_valuation_control,6,5,1,1.35,6,1.35
exact_dp_full_order_and_valuation_control,7,4,0,1.35,0,1.35
exact_dp_full_order_and_valuation_control,7,4,1,1.35,6,1.35
exact_dp_full_order_and_valuation_control,7,3,0,1.35,4,1.35
exact_dp_full_order_and_valuation_control,7,3,1,1.35,6,1.35
exact_dp_full_order_and_valuation_control,7,2,0,1.35,4,1.35
exact_dp_full_order_and_valuation_control,7,2,1,1.35,6,1.35
exact_dp_full_order_and_valuation_control,7,1,0,1.35,4,1.35
exact_dp_full_order_and_valuation_control,7,1,1,1.35,6,1.35
exact_dp_full_order_and_valuation_control,7,0,0,1.35,4,1.35
exact_dp_full_order_and_valuation_control,7,0,1,1.35,6,1.35
exact_dp_full_order_and_valuation_control,7,-1,0,1.35,6,1.35
exact_dp_full_order_and_valuation_control,7,-1,1,1.35,7,1.35
exact_dp_full_order_and_valuation_control,7,5,0,1.35,0,1.35
exact_dp_full_order_and_valuation_control,7,5,1,1.35,6,1.35
