scenario,method,seed,param_dim,cem_iterations,cem_population,policy_evaluations,search_mean_welfare,mean_welfare,avg_cost,fill_rate,ending_backlog,avg_inventory,avg_order,theta_std,service_breach_count
baseline,full_ndu_inventory,1761,12,10,24,240,-3.5692648566567433,-3.6798838721397993,4.272440872773752,0.9996653282042441,0.2995409101542711,8.163362951557035,22.84031988339599,0.06574047161174809,1.4921875
baseline,full_ndu_inventory,2761,12,10,24,240,-3.6670547462187733,-3.730435449069154,4.320652077020728,0.9995387972439468,0.4250101189272854,8.345895250697376,22.654023426168493,0.13638312174613654,1.5364583333333333
baseline,full_ndu_inventory,3761,12,10,24,240,-3.8229029215971337,-3.6958835139763004,4.300072245961245,0.9997814039981181,0.19809711329654967,8.876352546877905,22.937608378004295,0.06159572097896229,1.1354166666666667
baseline,full_ndu_inventory,4761,12,10,24,240,-3.7993849397374317,-3.738370169262724,4.3333823713624335,0.9996304315124638,0.3277998597954768,8.580574769665748,22.841519859152204,0.07926730234883746,1.4010416666666667
baseline,full_ndu_inventory,5761,12,10,24,240,-3.8223508435105393,-3.781322265677678,4.381512311041093,0.9996038337954269,0.36455212752619026,9.03441802730115,22.783976315852296,0.11440447577029222,1.2213541666666667
baseline,full_ndu_inventory,6761,12,10,24,240,-3.649913347404521,-3.7552527722319176,4.347792978850649,0.9996046352023414,0.35883964602482604,8.434247819230942,22.944083570724526,0.06228080461515323,1.4765625
baseline,full_ndu_inventory,7761,12,10,24,240,-3.5562058302337562,-3.695759487799348,4.280738127905757,0.9997238925133013,0.25775129746981223,7.661694462971965,22.695036242132403,0.12592385738756814,1.7604166666666667
baseline,full_ndu_inventory,8761,12,10,24,240,-3.8203715386724353,-3.702540141149487,4.306309918569149,0.999621612802458,0.35653383996729754,8.974511906299526,23.02707469667583,0.05765603246948257,1.1067708333333333
baseline,full_ndu_inventory,9761,12,10,24,240,-3.6669138749357124,-3.6723950984989,4.2737652912327,0.9998001803417251,0.1758403037676003,8.540807231366946,23.006633134569682,0.15355089103807096,1.234375
baseline,full_ndu_inventory,10761,12,10,24,240,-3.7922304660039385,-3.6817054368277575,4.281487051232517,0.9997773893005949,0.2084189083423844,8.510559586500355,22.96234698574078,0.08820294914938738,1.28125
baseline,action_only_adaptive_base_stock,2761,7,9,22,198,-3.6767381688977103,-3.7477300286326343,4.335172630088589,0.9995924345569943,0.3726438729078721,8.20753626922938,22.662972484335157,0.0,1.6432291666666667
baseline,action_only_adaptive_base_stock,3761,7,9,22,198,-3.8081941833444803,-3.6808591585389494,4.287744696027651,0.9998548328110877,0.1336282501845658,8.888303543706412,22.958021819584488,0.0,1.0651041666666667
baseline,action_only_adaptive_base_stock,4761,7,9,22,198,-3.790910721875238,-3.7391972977386208,4.334066055485249,0.9996417978433286,0.31669426363938163,8.57311477976206,22.846860817905213,0.0,1.4088541666666667
baseline,action_only_adaptive_base_stock,5761,7,9,22,198,-3.793584409123998,-3.7393732944270806,4.343513654749599,0.9996874669153147,0.28995318479605553,9.030347337512815,22.802111992132314,0.0,1.1119791666666667
baseline,action_only_adaptive_base_stock,6761,7,9,22,198,-3.658210991434782,-3.773511715300636,4.367945355967948,0.9995874082084141,0.37055348356280565,8.59551327361978,22.949164864219,0.0,1.4088541666666667
baseline,action_only_adaptive_base_stock,7761,7,9,22,198,-3.5515124710391985,-3.693048046729357,4.28288636238582,0.999764945707058,0.21892973638285187,7.954571282043463,22.70790606715167,0.0,1.609375
baseline,action_only_adaptive_base_stock,8761,7,9,22,198,-3.8867120377170936,-3.7508282082998705,4.349974576989582,0.9995417335862139,0.4245353520255633,8.853007394542288,23.01707256611296,0.0,1.2395833333333333
baseline,action_only_adaptive_base_stock,9761,7,9,22,198,-3.7429688271315387,-3.6831193987034943,4.2775161409897455,0.9996413896607814,0.310551622428171,8.20970263747301,22.97391609414788,0.0,1.4244791666666667
baseline,action_only_adaptive_base_stock,10761,7,9,22,198,-3.8574590836317455,-3.704991813323405,4.299794055907783,0.9996041865730473,0.3577007203598819,8.448710415340924,22.931585879311125,0.0,1.4010416666666667
baseline,action_only_adaptive_base_stock,11761,7,9,22,198,-3.827917277956513,-3.693722642417699,4.286449804202568,0.9995205827231087,0.43010468961044684,8.391924994116971,22.87895928469045,0.0,1.4479166666666667
baseline,fixed_service_base_stock,3761,3,8,18,144,-3.8870714932076758,-3.7666911132682337,4.364459739754332,0.9997308439357623,0.2409169785686416,8.787325370890652,22.93606518065113,0.0,1.3359375
baseline,fixed_service_base_stock,4761,3,8,18,144,-3.810840221797581,-3.753026845408891,4.339682906222209,0.9996308357266649,0.3237911271685156,8.20892519170408,22.84707239727373,0.0,1.6796875
baseline,fixed_service_base_stock,5761,3,8,18,144,-3.830681054210525,-3.756232671282467,4.353526708336987,0.9996226921318149,0.3463125565642205,8.792783822366655,22.787903304977164,0.0,1.3229166666666667
baseline,fixed_service_base_stock,6761,3,8,18,144,-3.722930351635026,-3.8441665474029296,4.434224328067337,0.9994994100830511,0.4464763843236983,8.583692844960296,22.942466845399238,0.0,1.53125
baseline,fixed_service_base_stock,7761,3,8,18,144,-3.5762453754607533,-3.6914575150815274,4.28469653398041,0.9997798773623604,0.20442969077657813,8.190446939599786,22.709511169098135,0.0,1.5
baseline,fixed_service_base_stock,8761,3,8,18,144,-3.8743824379626792,-3.7362931311506222,4.3308144252763014,0.9995202398907099,0.44501534667633197,8.530765750014446,23.01326671855827,0.0,1.3880208333333333
baseline,fixed_service_base_stock,9761,3,8,18,144,-3.7843892568781037,-3.7106536516393316,4.298969243674268,0.9995941365043671,0.34946744564109505,8.042714120400253,22.96858257158254,0.0,1.6145833333333333
baseline,fixed_service_base_stock,10761,3,8,18,144,-3.8567260316137686,-3.7185148715736034,4.316227644218695,0.9996847997056365,0.28443367450197693,8.668033900661905,22.949455815288093,0.0,1.3255208333333333
baseline,fixed_service_base_stock,11761,3,8,18,144,-3.8524592543032385,-3.710757444869109,4.303089438185712,0.9995395460395754,0.4118201135917579,8.37500936808259,22.885160100061384,0.0,1.4661458333333333
baseline,fixed_service_base_stock,12761,3,8,18,144,-3.6346253784181277,-3.7043141713146333,4.300121688951393,0.999749377204595,0.23544384033679736,8.318883962262356,23.07568769901955,0.0,1.40625
volatile_demand,full_ndu_inventory,1858,12,10,24,240,-5.5535071259051865,-5.57366824501637,6.164935909347228,0.9996897080413572,0.31548459230930603,13.47294570464819,25.41103298234503,0.19495367505757755,1.5416666666666667
volatile_demand,full_ndu_inventory,2858,12,10,24,240,-5.4981848104181665,-5.59105041479889,6.173629752440983,0.9995314015802615,0.4682689800393294,13.031232974341037,25.240990277615833,0.1509468071808906,1.7890625
volatile_demand,full_ndu_inventory,3858,12,10,24,240,-5.4406057492580695,-5.5966302919958855,6.187184680160699,0.9995419547706016,0.46017040730042846,13.71139111294722,25.244212945769874,0.20141094196206008,1.5260416666666667
volatile_demand,full_ndu_inventory,4858,12,10,24,240,-5.7774681399754115,-5.615907663918374,6.221300734792081,0.9997756963592134,0.2293600370194084,14.771940354488976,25.25269568895793,0.26308982170885004,1.09375
volatile_demand,full_ndu_inventory,5858,12,10,24,240,-5.435352439537795,-5.618836215202471,6.196967858948767,0.9994734867182871,0.5453944709101067,12.894801576435304,25.159000498946764,0.13812678861903224,1.921875
volatile_demand,full_ndu_inventory,6858,12,10,24,240,-5.512159547763472,-5.610663537043062,6.192747988644548,0.9995964939501857,0.423798346419596,13.22641136715969,25.22693826850458,0.27145503300271084,1.8229166666666667
volatile_demand,full_ndu_inventory,7858,12,10,24,240,-5.520368358100638,-5.570705832040839,6.142375624922952,0.9993493491102642,0.650948208313901,12.361949478507318,25.273893497762206,0.15568206755520445,2.1041666666666665
volatile_demand,full_ndu_inventory,8858,12,10,24,240,-5.691130074929246,-5.522720244205961,6.116010339217785,0.9996300118764779,0.3741536821621392,13.652808541475709,25.444367951826298,0.21735459189091152,1.4583333333333333
volatile_demand,full_ndu_inventory,9858,12,10,24,240,-5.440959862070782,-5.563393542815857,6.146421016010909,0.9994214028993816,0.5844327957819039,13.181927070375394,25.26190309443214,0.13036502177111298,1.7447916666666667
volatile_demand,full_ndu_inventory,10858,12,10,24,240,-5.714652577223592,-5.561518414913891,6.161459007364141,0.9996605428062812,0.3438345001499478,14.22524661231441,25.329649776045084,0.2169674747518053,1.2447916666666667
volatile_demand,action_only_adaptive_base_stock,2858,7,9,22,198,-5.507716580153935,-5.604995218482903,6.177227367299321,0.9994098779770523,0.5906049077700275,12.51356186632549,25.211376071582794,0.0,2.1015625
volatile_demand,action_only_adaptive_base_stock,3858,7,9,22,198,-5.482850214897079,-5.602060517904124,6.182773257089905,0.9994445611482227,0.5518360264563201,13.114097730115681,25.227953396567415,0.0,1.828125
volatile_demand,action_only_adaptive_base_stock,4858,7,9,22,198,-5.793652284154395,-5.547709627342773,6.136632545143539,0.9995040366000957,0.4979429540372311,13.636804012030732,25.171656693918703,0.0,1.5703125
volatile_demand,action_only_adaptive_base_stock,5858,7,9,22,198,-5.449940165165918,-5.625584775730377,6.203288667870581,0.9993809552675256,0.6361192225815289,12.991135894349343,25.142792883828804,0.0,1.9114583333333333
volatile_demand,action_only_adaptive_base_stock,6858,7,9,22,198,-5.574709682367626,-5.604902403347857,6.1912062746810905,0.9995965776666541,0.41097261689966835,13.457509398705975,25.230529877607164,0.0,1.6822916666666667
volatile_demand,action_only_adaptive_base_stock,7858,7,9,22,198,-5.54692338631957,-5.619067217466198,6.187864164365841,0.9992246183624554,0.7709318170372962,12.484242314570379,25.25659755672673,0.0,2.1666666666666665
volatile_demand,action_only_adaptive_base_stock,8858,7,9,22,198,-5.756151495337663,-5.503138923003921,6.0873553564417975,0.9993551791797343,0.6437901044441365,12.984131230329709,25.392470587295083,0.0,1.6875
volatile_demand,action_only_adaptive_base_stock,9858,7,9,22,198,-5.467941761188657,-5.586941433345825,6.169968869154782,0.9994018669761195,0.6009546239586996,13.268915952994497,25.26183939011265,0.0,1.7395833333333333
volatile_demand,action_only_adaptive_base_stock,10858,7,9,22,198,-5.806907763503108,-5.596953590103065,6.179547053423754,0.9993183235400861,0.6861099251486801,13.24528133905614,25.25774049487732,0.0,1.7317708333333333
volatile_demand,action_only_adaptive_base_stock,11858,7,9,22,198,-5.415613370081713,-5.636215809382411,6.21376257207772,0.9996347515869138,0.36520878992097844,12.838161899873649,25.135012845445676,0.0,1.984375
volatile_demand,fixed_service_base_stock,3858,3,8,18,144,-5.539114089490698,-5.643632721022662,6.226715427374942,0.999525963294035,0.4720081165944215,13.316828030855762,25.246795302978995,0.0,1.7708333333333333
volatile_demand,fixed_service_base_stock,4858,3,8,18,144,-5.835073969453009,-5.562267421052428,6.151328594061646,0.9995115528761521,0.4920708758173049,13.562826469214796,25.178250779376423,0.0,1.5677083333333333
volatile_demand,fixed_service_base_stock,5858,3,8,18,144,-5.497488437681424,-5.6717900269509505,6.2431638459356975,0.9993221179980933,0.6921022918874175,12.665088509170365,25.13796586420146,0.0,2.1067708333333335
volatile_demand,fixed_service_base_stock,6858,3,8,18,144,-5.6410160643966485,-5.666177316216438,6.24017949504583,0.9994846473536739,0.5252312057390854,12.869901629409123,25.208175313211637,0.0,2.0625
volatile_demand,fixed_service_base_stock,7858,3,8,18,144,-5.586271083963991,-5.641056701881766,6.210644866113317,0.9993723486539438,0.6199009238886521,12.331181099798878,25.284943326714256,0.0,2.1796875
volatile_demand,fixed_service_base_stock,8858,3,8,18,144,-5.820803897256307,-5.550108526244035,6.132739110170519,0.9994108542408107,0.5868901344076466,12.90280720123711,25.4100492457134,0.0,1.7552083333333333
volatile_demand,fixed_service_base_stock,9858,3,8,18,144,-5.543448219923721,-5.647821857103081,6.215413284008268,0.9992790064881483,0.7276892745713516,12.425465848965871,25.23959264609182,0.0,2.2213541666666665
volatile_demand,fixed_service_base_stock,10858,3,8,18,144,-5.737966984366599,-5.547584552828719,6.136515823638239,0.9995636744761901,0.44649409327525236,13.290970077953105,25.309336695613904,0.0,1.5859375
volatile_demand,fixed_service_base_stock,11858,3,8,18,144,-5.39478246762203,-5.613668778713965,6.19146157637532,0.9996752715826692,0.3257946965476952,12.76943032934165,25.144088082343913,0.0,1.9869791666666667
volatile_demand,fixed_service_base_stock,12858,3,8,18,144,-5.498281054352633,-5.594201287069363,6.169665425543104,0.9992474704342175,0.8007782415703941,12.67847119282292,25.57939504605787,0.0,1.9505208333333333
high_shortage_penalty,full_ndu_inventory,1955,12,10,24,240,-3.9271009893650075,-3.8747393490902025,4.595251266926379,0.9999291602108257,0.062281531625641984,9.98020989107872,22.794179149423808,0.04802808050974707,0.7057291666666666
high_shortage_penalty,full_ndu_inventory,2955,12,10,24,240,-3.9300072748981036,-3.899493663928039,4.612727884361733,0.9998867710105644,0.10557675048659627,9.558091660154622,23.166424386114745,0.1574693297302656,0.8307291666666666
high_shortage_penalty,full_ndu_inventory,3955,12,10,24,240,-3.894292070457439,-3.9119307655827362,4.626493100980398,0.9998154980243154,0.1734834012735551,9.70202549910044,22.985218065649224,0.12140333748737175,0.7942708333333334
high_shortage_penalty,full_ndu_inventory,4955,12,10,24,240,-3.9104455722491593,-3.8806047982503293,4.598952710693072,0.9998370609588852,0.15468303489417287,9.763741118172142,22.948195195410435,0.12199740022731513,0.7291666666666666
high_shortage_penalty,full_ndu_inventory,5955,12,10,24,240,-3.8199647560832117,-3.8677220901370766,4.593326103224286,0.9997716395354956,0.2071372322373005,10.141868083407317,22.908823935412613,0.06371386414016118,0.5859375
high_shortage_penalty,full_ndu_inventory,6955,12,10,24,240,-3.9560936954462904,-3.965713120312716,4.68762695260861,0.9999108858557081,0.08649151732692666,10.236088773154304,22.991706164071843,0.09260509233596097,0.6770833333333334
high_shortage_penalty,full_ndu_inventory,7955,12,10,24,240,-3.8385904372672486,-3.8939144440745572,4.599944990859357,0.999806943521207,0.18250396284492765,9.297002768346873,22.951252556019295,0.15316318370712168,0.9479166666666666
high_shortage_penalty,full_ndu_inventory,8955,12,10,24,240,-3.8497147296021823,-3.8973681458606357,4.613123887197079,0.9997752754038363,0.1992802079130965,9.81007236017336,22.94516083786982,0.08801704359431149,0.765625
high_shortage_penalty,full_ndu_inventory,9955,12,10,24,240,-3.879949048805912,-3.8614084225363325,4.580314661574932,0.9997902948988,0.18741912209905887,9.816488862196296,23.03607155169887,0.15254826584815775,0.7109375
high_shortage_penalty,full_ndu_inventory,10955,12,10,24,240,-3.868997734567917,-3.928593632001179,4.642503300897778,0.9998071033049052,0.18181346864512613,9.775205832601225,23.093518573642132,0.06416411796239259,0.8046875
high_shortage_penalty,action_only_adaptive_base_stock,2955,7,9,22,198,-3.9060286842236933,-3.8761159821343596,4.587739704619977,0.9998830892090123,0.10939224249643349,9.40198188019636,23.164554611840817,0.0,0.859375
high_shortage_penalty,action_only_adaptive_base_stock,3955,7,9,22,198,-3.8632438141362355,-3.8680728702900016,4.582388117043176,0.9998196422020885,0.16847552869816698,9.608578502218236,22.983255069856057,0.0,0.7994791666666666
high_shortage_penalty,action_only_adaptive_base_stock,4955,7,9,22,198,-3.9409820555985364,-3.883114393809821,4.596758016687303,0.9997790984607876,0.20252797745520393,9.623650595915896,22.93028121095189,0.0,0.8046875
high_shortage_penalty,action_only_adaptive_base_stock,5955,7,9,22,198,-3.7794157235467587,-3.8278251548146898,4.5463650735342425,0.9997818883739878,0.19951257108671502,9.601253871791451,22.906825434553497,0.0,0.7161458333333334
high_shortage_penalty,action_only_adaptive_base_stock,6955,7,9,22,198,-3.957161317389096,-3.9367295538933926,4.6605120598281085,0.9999115905369876,0.0842252555810486,10.29054574298017,22.98611833954388,0.0,0.6432291666666666
high_shortage_penalty,action_only_adaptive_base_stock,7955,7,9,22,198,-3.871340541912403,-3.9296899769084823,4.629473073963229,0.9997825409180437,0.20378737785640497,9.133353979084863,22.941383808834175,0.0,1.0572916666666667
high_shortage_penalty,action_only_adaptive_base_stock,8955,7,9,22,198,-3.8502510475525016,-3.863896389489382,4.5812121725079145,0.9997736460194947,0.2015094996483112,9.796233908056983,22.943129627251864,0.0,0.7369791666666666
high_shortage_penalty,action_only_adaptive_base_stock,9955,7,9,22,198,-3.9579231147143545,-3.9316199312968485,4.638080689663773,0.9997014614070446,0.2604404691960423,9.54464227355328,23.028828516462223,0.0,0.921875
high_shortage_penalty,action_only_adaptive_base_stock,10955,7,9,22,198,-3.8918297381748927,-3.9492695369799122,4.658109074821198,0.9998463219657494,0.14398107938957308,9.592990572459618,23.10844752850782,0.0,0.9036458333333334
high_shortage_penalty,action_only_adaptive_base_stock,11955,7,9,22,198,-3.7631901956221134,-3.8444922286466596,4.558990219876393,0.9998539552171649,0.1391153164134485,9.61321855450823,23.022378895661124,0.0,0.8020833333333334
high_shortage_penalty,fixed_service_base_stock,3955,3,8,18,144,-3.884398595041148,-3.8822142785294544,4.59280826367172,0.9997596190500632,0.2237695089829669,9.509784632562228,22.96795340094462,0.0,0.8567708333333334
high_shortage_penalty,fixed_service_base_stock,4955,3,8,18,144,-3.956299175127968,-3.896251638077352,4.612320273543792,0.9997931348736605,0.18990052912017188,9.789974507682793,22.936452545828416,0.0,0.7630208333333334
high_shortage_penalty,fixed_service_base_stock,5955,3,8,18,144,-3.818524720039971,-3.8528648460030257,4.567692208959457,0.9997680118901506,0.20983976025999695,9.587824261351058,22.909005472946006,0.0,0.78125
high_shortage_penalty,fixed_service_base_stock,6955,3,8,18,144,-4.1475118244186575,-4.001025003687402,4.709204972010728,0.9998070471042096,0.17200499681797435,9.805832209946987,22.954916054517145,0.0,0.9088541666666666
high_shortage_penalty,fixed_service_base_stock,7955,3,8,18,144,-3.943728904421165,-4.004529055510005,4.701520902053171,0.9997751834080525,0.20852414253019366,9.321203965127863,22.940194500799787,0.0,1.1067708333333333
high_shortage_penalty,fixed_service_base_stock,8955,3,8,18,144,-3.856541134839047,-3.874914931856585,4.584896055280902,0.9997704910622088,0.20517125318037166,9.517797517040455,22.941525444361456,0.0,0.8697916666666666
high_shortage_penalty,fixed_service_base_stock,9955,3,8,18,144,-4.007346141482982,-3.9828142097182053,4.676710902431312,0.9996152220399762,0.33508562772339817,9.20339124825915,23.014629527481304,0.0,1.1354166666666667
high_shortage_penalty,fixed_service_base_stock,10955,3,8,18,144,-3.932588005674181,-3.9312055342329315,4.639040244283511,0.9997857808825173,0.19957279568797356,9.516440267087376,23.087076318349386,0.0,0.9114583333333334
high_shortage_penalty,fixed_service_base_stock,11955,3,8,18,144,-3.7672233440332996,-3.8450306786929853,4.557417102582337,0.9998427595322125,0.14885398419169654,9.508875828025511,23.017693065860005,0.0,0.8385416666666666
high_shortage_penalty,fixed_service_base_stock,12955,3,8,18,144,-4.040718142963669,-3.893000406255695,4.606713172935421,0.9998316070189186,0.1608561457986902,9.804397891239997,22.910662417183072,0.0,0.8125
tight_capacity,full_ndu_inventory,2052,12,10,24,240,-3.741830874547882,-3.7536383863114335,4.4350295452283035,0.9997813093240967,0.19783544141617712,8.531724356402924,23.235849229869572,0.06701128585058218,1.2213541666666667
tight_capacity,full_ndu_inventory,3052,12,10,24,240,-3.7430698750680533,-3.7848723376655258,4.4697809256620085,0.9997467875551648,0.21814626194599185,8.945401078403853,23.13538649030262,0.1981545607915495,1.09375
tight_capacity,full_ndu_inventory,4052,12,10,24,240,-3.68061157999092,-3.7717862840952807,4.457355925840873,0.9997421129717324,0.24905169263727212,8.975420921714038,22.981189116666332,0.09717756708366532,1.0703125
tight_capacity,full_ndu_inventory,5052,12,10,24,240,-3.9544676822146214,-3.770551487003298,4.456817581318481,0.9997760938127982,0.19594822505066042,9.015869164025167,22.979058237856055,0.07811529535651346,1.0572916666666667
tight_capacity,full_ndu_inventory,6052,12,10,24,240,-3.780068601333525,-3.7747722947223,4.4590895898221605,0.9996637272333179,0.31620776036828774,8.981495039221384,22.956276875406754,0.1805107825107524,1.0885416666666667
tight_capacity,full_ndu_inventory,7052,12,10,24,240,-3.7111523602925773,-3.8269377295916347,4.504782048607978,0.9996215910018158,0.35017355731485794,8.705269826529323,22.973572788945955,0.18382737363955656,1.2916666666666667
tight_capacity,full_ndu_inventory,8052,12,10,24,240,-3.832665446714637,-3.775565019837209,4.456308374442508,0.9997006505117,0.28271728732636503,8.66749382042334,23.145668285142463,0.11205771712600336,1.21875
tight_capacity,full_ndu_inventory,9052,12,10,24,240,-3.822389479346319,-3.7956172208263355,4.484952491127738,0.9998393355890446,0.15259470347480997,9.242031992573144,23.05588726624832,0.08180118617960459,0.9739583333333334
tight_capacity,full_ndu_inventory,10052,12,10,24,240,-3.749755834589382,-3.81995412614601,4.494386782431764,0.9995289756984173,0.4259163209055297,8.648887675772437,22.878139500278518,0.10467070361336399,1.3776041666666667
tight_capacity,full_ndu_inventory,11052,12,10,24,240,-3.8008766458112517,-3.8191317734734027,4.504207718905302,0.9998521883813222,0.13747153332839113,9.092640919674215,23.032004417395626,0.03543565529692886,1.1197916666666667
tight_capacity,action_only_adaptive_base_stock,3052,7,9,22,198,-3.7873028821701085,-3.8069075335761586,4.493203487511828,0.9995623976595187,0.3783825608473775,9.26327388921516,23.10715241402744,0.0,0.9921875
tight_capacity,action_only_adaptive_base_stock,4052,7,9,22,198,-3.8062020669006125,-3.799869141143605,4.485268555473357,0.9997666015921944,0.21665675213540622,9.18648118185313,22.990200979880512,0.0,1.0833333333333333
tight_capacity,action_only_adaptive_base_stock,5052,7,9,22,198,-3.9488268361419174,-3.765770722596328,4.449506998126134,0.999712016725534,0.2529235728815995,8.967193496374335,22.961557072539858,0.0,1.1223958333333333
tight_capacity,action_only_adaptive_base_stock,6052,7,9,22,198,-3.789161599573668,-3.7881585310182544,4.473270136859666,0.9996478173157124,0.3294836525968137,9.158748215427517,22.95465601726465,0.0,1.0572916666666667
tight_capacity,action_only_adaptive_base_stock,7052,7,9,22,198,-3.700366306113343,-3.824089860971769,4.500672248114437,0.9995942235714074,0.374018585590359,8.64606994010902,22.968729605484437,0.0,1.3255208333333333
tight_capacity,action_only_adaptive_base_stock,8052,7,9,22,198,-3.8224050305122335,-3.771394424518038,4.455476052487301,0.999733028107696,0.2527599697543945,8.865975745268274,23.155585921002444,0.0,1.1171875
tight_capacity,action_only_adaptive_base_stock,9052,7,9,22,198,-3.8310229707480907,-3.833848295536187,4.516882351669671,0.9997989229037204,0.18678071339088873,9.03599555074106,23.044451898125384,0.0,1.171875
tight_capacity,action_only_adaptive_base_stock,10052,7,9,22,198,-3.7718372389636285,-3.856083518035918,4.525976710499838,0.9995107019404355,0.440942449330187,8.479052999783603,22.879207072373617,0.0,1.5234375
tight_capacity,action_only_adaptive_base_stock,11052,7,9,22,198,-3.8653237086777614,-3.8693586977466516,4.543698164947976,0.9997269546890362,0.2513569890104432,8.702613834534006,23.00272337111193,0.0,1.4401041666666667
tight_capacity,action_only_adaptive_base_stock,12052,7,9,22,198,-3.701992911140131,-3.837538764796413,4.512498669831637,0.9996830450039137,0.2914233687383438,8.626164242761073,22.856552458345703,0.0,1.40625
tight_capacity,fixed_service_base_stock,4052,3,8,18,144,-3.833049752352919,-3.822185896176244,4.499544929092038,0.9996544758795327,0.319955970443699,8.693958488317046,22.966306713816152,0.0,1.3177083333333333
tight_capacity,fixed_service_base_stock,5052,3,8,18,144,-3.9795583220249355,-3.7918649492978553,4.4796586173044535,0.9997114492229554,0.2526905302920215,9.298820985002871,22.963592750484356,0.0,0.9869791666666666
tight_capacity,fixed_service_base_stock,6052,3,8,18,144,-3.834882232558396,-3.832012529631433,4.51125883846954,0.9995603537597897,0.4092585082064362,8.935540215782565,22.94180701135549,0.0,1.2265625
tight_capacity,fixed_service_base_stock,7052,3,8,18,144,-3.703899823245205,-3.8174834161911093,4.491571331191515,0.9996295600000451,0.3414445371756605,8.50267193918385,22.975468309077147,0.0,1.4192708333333333
tight_capacity,fixed_service_base_stock,8052,3,8,18,144,-3.818876289856907,-3.766549676875813,4.452334656934098,0.9997399977842539,0.2470273688627008,8.925773803976535,23.15642279816683,0.0,1.0625
tight_capacity,fixed_service_base_stock,9052,3,8,18,144,-3.873328470010968,-3.8588401811742563,4.536171885028462,0.9997469254282451,0.23240417610420186,8.733402200264544,23.030357567267984,0.0,1.3463541666666667
tight_capacity,fixed_service_base_stock,10052,3,8,18,144,-3.748481168679592,-3.8203693185736785,4.505881503232193,0.9996923260731684,0.27821923740505067,9.23365977517998,22.90886511198588,0.0,1.0572916666666667
tight_capacity,fixed_service_base_stock,11052,3,8,18,144,-3.778151880900525,-3.801033770937257,4.48433680652071,0.9998374900648281,0.15360590331258508,8.845205144160117,23.028094195832114,0.0,1.1744791666666667
tight_capacity,fixed_service_base_stock,12052,3,8,18,144,-3.6948994339879384,-3.8354880116813064,4.5106116017521005,0.9997099127856438,0.2675796370541367,8.591055387777002,22.861256438486333,0.0,1.4088541666666667
tight_capacity,fixed_service_base_stock,13052,3,8,18,144,-3.7868329230565534,-3.782097776923894,4.460032675395148,0.9996576970523616,0.31917759265694273,8.657868802454244,23.133358121182084,0.0,1.2994791666666667
