config,seed_index,method,train_seed,eval_seed,iterations,population,policy_evaluations,objective,search_score,mean_welfare,mean_welfare_no_theta_cost,avg_cost,avg_cost_no_theta,fill_rate,ending_backlog,avg_inventory,avg_order,theta_std,theta_mean_abs_deviation_from_one,service_breach_count
welfare_1536_confirm24,0,full_ndu_inventory,13061,1199000,32,48,1536,welfare,-3.6204997418777456,-3.686275582187845,-3.6838076767097814,4.2824719192295815,4.280004013751518,0.9996270811927171,0.34118371137516923,8.429238667023773,22.894247214823604,0.055269423819916196,0.22549416979177533,1.3606770833333333
welfare_1536_confirm24,0,action_only_adaptive_base_stock,13161,1199000,32,48,1536,welfare,-3.6037739739083903,-3.7314432223116287,-3.7314432223116287,4.30993844108015,4.30993844108015,0.9995824101585652,0.37971499744941983,7.633662457895004,22.888003990813104,0.0,0.0,1.9388020833333333
welfare_1536_confirm24,1,full_ndu_inventory,14061,1199001,32,48,1536,welfare,-3.5880672635391995,-3.6745906129238795,-3.672714321839834,4.267562765228427,4.265686474144381,0.9996049174755685,0.3619211290929381,8.198400688087657,22.814015972627487,0.05253634264339194,0.1947681045276826,1.4622395833333333
welfare_1536_confirm24,1,action_only_adaptive_base_stock,14161,1199001,32,48,1536,welfare,-3.664033165986156,-3.6840431838851924,-3.6840431838851924,4.283171408871564,4.283171408871564,0.9997250124982964,0.254279657875449,8.545669503870034,22.840821454029236,0.0,0.0,1.2890625
welfare_1536_confirm24,2,full_ndu_inventory,15061,1199002,32,48,1536,welfare,-3.7059937171328614,-3.678211601224829,-3.6750592148996524,4.281430898829474,4.278278512504297,0.9997774122005806,0.2052581664948523,8.65545074418513,23.117216662053,0.18453121694735763,0.21207752430260401,1.1666666666666667
welfare_1536_confirm24,2,action_only_adaptive_base_stock,15161,1199002,32,48,1536,welfare,-3.6339627269541857,-3.6778342102098716,-3.6778342102098716,4.274032250516014,4.274032250516014,0.9997200675382677,0.25774315372298934,8.278313015207413,23.10353472877397,0.0,0.0,1.3854166666666667
welfare_1536_confirm24,3,full_ndu_inventory,16061,1199003,32,48,1536,welfare,-3.750552582265913,-3.7357676002695097,-3.7349869710622396,4.336389219416437,4.335608590209167,0.999745671143366,0.2344473997539689,8.790737650565632,22.931044264845795,0.10163753078464914,0.10724938449225198,1.2447916666666667
welfare_1536_confirm24,3,action_only_adaptive_base_stock,16161,1199003,32,48,1536,welfare,-3.675013425546045,-3.760611078500427,-3.760611078500427,4.341858215617556,4.341858215617556,0.9995113608896412,0.44581709751436366,7.8558716168590665,22.882176235964987,0.0,0.0,1.828125
welfare_1536_confirm24,4,full_ndu_inventory,17061,1199004,32,48,1536,welfare,-3.761773532826512,-3.6919699730173616,-3.689846275195997,4.291674613867097,4.289550916045733,0.999704291043717,0.2718178586829068,8.541894591161338,23.095752438949933,0.05589190693146051,0.20655201426024278,1.2643229166666667
welfare_1536_confirm24,4,action_only_adaptive_base_stock,17161,1199004,32,48,1536,welfare,-3.6900529673506512,-3.710886150989728,-3.710886150989728,4.3067946872078275,4.3067946872078275,0.9996643482772624,0.3095129978517542,8.447014318010561,23.088845068837117,0.0,0.0,1.3802083333333333
welfare_1536_confirm24,5,full_ndu_inventory,18061,1199005,32,48,1536,welfare,-3.745017543627567,-3.659116828758332,-3.657770151024286,4.256195632374991,4.254848954640946,0.9997764520145825,0.20279613414098888,8.297953943478587,22.861121429182177,0.12593152349457234,0.14171466294584345,1.37109375
welfare_1536_confirm24,5,action_only_adaptive_base_stock,18161,1199005,32,48,1536,welfare,-3.715624564252709,-3.6873617061863286,-3.6873617061863286,4.284385564004734,4.284385564004734,0.9997354041023007,0.23746850887160872,8.453468301603248,22.851513632429626,0.0,0.0,1.3619791666666667
welfare_1536_confirm24,6,full_ndu_inventory,19061,1199006,32,48,1536,welfare,-3.6958957750057237,-3.6919052214324566,-3.690849921043505,4.290222793254498,4.289167492865546,0.999735985540255,0.24569632654350085,8.527983978027715,22.89654168897503,0.07925292848508718,0.13144189224629302,1.3190104166666667
welfare_1536_confirm24,6,action_only_adaptive_base_stock,19161,1199006,32,48,1536,welfare,-3.83672631888767,-3.6962471740405625,-3.6962471740405625,4.299443771158454,4.299443771158454,0.9997696918272364,0.21197725150627725,8.826534792748921,22.908058967929204,0.0,0.0,1.1653645833333333
welfare_1536_confirm24,7,full_ndu_inventory,20061,1199007,32,48,1536,welfare,-3.706230698803202,-3.67523842934906,-3.674851395456612,4.277103636032381,4.276716602139934,0.999759518022915,0.2259102106532992,8.622734323909318,22.975207790786055,0.07959196403596486,0.0764159931668578,1.20703125
welfare_1536_confirm24,7,action_only_adaptive_base_stock,20161,1199007,32,48,1536,welfare,-3.648755007205653,-3.6800057853895183,-3.6800057853895183,4.278207514699553,4.278207514699553,0.9997166224137546,0.2642703804495841,8.433108435734058,22.96531002020887,0.0,0.0,1.3177083333333333
welfare_1536_confirm24,8,full_ndu_inventory,21061,1199008,32,48,1536,welfare,-3.687135533820871,-3.6711348262660084,-3.670092310698307,4.274712762110343,4.273670246542642,0.999661109168042,0.31258963006366436,8.77076718846864,22.96101953755347,0.07714256607665626,0.13357761688211814,1.1236979166666667
welfare_1536_confirm24,8,action_only_adaptive_base_stock,21161,1199008,32,48,1536,welfare,-3.687823735233325,-3.67999130203057,-3.67999130203057,4.281045840783984,4.281045840783984,0.999672832969177,0.30248949748267906,8.643240065516693,22.963820049716997,0.0,0.0,1.2109375
welfare_1536_confirm24,9,full_ndu_inventory,22061,1199009,32,48,1536,welfare,-3.633661217006349,-3.7241324101914848,-3.722886902002525,4.317695717756625,4.316450209567667,0.9996495150081427,0.3283471685485777,8.406266186961558,22.808320045559828,0.12730609592330944,0.1374264312607713,1.4544270833333333
welfare_1536_confirm24,9,action_only_adaptive_base_stock,22161,1199009,32,48,1536,welfare,-3.736830297737253,-3.7164620292338886,-3.7164620292338886,4.314431683208481,4.314431683208481,0.9996631989343241,0.31518633817417974,8.650771583242836,22.810168167397048,0.0,0.0,1.3111979166666667
welfare_1536_confirm24,10,full_ndu_inventory,23061,1199010,32,48,1536,welfare,-3.6790298841284734,-3.7044586851056316,-3.7026015959509007,4.29840698052189,4.296549891367159,0.9996292791145324,0.33177070017692883,8.276444025622359,22.955614645487014,0.049780987630555516,0.1941938558396285,1.4361979166666667
welfare_1536_confirm24,10,action_only_adaptive_base_stock,23161,1199010,32,48,1536,welfare,-3.632846612014646,-3.7098300965187208,-3.7098300965187208,4.3025697460488965,4.3025697460488965,0.9996490968162721,0.3150637531468851,8.244725994784957,22.959703839812033,0.0,0.0,1.4817708333333333
welfare_1536_confirm24,11,full_ndu_inventory,24061,1199011,32,48,1536,welfare,-3.650965970030029,-3.664481481631834,-3.6631860259169304,4.261645920611623,4.26035046489672,0.9997285626849736,0.25526734028890974,8.397008438350904,22.85565467304419,0.06500534979678604,0.1513677556767029,1.35546875
welfare_1536_confirm24,11,action_only_adaptive_base_stock,24161,1199011,32,48,1536,welfare,-3.7345680256778686,-3.683583113510547,-3.683583113510547,4.2822012247341,4.2822012247341,0.9997442560904443,0.23943203380675745,8.529474551782672,22.86212826198542,0.0,0.0,1.3111979166666667
welfare_1536_confirm24,12,full_ndu_inventory,25061,1199012,32,48,1536,welfare,-3.8408590016731883,-3.7196954652650995,-3.718225612259136,4.328985543552828,4.327515690546863,0.9998233691609659,0.1613647527778371,9.17816207938189,22.90426393875954,0.13643599305755505,0.14611514147137933,0.9765625
welfare_1536_confirm24,12,action_only_adaptive_base_stock,25161,1199012,32,48,1536,welfare,-3.637641737554113,-3.696862819751537,-3.696862819751537,4.2891538123942246,4.2891538123942246,0.9995930147053359,0.36829367787769307,8.316791260878666,22.856045663505455,0.0,0.0,1.4817708333333333
welfare_1536_confirm24,13,full_ndu_inventory,26061,1199013,32,48,1536,welfare,-3.681715400757307,-3.6650615959796013,-3.6637147255862677,4.259882942106714,4.2585360717133804,0.9996602854533893,0.32413900727743156,8.231232668757904,22.908337904179945,0.08658142718272488,0.1495509110672354,1.4153645833333333
welfare_1536_confirm24,13,action_only_adaptive_base_stock,26161,1199013,32,48,1536,welfare,-3.6628698177658943,-3.6789247969160552,-3.6789247969160552,4.272897255782872,4.272897255782872,0.999681127670852,0.30306480642212447,8.186771641493335,22.91445077607429,0.0,0.0,1.44921875
welfare_1536_confirm24,14,full_ndu_inventory,27061,1199014,32,48,1536,welfare,-3.5548205553263856,-3.7022201272506265,-3.6996975902006213,4.288912625821639,4.2863900887716335,0.9997086326338765,0.26803731147857496,7.8540339502316145,23.00932277083174,0.16761228295093442,0.19118787722561,1.69921875
welfare_1536_confirm24,14,action_only_adaptive_base_stock,27161,1199014,32,48,1536,welfare,-3.706507615605385,-3.6895962301225924,-3.6895962301225924,4.284579482676395,4.284579482676395,0.9997000550067252,0.2780886871112163,8.368276236773847,23.00684061184234,0.0,0.0,1.4205729166666667
welfare_1536_confirm24,15,full_ndu_inventory,28061,1199015,32,48,1536,welfare,-3.777677588708984,-3.690276628738696,-3.6893106035148926,4.2901539721011765,4.289187946877374,0.9997209960453102,0.2547214212314638,8.577444399178548,22.96241274368045,0.07084945667256495,0.12460505828759692,1.2630208333333333
welfare_1536_confirm24,15,action_only_adaptive_base_stock,28161,1199015,32,48,1536,welfare,-3.6690447409169384,-3.7002991719623473,-3.7002991719623473,4.296443528055559,4.296443528055559,0.9997133570116518,0.25875778181809067,8.427557923191836,22.96247503992934,0.0,0.0,1.3854166666666667
welfare_1536_confirm24,16,full_ndu_inventory,29061,1199016,32,48,1536,welfare,-3.670805918715954,-3.672532217434412,-3.671248822211284,4.262703378653402,4.261419983430273,0.9996454185898739,0.3291990520258837,7.97808169567399,22.969626536426855,0.08536340810219412,0.14239838555119733,1.56640625
welfare_1536_confirm24,16,action_only_adaptive_base_stock,29161,1199016,32,48,1536,welfare,-3.775371708917311,-3.674801116132192,-3.674801116132192,4.274233149611933,4.274233149611933,0.9996848635599677,0.29299927568157064,8.572535278237167,22.977922759979517,0.0,0.0,1.2682291666666667
welfare_1536_confirm24,17,full_ndu_inventory,30061,1199017,32,48,1536,welfare,-3.770120449522795,-3.7194145168734014,-3.7183146117344577,4.3215428931466064,4.320442988007664,0.9996849923466508,0.2813918541634431,8.809486580715225,22.882357076555564,0.12483776590589885,0.13220253398631363,1.1783854166666667
welfare_1536_confirm24,17,action_only_adaptive_base_stock,30161,1199017,32,48,1536,welfare,-3.7768829715481096,-3.7090266602559794,-3.7090266602559794,4.305092544081101,4.305092544081101,0.9996986651656403,0.2678810181980008,8.449023591875312,22.8866698625741,0.0,0.0,1.3841145833333333
welfare_1536_confirm24,18,full_ndu_inventory,31061,1199018,32,48,1536,welfare,-3.717291283122114,-3.680907871751176,-3.6798255216249665,4.279794277591281,4.278711927465071,0.9997729101050131,0.2075984249659356,8.508501665275311,22.939247912048472,0.13017465908407352,0.13183177567116913,1.3098958333333333
welfare_1536_confirm24,18,action_only_adaptive_base_stock,31161,1199018,32,48,1536,welfare,-3.6350885996558566,-3.686978060812491,-3.686978060812491,4.282568297980556,4.282568297980556,0.9996831546460081,0.2897292332936086,8.406114217484172,22.917979441950038,0.0,0.0,1.3958333333333333
welfare_1536_confirm24,19,full_ndu_inventory,32061,1199019,32,48,1536,welfare,-3.6613841050556366,-3.6975673685680293,-3.6958463683419978,4.294988095072991,4.293267094846959,0.9997605986256203,0.22428671082813564,8.436283380082214,22.98927440109158,0.1505251438141697,0.16076743747533737,1.35546875
welfare_1536_confirm24,19,action_only_adaptive_base_stock,32161,1199019,32,48,1536,welfare,-3.80984744333572,-3.713847788107435,-3.713847788107435,4.318500232230039,4.318500232230039,0.9998149539528255,0.1759578272325927,8.882988198902884,23.005378211561084,0.0,0.0,1.12890625
welfare_1536_confirm24,20,full_ndu_inventory,33061,1199020,32,48,1536,welfare,-3.599704025239118,-3.6729193390145483,-3.671701824592283,4.263925119787248,4.262707605364984,0.9996179100965875,0.3514908801808038,8.066618376404302,22.911695937724716,0.07635769755000682,0.14303348218167894,1.53125
welfare_1536_confirm24,20,action_only_adaptive_base_stock,33161,1199020,32,48,1536,welfare,-3.6171417357220492,-3.6822329368285818,-3.6822329368285818,4.275689937492525,4.275689937492525,0.9997290000829929,0.24785937587629467,8.195969288973204,22.937958121611654,0.0,0.0,1.4791666666666667
welfare_1536_confirm24,21,full_ndu_inventory,34061,1199021,32,48,1536,welfare,-3.6755325621641823,-3.728270963916002,-3.7273899843338647,4.320838751675534,4.319957772093399,0.9994908953449416,0.4635228664781709,8.401920278305305,22.843827863937296,0.08330868408024396,0.1115376987012489,1.4453125
welfare_1536_confirm24,21,action_only_adaptive_base_stock,34161,1199021,32,48,1536,welfare,-3.747516674203261,-3.7351150278804552,-3.7351150278804552,4.336287179830227,4.336287179830227,0.9996435893062214,0.32549090913607964,8.895227550564679,22.87083458122122,0.0,0.0,1.19921875
welfare_1536_confirm24,22,full_ndu_inventory,35061,1199022,32,48,1536,welfare,-3.748402444236822,-3.690062007417166,-3.6884347986069663,4.300548224245257,4.298921015435057,0.9998556989785113,0.1269780287763224,9.125071745601877,23.024434635714613,0.14340667450102987,0.15603974741757637,0.9453125
welfare_1536_confirm24,22,action_only_adaptive_base_stock,35161,1199022,32,48,1536,welfare,-3.660188263679258,-3.6681116044646047,-3.6681116044646047,4.268983235866738,4.268983235866738,0.9997769226752666,0.19861672850290477,8.550197159779653,22.99672545560394,0.0,0.0,1.2447916666666667
welfare_1536_confirm24,23,full_ndu_inventory,36061,1199023,32,48,1536,welfare,-3.669411081700017,-3.6933553873951817,-3.6927244483491637,4.292621435824238,4.291990496778219,0.9997764201161319,0.20304418922441725,8.54760995300902,22.996592726427888,0.07668606704851957,0.0988701341261895,1.2981770833333333
welfare_1536_confirm24,23,action_only_adaptive_base_stock,36161,1199023,32,48,1536,welfare,-3.6123390445320602,-3.6844461507453197,-3.6844461507453197,4.28181476077726,4.28181476077726,0.9997540840664926,0.22549718603274185,8.458017111277359,22.99032215902317,0.0,0.0,1.35546875
