experiment,method,seed_index,seed,param_dim,iterations,population,evaluation_budget,best_in_search_utility,mean_utility,cew,ruin_prob,surplus_ratio,adaptation_lag,wealth_terminal,sharpe,max_drawdown,regime_detection_acc,turnover,theta_stability
exp1,full_ndu_joint,1,1111,15,18,46,828,-2.7196329148116,-2.72823936001438,-0.9346657814981876,1.0,0.0,0.5,1.033890757046489,,,,,
exp1,full_ndu_joint,2,2111,15,18,46,828,-2.729386469407919,-2.7492774856700937,-0.9360259333074376,1.0,0.0,0.5,0.9933218648333031,,,,,
exp1,full_ndu_joint,3,3111,15,18,46,828,-2.7182376378790023,-2.729905819790954,-0.934774567676284,1.0,0.0,0.5,1.0291625365313952,,,,,
exp1,full_ndu_joint,4,4111,15,18,46,828,-2.729649237231728,-2.72310984393621,-0.9343297875675136,1.0,0.0,0.5,1.041704651286636,,,,,
exp1,full_ndu_joint,5,5111,15,18,46,828,-2.7271452949324155,-2.7325577708316153,-0.934947313171873,1.0,0.0,0.5,1.0257558023296318,,,,,
exp1,full_ndu_joint,6,6111,15,18,46,828,-2.7228741827770104,-2.726262508518611,-0.9345364977052905,1.0,0.0,0.5,1.0335939901233961,,,,,
exp1,full_ndu_joint,7,7111,15,18,46,828,-2.7202710484617896,-2.724834023528439,-0.9344429172516348,1.0,0.0,0.5,1.0428953883217738,,,,,
exp1,full_ndu_joint,8,8111,15,18,46,828,-2.7311637922582324,-2.725550558214184,-0.9344898743501162,1.0,0.0,0.5,1.0360338194850305,,,,,
exp1,full_ndu_joint,9,9111,15,18,46,828,-2.733225686685977,-2.7276911720931927,-0.9346299562501776,1.0,0.0,0.5,1.0307411620614733,,,,,
exp1,full_ndu_joint,10,10111,15,18,46,828,-2.7216321759093023,-2.7277703209825397,-0.9346351300117856,1.0,0.0,0.5,1.0348418901694303,,,,,
exp1,full_ndu_joint,11,11111,15,18,46,828,-2.7176511531276337,-2.7254353371906856,-0.9344823257715202,1.0,0.0,0.5,1.0400642000632043,,,,,
exp1,full_ndu_joint,12,12111,15,18,46,828,-2.707981063193114,-2.7212353469026684,-0.9342065735029962,1.0,0.0,0.5,1.0512564524959676,,,,,
exp1,full_ndu_joint,13,13111,15,18,46,828,-2.735935241749781,-2.7301418290016737,-0.9347899596626887,1.0,0.0,0.5,1.0201124126795795,,,,,
exp1,full_ndu_joint,14,14111,15,18,46,828,-2.7277432217893565,-2.7288996835528274,-0.9347089089799177,1.0,0.0,0.5,1.02734286982143,,,,,
exp1,full_ndu_joint,15,15111,15,18,46,828,-2.7268898120070366,-2.735262682421063,-0.9351230371723154,1.0,0.0,0.5,1.0167379874188813,,,,,
exp1,full_ndu_joint,16,16111,15,18,46,828,-2.7380445277392185,-2.7308984413323456,-0.934839279722856,1.0,0.0,0.5,1.019831979454782,,,,,
exp1,full_ndu_joint,17,17111,15,18,46,828,-2.7109318647200933,-2.725873165189107,-0.9345110049649539,1.0,0.0,0.5,1.0407136813737008,,,,,
exp1,full_ndu_joint,18,18111,15,18,46,828,-2.7262703302465376,-2.731721697920813,-0.9348929016398067,1.0,0.0,0.5,1.0241484688223574,,,,,
exp1,full_ndu_joint,19,19111,15,18,46,828,-2.7301592326514905,-2.7249643615727375,-0.9344514612767723,1.0,0.0,0.5,1.0368802997762718,,,,,
exp1,full_ndu_joint,20,20111,15,18,46,828,-2.738432946460701,-2.7387094588876746,-0.9353462686255511,1.0,0.0,0.5,0.9983544010279253,,,,,
exp1,full_ndu_joint,21,21111,15,18,46,828,-2.7317345158789164,-2.727390790642203,-0.9346103173521522,1.0,0.0,0.5,1.0363350129598243,,,,,
exp1,full_ndu_joint,22,22111,15,18,46,828,-2.725814665480174,-2.7334811227919245,-0.9350073519750401,1.0,0.0,0.5,1.025430239491029,,,,,
exp1,full_ndu_joint,23,23111,15,18,46,828,-2.723346709964698,-2.7330391805330745,-0.9349786226294751,1.0,0.0,0.5,1.019261441139116,,,,,
exp1,full_ndu_joint,24,24111,15,18,46,828,-2.7266099794553558,-2.7318460841926777,-0.9349009995653977,1.0,0.0,0.5,1.0219546465513627,,,,,
exp1,full_ndu_joint,25,25111,15,18,46,828,-2.734009423170588,-2.730977895277758,-0.9348444567934958,1.0,0.0,0.5,1.0235522543101618,,,,,
exp1,full_ndu_joint,26,26111,15,18,46,828,-2.725288075332028,-2.7251290725339894,-0.9344622569504867,1.0,0.0,0.5,1.041185297452452,,,,,
exp1,full_ndu_joint,27,27111,15,18,46,828,-2.7178235809862112,-2.7284781010094736,-0.9346813775927387,1.0,0.0,0.5,1.0314361921414348,,,,,
exp1,full_ndu_joint,28,28111,15,18,46,828,-2.7280960080684906,-2.732303717517221,-0.9349307842216457,1.0,0.0,0.5,1.0244793325789383,,,,,
exp1,full_ndu_joint,29,29111,15,18,46,828,-2.7329748591340155,-2.7282549137135854,-0.9346667976790672,1.0,0.0,0.5,1.0388837632351486,,,,,
exp1,full_ndu_joint,30,30111,15,18,46,828,-2.720919440996544,-2.717552477761768,-0.9339638181792156,1.0,0.0,0.5,1.061765414440257,,,,,
exp1,same_dim_augmented_state_rl,1,1111,15,18,46,828,-2.7486153315483706,-2.757742190227711,-0.9365651694243908,1.0,0.0,0.5,1.0317720253739346,,,,,
exp1,same_dim_augmented_state_rl,2,2111,15,18,46,828,-2.7582866664137464,-2.78117809284219,-0.9380345367093171,1.0,0.0,0.5,0.9905025416839041,,,,,
exp1,same_dim_augmented_state_rl,3,3111,15,18,46,828,-2.7451284201769854,-2.7573136118013624,-0.9365379767978568,1.0,0.0,0.5,1.0324208973324827,,,,,
exp1,same_dim_augmented_state_rl,4,4111,15,18,46,828,-2.756070851288356,-2.748254107562242,-0.9359604301365754,1.0,0.0,0.5,1.0557609484503097,,,,,
exp1,same_dim_augmented_state_rl,5,5111,15,18,46,828,-2.755830101290837,-2.761690664253178,-0.9368151463667257,1.0,0.0,0.5,1.0256124619578058,,,,,
exp1,same_dim_augmented_state_rl,6,6111,15,18,46,828,-2.7487603985511297,-2.753502192975488,-0.9362956349080487,1.0,0.0,0.5,1.0401581380097435,,,,,
exp1,same_dim_augmented_state_rl,7,7111,15,18,46,828,-2.746650458598405,-2.752139170370331,-0.9362087452155259,1.0,0.0,0.5,1.0531730010126694,,,,,
exp1,same_dim_augmented_state_rl,8,8111,15,18,46,828,-2.7586594496916956,-2.7521922325363493,-0.9362121300278743,1.0,0.0,0.5,1.0409082796930296,,,,,
exp1,same_dim_augmented_state_rl,9,9111,15,18,46,828,-2.7594285354262293,-2.752797924746508,-0.9362507541454745,1.0,0.0,0.5,1.039923230937915,,,,,
exp1,same_dim_augmented_state_rl,10,10111,15,18,46,828,-2.751169130495074,-2.7564740365274782,-0.9364846732793186,1.0,0.0,0.5,1.032207449235367,,,,,
exp1,same_dim_augmented_state_rl,11,11111,15,18,46,828,-2.746662853524205,-2.755733262031227,-0.936437605313941,1.0,0.0,0.5,1.0392916746911733,,,,,
exp1,same_dim_augmented_state_rl,12,12111,15,18,46,828,-2.741184238772794,-2.753836694729283,-0.9363169405663077,1.0,0.0,0.5,1.0400324774873848,,,,,
exp1,same_dim_augmented_state_rl,13,13111,15,18,46,828,-2.764762254946609,-2.757767653715483,-0.9365667846758585,1.0,0.0,0.5,1.0253093959602768,,,,,
exp1,same_dim_augmented_state_rl,14,14111,15,18,46,828,-2.756966275050475,-2.7583074069883264,-0.9366010137229855,1.0,0.0,0.5,1.0281439107791435,,,,,
exp1,same_dim_augmented_state_rl,15,15111,15,18,46,828,-2.7514016540283133,-2.757336132875056,-0.9365394060146642,1.0,0.0,0.5,1.0327176801095963,,,,,
exp1,same_dim_augmented_state_rl,16,16111,15,18,46,828,-2.7664712315563764,-2.7595515389114738,-0.9366798413795381,1.0,0.0,0.5,1.0210337509076046,,,,,
exp1,same_dim_augmented_state_rl,17,17111,15,18,46,828,-2.7352237401646864,-2.7530790459213885,-0.9362686728895797,1.0,0.0,0.5,1.052501140028013,,,,,
exp1,same_dim_augmented_state_rl,18,18111,15,18,46,828,-2.7567236722656476,-2.7610704359567917,-0.9367759451770125,1.0,0.0,0.5,1.0203607249251117,,,,,
exp1,same_dim_augmented_state_rl,19,19111,15,18,46,828,-2.759730489449273,-2.7539749170060195,-0.9363257423754551,1.0,0.0,0.5,1.038721072825413,,,,,
exp1,same_dim_augmented_state_rl,20,20111,15,18,46,828,-2.7678705255283917,-2.768413867236462,-0.9372385261343323,1.0,0.0,0.5,0.998391676331234,,,,,
exp1,same_dim_augmented_state_rl,21,21111,15,18,46,828,-2.7586154950981023,-2.753934770735827,-0.9363231860401908,1.0,0.0,0.5,1.0397085502057997,,,,,
exp1,same_dim_augmented_state_rl,22,22111,15,18,46,828,-2.75470781381341,-2.7624726863302005,-0.9368645390016177,1.0,0.0,0.5,1.0273089959292974,,,,,
exp1,same_dim_augmented_state_rl,23,23111,15,18,46,828,-2.745796504982524,-2.760217120997785,-0.9367219721205298,1.0,0.0,0.5,1.0293545660987853,,,,,
exp1,same_dim_augmented_state_rl,24,24111,15,18,46,828,-2.7549367025236555,-2.760472335221685,-0.9367381195126951,1.0,0.0,0.5,1.021043252089021,,,,,
exp1,same_dim_augmented_state_rl,25,25111,15,18,46,828,-2.759613360780791,-2.7546746541475438,-0.9363702820336302,1.0,0.0,0.5,1.041272090460959,,,,,
exp1,same_dim_augmented_state_rl,26,26111,15,18,46,828,-2.7532402542604117,-2.7529851336182753,-0.9362626874528217,1.0,0.0,0.5,1.0448889187574935,,,,,
exp1,same_dim_augmented_state_rl,27,27111,15,18,46,828,-2.7493643587020116,-2.7581102892948497,-0.9365885154292649,1.0,0.0,0.5,1.0273510552293947,,,,,
exp1,same_dim_augmented_state_rl,28,28111,15,18,46,828,-2.7569084790553964,-2.761819622911678,-0.9368232940753177,1.0,0.0,0.5,1.0238525888644645,,,,,
exp1,same_dim_augmented_state_rl,29,29111,15,18,46,828,-2.7579182173570373,-2.7515153817776303,-0.9361689405449183,1.0,0.0,0.5,1.0474963179631582,,,,,
exp1,same_dim_augmented_state_rl,30,30111,15,18,46,828,-2.751071635068097,-2.7475644811818345,-0.9359162515281916,1.0,0.0,0.5,1.058823026742885,,,,,
exp1,same_dim_fixed_orig_rl,1,1111,15,18,46,828,-2.748331335098884,-2.756399662365455,-0.9364799492044458,1.0,0.0,0.5,1.037230685733698,,,,,
exp1,same_dim_fixed_orig_rl,2,2111,15,18,46,828,-2.7584518948707846,-2.780668410761862,-0.9380029459731465,1.0,0.0,0.5,0.9901781144639219,,,,,
exp1,same_dim_fixed_orig_rl,3,3111,15,18,46,828,-2.737939965005479,-2.752478728966686,-0.9362304024073094,1.0,0.0,0.5,1.0485369420738642,,,,,
exp1,same_dim_fixed_orig_rl,4,4111,15,18,46,828,-2.756690007931051,-2.7495240984570497,-0.9360417081850942,1.0,0.0,0.5,1.0529348108562324,,,,,
exp1,same_dim_fixed_orig_rl,5,5111,15,18,46,828,-2.756159353764753,-2.761638763513163,-0.9368118669409629,1.0,0.0,0.5,1.0246725898897504,,,,,
exp1,same_dim_fixed_orig_rl,6,6111,15,18,46,828,-2.7455106649282315,-2.7524579969167458,-0.9362290803191226,1.0,0.0,0.5,1.0482974694421658,,,,,
exp1,same_dim_fixed_orig_rl,7,7111,15,18,46,828,-2.743691124842268,-2.749715150542065,-0.9360539263829063,1.0,0.0,0.5,1.06229314933212,,,,,
exp1,same_dim_fixed_orig_rl,8,8111,15,18,46,828,-2.7590728834596203,-2.7537379049799684,-0.9363106490220657,1.0,0.0,0.5,1.0370308095746155,,,,,
exp1,same_dim_fixed_orig_rl,9,9111,15,18,46,828,-2.7583595955758917,-2.749416299255282,-0.9360348131606578,1.0,0.0,0.5,1.0556203547539724,,,,,
exp1,same_dim_fixed_orig_rl,10,10111,15,18,46,828,-2.7485144105625854,-2.7543238824377374,-0.9363479586136814,1.0,0.0,0.5,1.04020673704361,,,,,
exp1,same_dim_fixed_orig_rl,11,11111,15,18,46,828,-2.745804983480232,-2.7541991996918584,-0.9363400218075993,1.0,0.0,0.5,1.0455207441702608,,,,,
exp1,same_dim_fixed_orig_rl,12,12111,15,18,46,828,-2.7415787782904975,-2.754567397144444,-0.9363634569347596,1.0,0.0,0.5,1.03847072568582,,,,,
exp1,same_dim_fixed_orig_rl,13,13111,15,18,46,828,-2.76438606335339,-2.756616218641013,-0.9364937033807389,1.0,0.0,0.5,1.0289452293284072,,,,,
exp1,same_dim_fixed_orig_rl,14,14111,15,18,46,828,-2.756356157308144,-2.758266346803222,-0.9365984104954295,1.0,0.0,0.5,1.0272371389627029,,,,,
exp1,same_dim_fixed_orig_rl,15,15111,15,18,46,828,-2.750723239339162,-2.7566219415450983,-0.9364940668201434,1.0,0.0,0.5,1.0347120385643125,,,,,
exp1,same_dim_fixed_orig_rl,16,16111,15,18,46,828,-2.7654776416437263,-2.756710355971847,-0.9364996814126114,1.0,0.0,0.5,1.02873040461821,,,,,
exp1,same_dim_fixed_orig_rl,17,17111,15,18,46,828,-2.736952547623164,-2.75396462226089,-0.9363250868618274,1.0,0.0,0.5,1.0473723703174733,,,,,
exp1,same_dim_fixed_orig_rl,18,18111,15,18,46,828,-2.7538305839328263,-2.7610390939131637,-0.9367739635748743,1.0,0.0,0.5,1.0243625541524133,,,,,
exp1,same_dim_fixed_orig_rl,19,19111,15,18,46,828,-2.7591004886061032,-2.7515562439338916,-0.9361715487663549,1.0,0.0,0.5,1.046977986755896,,,,,
exp1,same_dim_fixed_orig_rl,20,20111,15,18,46,828,-2.767927387259947,-2.766417324351198,-0.9371130949875512,1.0,0.0,0.5,1.0029200074936118,,,,,
exp1,same_dim_fixed_orig_rl,21,21111,15,18,46,828,-2.75717750120546,-2.7521578343969444,-0.9362099358060922,1.0,0.0,0.5,1.046740184087878,,,,,
exp1,same_dim_fixed_orig_rl,22,22111,15,18,46,828,-2.7552424354926526,-2.7622291337758256,-0.9368491603261381,1.0,0.0,0.5,1.0247049304020126,,,,,
exp1,same_dim_fixed_orig_rl,23,23111,15,18,46,828,-2.7470868367074766,-2.760706789866359,-0.9367529498158216,1.0,0.0,0.5,1.0267922675278465,,,,,
exp1,same_dim_fixed_orig_rl,24,24111,15,18,46,828,-2.7482370906630447,-2.757483022323213,-0.9365487270216989,1.0,0.0,0.5,1.0381367393918743,,,,,
exp1,same_dim_fixed_orig_rl,25,25111,15,18,46,828,-2.7597858967572355,-2.756240171582502,-0.9364698175338786,1.0,0.0,0.5,1.0439437686161237,,,,,
exp1,same_dim_fixed_orig_rl,26,26111,15,18,46,828,-2.7529369495986935,-2.752562940737654,-0.9362357723319479,1.0,0.0,0.5,1.0449742552756411,,,,,
exp1,same_dim_fixed_orig_rl,27,27111,15,18,46,828,-2.7416720360119524,-2.75711836540764,-0.9365255848569867,1.0,0.0,0.5,1.0378519816213534,,,,,
exp1,same_dim_fixed_orig_rl,28,28111,15,18,46,828,-2.75686796525174,-2.7622056343541317,-0.9368476763004895,1.0,0.0,0.5,1.0256976061335212,,,,,
exp1,same_dim_fixed_orig_rl,29,29111,15,18,46,828,-2.759611127331552,-2.754836931178363,-0.9363806068375716,1.0,0.0,0.5,1.0360338530602342,,,,,
exp1,same_dim_fixed_orig_rl,30,30111,15,18,46,828,-2.7482373760857843,-2.744416778989338,-0.9357142171674369,1.0,0.0,0.5,1.0736097206670372,,,,,
exp1,same_dim_preference_backbone,1,1111,15,18,46,828,-2.7493015942071843,-2.7586890061985803,-0.9366252021106515,1.0,0.0,0.5,0.9632959527061373,,,,,
exp1,same_dim_preference_backbone,2,2111,15,18,46,828,-2.7458449671859455,-2.770058329005037,-0.9373416501636426,1.0,0.0,0.5,0.94913562452684,,,,,
exp1,same_dim_preference_backbone,3,3111,15,18,46,828,-2.743016961263784,-2.7529951582236873,-0.9362633263910274,1.0,0.0,0.5,0.9807980412063335,,,,,
exp1,same_dim_preference_backbone,4,4111,15,18,46,828,-2.7533905267771956,-2.7466632805516396,-0.9358584731826534,1.0,0.0,0.5,0.9911910038388432,,,,,
exp1,same_dim_preference_backbone,5,5111,15,18,46,828,-2.7502131992810384,-2.7600089336719646,-0.9367087970657302,1.0,0.0,0.5,0.9629513238145768,,,,,
exp1,same_dim_preference_backbone,6,6111,15,18,46,828,-2.753232381901478,-2.7527822441676144,-0.9362497545125582,1.0,0.0,0.5,0.9766996463653366,,,,,
exp1,same_dim_preference_backbone,7,7111,15,18,46,828,-2.7615091795972857,-2.7572282904573417,-0.936532561901743,1.0,0.0,0.5,0.9637407933437795,,,,,
exp1,same_dim_preference_backbone,8,8111,15,18,46,828,-2.7541224218544267,-2.758132449430209,-0.9365899206207766,1.0,0.0,0.5,0.9629773210662391,,,,,
exp1,same_dim_preference_backbone,9,9111,15,18,46,828,-2.756678030824389,-2.7558828917997844,-0.936447115428831,1.0,0.0,0.5,0.9666360774483664,,,,,
exp1,same_dim_preference_backbone,10,10111,15,18,46,828,-2.7474714233441833,-2.75564709460064,-0.9364321280697323,1.0,0.0,0.5,0.9708296383679339,,,,,
exp1,same_dim_preference_backbone,11,11111,15,18,46,828,-2.748772398967602,-2.7595961254784163,-0.9366826645450912,1.0,0.0,0.5,0.9656422102573818,,,,,
exp1,same_dim_preference_backbone,12,12111,15,18,46,828,-2.7441370473758777,-2.7581209408270646,-0.9365891908551385,1.0,0.0,0.5,0.9663878138880104,,,,,
exp1,same_dim_preference_backbone,13,13111,15,18,46,828,-2.7544533917605882,-2.7474425781441623,-0.9359084390484147,1.0,0.0,0.5,0.9861820603618928,,,,,
exp1,same_dim_preference_backbone,14,14111,15,18,46,828,-2.7504301637443973,-2.755046789172672,-0.9363939564750068,1.0,0.0,0.5,0.9722524823129187,,,,,
exp1,same_dim_preference_backbone,15,15111,15,18,46,828,-2.7443399828451587,-2.7548825150922807,-0.9363835067924169,1.0,0.0,0.5,0.9762952921512129,,,,,
exp1,same_dim_preference_backbone,16,16111,15,18,46,828,-2.7554174281308303,-2.759025992877364,-0.9366465549752933,1.0,0.0,0.5,0.9581336168867685,,,,,
exp1,same_dim_preference_backbone,17,17111,15,18,46,828,-2.7544669545032336,-2.759144429728205,-0.9366540579134909,1.0,0.0,0.5,0.9616816472827998,,,,,
exp1,same_dim_preference_backbone,18,18111,15,18,46,828,-2.756190538214698,-2.7516901210499647,-0.9361800933633537,1.0,0.0,0.5,0.9768581551911015,,,,,
exp1,same_dim_preference_backbone,19,19111,15,18,46,828,-2.7536802463718493,-2.75357654290994,-0.9363003711473459,1.0,0.0,0.5,0.9746233482148138,,,,,
exp1,same_dim_preference_backbone,20,20111,15,18,46,828,-2.756834887355076,-2.7547979411179915,-0.9363781262652329,1.0,0.0,0.5,0.9663945847761997,,,,,
exp1,same_dim_preference_backbone,21,21111,15,18,46,828,-2.7613694543730936,-2.7623610665713563,-0.9368574914433705,1.0,0.0,0.5,0.9509467050079431,,,,,
exp1,same_dim_preference_backbone,22,22111,15,18,46,828,-2.7445547196177347,-2.7515354656811546,-0.9361702225088847,1.0,0.0,0.5,0.9803184336905342,,,,,
exp1,same_dim_preference_backbone,23,23111,15,18,46,828,-2.75197486055799,-2.7506455065267854,-0.9361133913291217,1.0,0.0,0.5,0.9801132810321445,,,,,
exp1,same_dim_preference_backbone,24,24111,15,18,46,828,-2.758636253305589,-2.752956803589871,-0.9362608817473691,1.0,0.0,0.5,0.9790601854588098,,,,,
exp1,same_dim_preference_backbone,25,25111,15,18,46,828,-2.756438639944124,-2.7508726335635347,-0.9361279000575126,1.0,0.0,0.5,0.978052890455453,,,,,
exp1,same_dim_preference_backbone,26,26111,15,18,46,828,-2.7469496002335596,-2.752297976299843,-0.9362188748406931,1.0,0.0,0.5,0.9785771555904529,,,,,
exp1,same_dim_preference_backbone,27,27111,15,18,46,828,-2.751230809945829,-2.7561756530686634,-0.9364657185286925,1.0,0.0,0.5,0.9721063317004603,,,,,
exp1,same_dim_preference_backbone,28,28111,15,18,46,828,-2.7578277262088693,-2.7474425135915803,-0.9359084349111388,1.0,0.0,0.5,0.9828165367928136,,,,,
exp1,same_dim_preference_backbone,29,29111,15,18,46,828,-2.750282591537365,-2.7448317893974363,-0.9357408909010837,1.0,0.0,0.5,0.9931347727627298,,,,,
exp1,same_dim_preference_backbone,30,30111,15,18,46,828,-2.75898900667575,-2.752606204088073,-0.9362385309264003,1.0,0.0,0.5,0.975146343815143,,,,,
exp2,full_ndu_joint,1,1223,18,33,68,2244,0.011109925881039718,0.011112416048898378,0.011174388285145831,,,0.5,,1.443375672974064,0.0,0.6259765625,,
exp2,full_ndu_joint,2,2223,18,33,68,2244,0.011665597075903623,0.01144571977967605,0.011511472653846333,,,0.5,,1.4378227123804201,-0.0004218202357379971,0.5985514322916666,,
exp2,full_ndu_joint,3,3223,18,33,68,2244,0.01123879957517001,0.011237790438480555,0.011301171604362725,,,0.5,,1.443375672974064,0.0,0.5995279947916666,,
exp2,full_ndu_joint,4,4223,18,33,68,2244,0.011261810413197352,0.01126158104079135,0.011325231354549548,,,0.5,,1.443375672974064,0.0,0.5917154947916667,,
exp2,full_ndu_joint,5,5223,18,33,68,2244,0.011328421122992836,0.011328434465655152,0.011392844169965777,,,0.5,,1.443375672974064,0.0,0.595947265625,,
exp2,full_ndu_joint,6,6223,18,33,68,2244,0.01134829685160238,0.01134829327982953,0.011412929431949603,,,0.5,,1.443375672974064,0.0,0.603271484375,,
exp2,full_ndu_joint,7,7223,18,33,68,2244,0.011133730259485955,0.011134359840932792,0.01119657752909009,,,0.5,,1.443375672974064,0.0,0.6110026041666666,,
exp2,full_ndu_joint,8,8223,18,33,68,2244,0.011266528341277473,0.01126567677044795,0.011329373477774629,,,0.5,,1.443375672974064,0.0,0.6119791666666665,,
exp2,full_ndu_joint,9,9223,18,33,68,2244,0.011158790182092444,0.011158719823846475,0.011221210560469874,,,0.5,,1.443375672974064,0.0,0.605712890625,,
exp2,full_ndu_joint,10,10223,18,33,68,2244,0.01105088044658086,0.011049323768340467,0.011110592999463265,,,0.5,,1.443375672974064,0.0,0.6038411458333333,,
exp2,full_ndu_joint,11,11223,18,33,68,2244,0.011248148101748314,0.011248385666890855,0.011311886628031509,,,0.5,,1.443375672974064,0.0,0.6268717447916666,,
exp2,full_ndu_joint,12,12223,18,33,68,2244,0.011053320998764694,0.011051550443738834,0.011112844417052292,,,0.5,,1.443375672974064,0.0,0.619384765625,,
exp2,full_ndu_joint,13,13223,18,33,68,2244,0.011313803427157793,0.011313856475359086,0.011378100202366959,,,0.5,,1.443375672974064,0.0,0.5948079427083334,,
exp2,full_ndu_joint,14,14223,18,33,68,2244,0.011325070131153928,0.011325045079870751,0.011389416175246803,,,0.5,,1.443375672974064,0.0,0.6136881510416667,,
exp2,full_ndu_joint,15,15223,18,33,68,2244,0.01131973194654369,0.011319821068605036,0.011384132679343129,,,0.5,,1.443375672974064,0.0,0.596435546875,,
exp2,full_ndu_joint,16,16223,18,33,68,2244,0.011223466602183346,0.011223285795167546,0.011286503147967197,,,0.5,,1.443375672974064,0.0,0.609619140625,,
exp2,full_ndu_joint,17,17223,18,33,68,2244,0.01124662314055116,0.011247007214977615,0.011310492584187148,,,0.5,,1.443375672974064,0.0,0.5986328125,,
exp2,full_ndu_joint,18,18223,18,33,68,2244,0.011356751195581577,0.011356450178260459,0.011421179458134034,,,0.5,,1.443375672974064,0.0,0.6083984375,,
exp2,full_ndu_joint,19,19223,18,33,68,2244,0.011415448909517201,0.011385376518602911,0.011450436594549362,,,0.5,,1.449831215861007,-2.3024183984694194e-05,0.5995279947916667,,
exp2,full_ndu_joint,20,20223,18,33,68,2244,0.011281547726263094,0.011282207524945121,0.011346091653545054,,,0.5,,1.443375672974064,0.0,0.6046549479166666,,
exp2,full_ndu_joint,21,21223,18,33,68,2244,0.011319662991032068,0.01110412455304601,0.011166004171657695,,,0.5,,1.4366311698001486,-8.390877174529023e-05,0.6062825520833335,,
exp2,full_ndu_joint,22,22223,18,33,68,2244,0.01127771928762964,0.011277625146393827,0.01134145729352487,,,0.5,,1.443375672974064,0.0,0.598876953125,,
exp2,full_ndu_joint,23,23223,18,33,68,2244,0.011357156538430297,0.011340880982955447,0.011405432566838902,,,0.5,,1.4485999137733723,-2.4210230286503612e-05,0.594482421875,,
exp2,full_ndu_joint,24,24223,18,33,68,2244,0.011202748518355655,0.011203227903311476,0.011266219076080164,,,0.5,,1.443375672974064,0.0,0.5986328125,,
exp2,full_ndu_joint,25,25223,18,33,68,2244,0.011246370211371396,0.011246435601207878,0.011309914505349461,,,0.5,,1.443375672974064,0.0,0.61279296875,,
exp2,full_ndu_joint,26,26223,18,33,68,2244,0.011263221302532515,0.011262817651811585,0.01132648197124908,,,0.5,,1.443375672974064,0.0,0.6075846354166667,,
exp2,full_ndu_joint,27,27223,18,33,68,2244,0.011306730314303352,0.011306755652844218,0.011370918611479652,,,0.5,,1.443375672974064,0.0,0.5845540364583334,,
exp2,full_ndu_joint,28,28223,18,33,68,2244,0.011374780261708838,0.011374789076130536,0.011439727977926806,,,0.5,,1.443375672974064,0.0,0.6023763020833333,,
exp2,full_ndu_joint,29,29223,18,33,68,2244,0.011293937516170407,0.011293868535179415,0.011357885039431581,,,0.5,,1.443375672974064,0.0,0.614501953125,,
exp2,full_ndu_joint,30,30223,18,33,68,2244,0.011161603812975611,0.011160165249172734,0.011222672206274487,,,0.5,,1.443375672974064,0.0,0.60205078125,,
exp2,same_dim_fixed_pref_recurrent_rl,1,1223,18,33,68,2244,0.011377023328014107,0.011373815268711599,0.011438743030895537,,,0.5,,1.443375672974064,0.0,0.6259765625,,
exp2,same_dim_fixed_pref_recurrent_rl,2,2223,18,33,68,2244,0.012345136602755,0.011538674701966338,0.011605501994359946,,,0.49609375,,1.3145067428594697,-0.0021570536270681404,0.5924479166666667,,
exp2,same_dim_fixed_pref_recurrent_rl,3,3223,18,33,68,2244,0.011387526090384466,0.011328304599670169,0.011392712824446427,,,0.5,,1.4430798423765245,-3.781919338544408e-05,0.600341796875,,
exp2,same_dim_fixed_pref_recurrent_rl,4,4223,18,33,68,2244,0.011539233762975911,0.011351852692521331,0.011416529474374215,,,0.498046875,,1.4344472229179943,-0.00016958439932487565,0.590576171875,,
exp2,same_dim_fixed_pref_recurrent_rl,5,5223,18,33,68,2244,0.011575256333828252,0.011376973309070308,0.01144193720031006,,,0.5,,1.4295920783993272,-0.0002424887168859008,0.5957845052083334,,
exp2,same_dim_fixed_pref_recurrent_rl,6,6223,18,33,68,2244,0.011510473258740127,0.011263682442867455,0.011327356557723434,,,0.5,,1.4341915682397672,-0.00012587967667792178,0.6056315104166666,,
exp2,same_dim_fixed_pref_recurrent_rl,7,7223,18,33,68,2244,0.011782446113854747,0.010792595365479267,0.010851045509838286,,,0.5,,1.4213269018597385,-0.0004954705598032945,0.6107584635416666,,
exp2,same_dim_fixed_pref_recurrent_rl,8,8223,18,33,68,2244,0.01149800100853132,0.010858479030552398,0.010917646275486748,,,0.5,,1.4162568571610863,-0.0004013195196703417,0.6111653645833333,,
exp2,same_dim_fixed_pref_recurrent_rl,9,9223,18,33,68,2244,0.011682534578919044,0.011361310601946312,0.011426095405537628,,,0.5,,1.4257904990649937,-0.0003036503323255676,0.6046549479166667,,
exp2,same_dim_fixed_pref_recurrent_rl,10,10223,18,33,68,2244,0.011420074761034179,0.011356513853187354,0.01142124386030563,,,0.5,,1.4405080796816094,-5.799584528491924e-05,0.6033528645833333,,
exp2,same_dim_fixed_pref_recurrent_rl,11,11223,18,33,68,2244,0.011490479209125772,0.01141981952013689,0.011485274583447502,,,0.5,,1.4470956816631075,-8.00101935849928e-06,0.6267903645833333,,
exp2,same_dim_fixed_pref_recurrent_rl,12,12223,18,33,68,2244,0.011502199564906983,0.011334637312306951,0.011399117704139705,,,0.5,,1.443967047167803,-0.00016565245330066314,0.6195475260416666,,
exp2,same_dim_fixed_pref_recurrent_rl,13,13223,18,33,68,2244,0.011922691752086646,0.010670640587565136,0.01072777491195076,,,0.5,,1.3888272830293105,-0.001177413747754047,0.5889485677083333,,
exp2,same_dim_fixed_pref_recurrent_rl,14,14223,18,33,68,2244,0.011485682795007989,0.011288620700469175,0.011352577614344161,,,0.5,,1.4379868908669056,-8.254723069885117e-05,0.6134440104166667,,
exp2,same_dim_fixed_pref_recurrent_rl,15,15223,18,33,68,2244,0.012223824241329066,0.011000455548873762,0.011061183032397892,,,0.5,,1.3517221889950757,-0.0012479565830196804,0.594482421875,,
exp2,same_dim_fixed_pref_recurrent_rl,16,16223,18,33,68,2244,0.011385119374849758,0.011391067954626634,0.011456193216382138,,,0.5,,1.4469307781543543,-2.425558581873417e-05,0.609619140625,,
exp2,same_dim_fixed_pref_recurrent_rl,17,17223,18,33,68,2244,0.01148204388414317,0.011405855598771051,0.011471150381225481,,,0.5,,1.4445103628317404,-0.00011839015090249786,0.5986328125,,
exp2,same_dim_fixed_pref_recurrent_rl,18,18223,18,33,68,2244,0.011374854423269255,0.011263901979519028,0.011327578581169284,,,0.5,,1.4355597738923773,-8.772040564972508e-05,0.607177734375,,
exp2,same_dim_fixed_pref_recurrent_rl,19,19223,18,33,68,2244,0.0117871637965055,0.011738078377513905,0.011807239962639438,,,0.5,,1.4280147957588172,-0.00038828616678565674,0.5987141927083333,,
exp2,same_dim_fixed_pref_recurrent_rl,20,20223,18,33,68,2244,0.011415846066248386,0.011294629427955397,0.01135865457463292,,,0.498046875,,1.4410856518192503,-5.1392265329530847e-05,0.605712890625,,
exp2,same_dim_fixed_pref_recurrent_rl,21,21223,18,33,68,2244,0.011952280119651477,0.010724267136100364,0.010781978207382803,,,0.5,,1.344551980863772,-0.0018614833860487704,0.605712890625,,
exp2,same_dim_fixed_pref_recurrent_rl,22,22223,18,33,68,2244,0.011515496769269593,0.011312920301280742,0.011377153376849414,,,0.5,,1.4416136402510187,-0.0001114316811719712,0.598876953125,,
exp2,same_dim_fixed_pref_recurrent_rl,23,23223,18,33,68,2244,0.011424095502678882,0.011088021071439932,0.011149721009616975,,,0.5,,1.4335999198663214,-0.00021998264209258317,0.5946451822916667,,
exp2,same_dim_fixed_pref_recurrent_rl,24,24223,18,33,68,2244,0.011433901245012874,0.011369073879420375,0.011433947417439416,,,0.5,,1.451401443887084,-3.40535026996042e-05,0.5987141927083333,,
exp2,same_dim_fixed_pref_recurrent_rl,25,25223,18,33,68,2244,0.011393925075337907,0.011369137056861642,0.011434011317250414,,,0.5,,1.4436916731902736,0.0,0.6128743489583333,,
exp2,same_dim_fixed_pref_recurrent_rl,26,26223,18,33,68,2244,0.011761798235941858,0.01104329863549203,0.01110450094216886,,,0.5,,1.4212379246177234,-0.0005012409259413028,0.6072591145833333,,
exp2,same_dim_fixed_pref_recurrent_rl,27,27223,18,33,68,2244,0.011373815268711602,0.011373815268711599,0.011438743030895537,,,0.5,,1.443375672974064,0.0,0.5804850260416667,,
exp2,same_dim_fixed_pref_recurrent_rl,28,28223,18,33,68,2244,0.011549043895314165,0.011263134425528988,0.011326802332948915,,,0.5,,1.41689737597902,-0.00032885062597855577,0.6023763020833333,,
exp2,same_dim_fixed_pref_recurrent_rl,29,29223,18,33,68,2244,0.011373815268711602,0.011373815268711599,0.011438743030895537,,,0.5,,1.443375672974064,0.0,0.614501953125,,
exp2,same_dim_fixed_pref_recurrent_rl,30,30223,18,33,68,2244,0.011390704769718473,0.011395804659849684,0.01146098419756214,,,0.5,,1.443885964121602,-1.0069616290834475e-05,0.60205078125,,
exp2,same_dim_oracle_joint_action_rl,1,1223,18,33,68,2244,-0.10680356632200626,-0.10050150099309071,-0.09561624506201583,,,0.19986979166666666,,0.5138202404188822,-0.06869198254649042,1.0,,
exp2,same_dim_oracle_joint_action_rl,2,2223,18,33,68,2244,-0.11537512354324672,-0.10957192381893388,-0.10378229735580002,,,0.19620768229166666,,0.5341120964344914,-0.0718894038329708,1.0,,
exp2,same_dim_oracle_joint_action_rl,3,3223,18,33,68,2244,-0.11414012137503016,-0.1109375380161243,-0.10500534967542574,,,0.18253580729166666,,0.47857433566167407,-0.0746232387337909,1.0,,
exp2,same_dim_oracle_joint_action_rl,4,4223,18,33,68,2244,-0.11811516478745372,-0.11083594447613118,-0.1049144193817374,,,0.173828125,,0.5079284288330239,-0.07210509898264207,1.0,,
exp2,same_dim_oracle_joint_action_rl,5,5223,18,33,68,2244,-0.10213568879253926,-0.11837768717331412,-0.11163953310822938,,,0.16902669270833334,,0.4431906216280883,-0.07859887031254649,1.0,,
exp2,same_dim_oracle_joint_action_rl,6,6223,18,33,68,2244,-0.1106438596920339,-0.10990393721805929,-0.10407980425074059,,,0.16910807291666666,,0.49068810895781056,-0.07077867421022126,1.0,,
exp2,same_dim_oracle_joint_action_rl,7,7223,18,33,68,2244,-0.11218137228152705,-0.10960713041051579,-0.10381384957099926,,,0.18595377604166666,,0.448433067216374,-0.07293142150800065,1.0,,
exp2,same_dim_oracle_joint_action_rl,8,8223,18,33,68,2244,-0.10692108995484599,-0.12004642677842031,-0.11312073918559473,,,0.204345703125,,0.36522331007264114,-0.07485139988270403,1.0,,
exp2,same_dim_oracle_joint_action_rl,9,9223,18,33,68,2244,-0.11266802443501331,-0.11313131305451635,-0.10696661452529344,,,0.181640625,,0.4380940789012347,-0.07279393889639219,1.0,,
exp2,same_dim_oracle_joint_action_rl,10,10223,18,33,68,2244,-0.10520534451215591,-0.1099135678475792,-0.10408843248467758,,,0.21183268229166666,,0.49033037744847485,-0.0724677309799852,1.0,,
exp2,same_dim_oracle_joint_action_rl,11,11223,18,33,68,2244,-0.12133394685951718,-0.10739601362218407,-0.10183008496893231,,,0.19425455729166666,,0.44996379354627597,-0.06976663594080379,1.0,,
exp2,same_dim_oracle_joint_action_rl,12,12223,18,33,68,2244,-0.1069806251607373,-0.11240047176838923,-0.10631371030167858,,,0.20963541666666666,,0.3899419107889799,-0.07209993194892922,1.0,,
exp2,same_dim_oracle_joint_action_rl,13,13223,18,33,68,2244,-0.11383710044490264,-0.1039413157747241,-0.09872181331854957,,,0.16878255208333334,,0.5697301459738314,-0.06939016082676552,1.0,,
exp2,same_dim_oracle_joint_action_rl,14,14223,18,33,68,2244,-0.12104011468662797,-0.1251183257773107,-0.11760751336970587,,,0.19148763020833334,,0.260459094685894,-0.07667564488271339,1.0,,
exp2,same_dim_oracle_joint_action_rl,15,15223,18,33,68,2244,-0.10747508960920549,-0.1160060132076765,-0.10953013129887668,,,0.18587239583333334,,0.43580464137590613,-0.07618088343990656,1.0,,
exp2,same_dim_oracle_joint_action_rl,16,16223,18,33,68,2244,-0.11505910807815962,-0.10386346400241633,-0.09865164448302544,,,0.18994140625,,0.5307997590230642,-0.06961551723545525,1.0,,
exp2,same_dim_oracle_joint_action_rl,17,17223,18,33,68,2244,-0.1134471450721499,-0.13116005090155314,-0.12292261386967263,,,0.20328776041666666,,0.33093550580503067,-0.0766466631026715,1.0,,
exp2,same_dim_oracle_joint_action_rl,18,18223,18,33,68,2244,-0.10904844786669018,-0.11272272983838155,-0.10660166152078132,,,0.18546549479166666,,0.449794444557206,-0.07217146538540582,1.0,,
exp2,same_dim_oracle_joint_action_rl,19,19223,18,33,68,2244,-0.1216394583897849,-0.11888298984843143,-0.11208831063482694,,,0.18595377604166666,,0.3912912454188435,-0.07507056761247806,1.0,,
exp2,same_dim_oracle_joint_action_rl,20,20223,18,33,68,2244,-0.11409073401106926,-0.11172125399768694,-0.10570649650042452,,,0.176025390625,,0.46639657542389,-0.07160273068524314,1.0,,
exp2,same_dim_oracle_joint_action_rl,21,21223,18,33,68,2244,-0.11432533509794524,-0.10039935559965363,-0.095523861709363,,,0.18269856770833334,,0.570947777760741,-0.06927069427351285,1.0,,
exp2,same_dim_oracle_joint_action_rl,22,22223,18,33,68,2244,-0.1010617418080825,-0.11510833881804106,-0.10873042041671455,,,0.17667643229166666,,0.48153605448125986,-0.07807610314162178,1.0,,
exp2,same_dim_oracle_joint_action_rl,23,23223,18,33,68,2244,-0.10101120344502681,-0.12019547699504823,-0.11325291888059119,,,0.16495768229166666,,0.41115535609023934,-0.07604596444315118,1.0,,
exp2,same_dim_oracle_joint_action_rl,24,24223,18,33,68,2244,-0.11525521623942239,-0.10783266906541038,-0.10222219013761447,,,0.196044921875,,0.508652718804459,-0.07130891524909458,1.0,,
exp2,same_dim_oracle_joint_action_rl,25,25223,18,33,68,2244,-0.10471329673092272,-0.11160453470021234,-0.10560210909906631,,,0.196533203125,,0.4302460094912034,-0.07233115386350197,1.0,,
exp2,same_dim_oracle_joint_action_rl,26,26223,18,33,68,2244,-0.1175549637494187,-0.10407940303630245,-0.09884625976283656,,,0.1865234375,,0.5297752063819301,-0.07052586276404589,1.0,,
exp2,same_dim_oracle_joint_action_rl,27,27223,18,33,68,2244,-0.11539377668784376,-0.1259697226200902,-0.11835845982483284,,,0.16756184895833334,,0.3653264128802902,-0.07993760465427786,1.0,,
exp2,same_dim_oracle_joint_action_rl,28,28223,18,33,68,2244,-0.1146489670263619,-0.10998505449623655,-0.10415247591098042,,,0.18513997395833334,,0.46859416898626827,-0.06974766335327326,1.0,,
exp2,same_dim_oracle_joint_action_rl,29,29223,18,33,68,2244,-0.10953503601420304,-0.10661575748250203,-0.10112900890436771,,,0.19425455729166666,,0.4972590928923025,-0.07169152352457647,1.0,,
exp2,same_dim_oracle_joint_action_rl,30,30223,18,33,68,2244,-0.11409777977144182,-0.1137368494893794,-0.10750721508456107,,,0.18782552083333334,,0.4681479974707398,-0.07412310501044794,1.0,,
exp2,same_dim_preference_backbone,1,1223,18,33,68,2244,0.01109022309823146,0.011093443862136575,0.01115520427778427,,,0.5,,1.443375672974064,0.0,0.6259765625,,
exp2,same_dim_preference_backbone,2,2223,18,33,68,2244,0.011734333584540806,0.011314096161287378,0.011378342615494752,,,0.5,,1.4061734219687252,-0.0007539838742024077,0.5975748697916667,,
exp2,same_dim_preference_backbone,3,3223,18,33,68,2244,0.011260820455937307,0.011260962599061319,0.011324605909017293,,,0.5,,1.443375672974064,0.0,0.5995279947916666,,
exp2,same_dim_preference_backbone,4,4223,18,33,68,2244,0.011269697036324343,0.011269592630635,0.011333333709958149,,,0.5,,1.443375672974064,0.0,0.5917154947916667,,
exp2,same_dim_preference_backbone,5,5223,18,33,68,2244,0.011353469338872933,0.011353422577166698,0.011418117282900209,,,0.5,,1.443375672974064,0.0,0.595947265625,,
exp2,same_dim_preference_backbone,6,6223,18,33,68,2244,0.01124007994928667,0.011240091206387427,0.011303498376319165,,,0.5,,1.443375672974064,0.0,0.603271484375,,
exp2,same_dim_preference_backbone,7,7223,18,33,68,2244,0.011102633642399905,0.011102255908559615,0.011164114663644531,,,0.5,,1.443375672974064,0.0,0.6110026041666666,,
exp2,same_dim_preference_backbone,8,8223,18,33,68,2244,0.011272202090001727,0.011271818498205032,0.011335584806533516,,,0.5,,1.443375672974064,0.0,0.6119791666666665,,
exp2,same_dim_preference_backbone,9,9223,18,33,68,2244,0.011236688756072054,0.011236654776225855,0.011300023108446133,,,0.5,,1.443375672974064,0.0,0.605712890625,,
exp2,same_dim_preference_backbone,10,10223,18,33,68,2244,0.011071993238072182,0.01107312725675941,0.011134661245207012,,,0.5,,1.443375672974064,0.0,0.6038411458333333,,
exp2,same_dim_preference_backbone,11,11223,18,33,68,2244,0.011275560838083096,0.011275167341204609,0.01133897161629771,,,0.5,,1.443375672974064,0.0,0.6268717447916666,,
exp2,same_dim_preference_backbone,12,12223,18,33,68,2244,0.011065786408314971,0.011064203727565638,0.0111256383957965,,,0.5,,1.443375672974064,0.0,0.619384765625,,
exp2,same_dim_preference_backbone,13,13223,18,33,68,2244,0.011430218239427452,0.01094617783323348,0.011006306430312085,,,0.5,,1.419153108744271,-0.00036390360186271337,0.5948079427083334,,
exp2,same_dim_preference_backbone,14,14223,18,33,68,2244,0.011320597338796505,0.011320499222281018,0.011384818553443088,,,0.5,,1.443375672974064,0.0,0.6136881510416667,,
exp2,same_dim_preference_backbone,15,15223,18,33,68,2244,0.011352957401294139,0.011353023081370955,0.011417713225695403,,,0.5,,1.443375672974064,0.0,0.596435546875,,
exp2,same_dim_preference_backbone,16,16223,18,33,68,2244,0.011294314462338534,0.011293715634160468,0.011357730401792221,,,0.5,,1.443375672974064,0.0,0.609619140625,,
exp2,same_dim_preference_backbone,17,17223,18,33,68,2244,0.011238941071757531,0.011239950249844241,0.011303355826483896,,,0.5,,1.443375672974064,0.0,0.5986328125,,
exp2,same_dim_preference_backbone,18,18223,18,33,68,2244,0.011362915228418985,0.01136285071620749,0.011427653118490921,,,0.5,,1.443375672974064,0.0,0.6083984375,,
exp2,same_dim_preference_backbone,19,19223,18,33,68,2244,0.011364483667004183,0.011364764258145544,0.011429588529574097,,,0.5,,1.443375672974064,0.0,0.5995279947916667,,
exp2,same_dim_preference_backbone,20,20223,18,33,68,2244,0.011300843584178306,0.011301008809408798,0.011365106437856154,,,0.5,,1.443375672974064,0.0,0.6046549479166666,,
exp2,same_dim_preference_backbone,21,21223,18,33,68,2244,0.011312262899930217,0.011312605536821212,0.011376835031316368,,,0.5,,1.443375672974064,0.0,0.6062825520833335,,
exp2,same_dim_preference_backbone,22,22223,18,33,68,2244,0.011276339155248994,0.011275308172795321,0.011339114044783827,,,0.5,,1.443292062318387,0.0,0.598876953125,,
exp2,same_dim_preference_backbone,23,23223,18,33,68,2244,0.011361977559984745,0.011362101694590197,0.011426895537598014,,,0.5,,1.443375672974064,0.0,0.594482421875,,
exp2,same_dim_preference_backbone,24,24223,18,33,68,2244,0.011154097808443036,0.01115433750623785,0.01121677907766272,,,0.5,,1.443375672974064,0.0,0.5986328125,,
exp2,same_dim_preference_backbone,25,25223,18,33,68,2244,0.011247068136529897,0.011246986999108125,0.011310472139666405,,,0.5,,1.443375672974064,0.0,0.61279296875,,
exp2,same_dim_preference_backbone,26,26223,18,33,68,2244,0.011281861394248669,0.011280999573677647,0.011344869997489626,,,0.5,,1.443375672974064,0.0,0.6075846354166667,,
exp2,same_dim_preference_backbone,27,27223,18,33,68,2244,0.01134514280133066,0.011345250496064557,0.01140985192579036,,,0.5,,1.443375672974064,0.0,0.5845540364583334,,
exp2,same_dim_preference_backbone,28,28223,18,33,68,2244,0.01137294749447131,0.01137295051207365,0.011437868382906835,,,0.5,,1.443375672974064,0.0,0.6023763020833333,,
exp2,same_dim_preference_backbone,29,29223,18,33,68,2244,0.011292325779771753,0.011292331999196287,0.011356331052843283,,,0.5,,1.443375672974064,0.0,0.614501953125,,
exp2,same_dim_preference_backbone,30,30223,18,33,68,2244,0.011167860213843002,0.011167887288408243,0.011230480937574727,,,0.5,,1.443375672974064,0.0,0.60205078125,,
exp3,full_ndu_joint,1,1337,19,23,54,1242,0.12813181499152676,0.11451682819728805,0.12133151089308014,,,,,1.4431712106358947,-0.06534863935650433,,0.18987395171561774,0.025090388709180813
exp3,full_ndu_joint,2,2337,19,23,54,1242,0.10831729460282474,0.13173965103332486,0.14081127156515838,,,,,1.6264045631910382,-0.06202407676440987,,0.2151578799188949,0.009973778657242314
exp3,full_ndu_joint,3,3337,19,23,54,1242,0.13069273943484133,0.12851604167822006,0.13713966277346445,,,,,1.5504000596078238,-0.06427520610173723,,0.2130849069363,0.011302981114983818
exp3,full_ndu_joint,4,4337,19,23,54,1242,0.09748664983834295,0.11302665623993617,0.11966177852381454,,,,,1.4698046833891332,-0.060297618313019094,,0.19380432408910991,0.012297082717830263
exp3,full_ndu_joint,5,5337,19,23,54,1242,0.10771221752227977,0.11200883281702237,0.11852274030811305,,,,,1.478432715901734,-0.06465042500516598,,0.20959202340655417,0.01542564057239206
exp3,full_ndu_joint,6,6337,19,23,54,1242,0.11132522152893716,0.11318022115341514,0.11983373249066931,,,,,1.4055594807754845,-0.069393752352317,,0.23655125559439152,0.015105607458593738
exp3,full_ndu_joint,7,7337,19,23,54,1242,0.13821260964203957,0.1056651379165337,0.1114496318453102,,,,,1.3273400571411682,-0.07100355557858948,,0.243679649808793,0.009417633390623239
exp3,full_ndu_joint,8,8337,19,23,54,1242,0.12538425306631665,0.11379232287155107,0.12051939446838267,,,,,1.4643615412246218,-0.06527418580241907,,0.23277560925728938,0.017061273301861017
exp3,full_ndu_joint,9,9337,19,23,54,1242,0.12909195631222833,0.11310474972734379,0.11974922023108592,,,,,1.3998205059890245,-0.0675345520196772,,0.23077581768052624,0.017664034878533495
exp3,full_ndu_joint,10,10337,19,23,54,1242,0.1100525649976349,0.11852740076788072,0.12583772249745406,,,,,1.4775169804945376,-0.06271939721402942,,0.21136425112931737,0.011116272246725805
exp3,full_ndu_joint,11,11337,19,23,54,1242,0.0995564146817655,0.1136490530085549,0.1203588693077362,,,,,1.511576356221986,-0.06181073992376014,,0.22004714607083772,0.026324864344925657
exp3,full_ndu_joint,12,12337,19,23,54,1242,0.1420689866128441,0.11771441420057752,0.12492280351091645,,,,,1.4507525715980223,-0.06580105903785771,,0.1771086200439421,0.026786675314514254
exp3,full_ndu_joint,13,13337,19,23,54,1242,0.12046970459956297,0.09114731839918454,0.09543037042073332,,,,,1.3391350753415407,-0.05966094102064572,,0.2250451290865828,0.019190151603089588
exp3,full_ndu_joint,14,14337,19,23,54,1242,0.1446389415796451,0.11582830705619147,0.12280307821723446,,,,,1.4066811448845575,-0.06854177920527144,,0.20546460848118706,0.011710396806799944
exp3,full_ndu_joint,15,15337,19,23,54,1242,0.12440665669859201,0.1265803711428527,0.134940663988818,,,,,1.5389480038860133,-0.06704521599920334,,0.22921161936582812,0.024969299157330493
exp3,full_ndu_joint,16,16337,19,23,54,1242,0.1377203969546981,0.12065436533038644,0.12823488787551618,,,,,1.5464476168673755,-0.0632389162965325,,0.22599767862675904,0.017958739343036278
exp3,full_ndu_joint,17,17337,19,23,54,1242,0.13478153500547874,0.11439759196443389,0.1211978155187654,,,,,1.4405742104988284,-0.06679756581270199,,0.23472658940056448,0.027603032437285593
exp3,full_ndu_joint,18,18337,19,23,54,1242,0.13311437303001897,0.11812926413135011,0.12538957447133336,,,,,1.4755110683828176,-0.065649231389146,,0.2114553655724114,0.018479222459217775
exp3,full_ndu_joint,19,19337,19,23,54,1242,0.13488016190233754,0.11526321630221023,0.12216877181641261,,,,,1.455219859817394,-0.06577199341130227,,0.2533085787486768,0.013108028496272319
exp3,full_ndu_joint,20,20337,19,23,54,1242,0.11441660816316841,0.12357140391713306,0.13153079738887175,,,,,1.5036140258147785,-0.06560525193236233,,0.20117817108626057,0.009046321159397628
exp3,full_ndu_joint,21,21337,19,23,54,1242,0.13635499949019078,0.09403306343839775,0.09859606868013349,,,,,1.2521003742055985,-0.06925247599467033,,0.24719775107892655,0.03012116204012208
exp3,full_ndu_joint,22,22337,19,23,54,1242,0.13242361822023216,0.12343110135250472,0.13137205185250544,,,,,1.5428843787893727,-0.06343027980772833,,0.2271414352528511,0.026830055238530704
exp3,full_ndu_joint,23,23337,19,23,54,1242,0.09287203670820533,0.1139575313274713,0.12070452903984874,,,,,1.4728046683918912,-0.06472115773268075,,0.25740980597259344,0.019389218960036977
exp3,full_ndu_joint,24,24337,19,23,54,1242,0.11778619087257299,0.11569188876203867,0.12264991778381451,,,,,1.454082446357425,-0.06659840847204024,,0.23598219884715554,0.014889724799919837
exp3,full_ndu_joint,25,25337,19,23,54,1242,0.13366025027235906,0.13092614282345366,0.13988358961942748,,,,,1.5753713969857275,-0.06487646741451453,,0.26098013675573845,0.0152461747884423
exp3,full_ndu_joint,26,26337,19,23,54,1242,0.14056872849666127,0.12596798961392536,0.13424586005402395,,,,,1.5486379212594878,-0.06431116904013509,,0.21227143945197105,0.021932690503673694
exp3,full_ndu_joint,27,27337,19,23,54,1242,0.13748980064404118,0.1099625621878618,0.1162362802324477,,,,,1.3902625960178017,-0.0672757124217517,,0.2216634351126573,0.013057028636473466
exp3,full_ndu_joint,28,28337,19,23,54,1242,0.1277814010013671,0.11980346159533484,0.12727527692157947,,,,,1.5052714983192546,-0.06677880845494602,,0.2466083177133401,0.03148297323963156
exp3,full_ndu_joint,29,29337,19,23,54,1242,0.1286989627863103,0.10820046881359867,0.11427109960330695,,,,,1.3689210170120119,-0.06412910562964412,,0.1740835613130427,0.018292441039489137
exp3,full_ndu_joint,30,30337,19,23,54,1242,0.11676676040750977,0.1035818931338985,0.1091366203197246,,,,,1.3692062397921645,-0.06516799683804755,,0.2142906448479637,0.014042195913960423
exp3,same_dim_fixed_pref_joint_rl,1,1337,19,23,54,1242,0.11612698142729606,0.10056145707456332,0.10579159833255858,,,,,1.4223399455175212,-0.06613971267086813,,0.3415205324462861,0.0
exp3,same_dim_fixed_pref_joint_rl,2,2337,19,23,54,1242,0.0984875736390618,0.11240346831879439,0.11896423620022456,,,,,1.558041752742097,-0.06347702845941589,,0.34991456146043165,0.0
exp3,same_dim_fixed_pref_joint_rl,3,3337,19,23,54,1242,0.11175595587563704,0.11547727321507587,0.12240900551034595,,,,,1.5847702985770336,-0.06289648611862725,,0.31861927231641696,0.0
exp3,same_dim_fixed_pref_joint_rl,4,4337,19,23,54,1242,0.09846592739485853,0.10801845221905274,0.11406830222915976,,,,,1.480976098325201,-0.06255681118724166,,0.2801649110061047,0.0
exp3,same_dim_fixed_pref_joint_rl,5,5337,19,23,54,1242,0.09353941096848313,0.09347013984264896,0.09797781706141495,,,,,1.3483213758905512,-0.06836236459464634,,0.35000930556017756,0.0
exp3,same_dim_fixed_pref_joint_rl,6,6337,19,23,54,1242,0.10509327546283516,0.1038079439273889,0.10938736987283715,,,,,1.4654283267730266,-0.06450918337015557,,0.36053046650474374,0.0
exp3,same_dim_fixed_pref_joint_rl,7,7337,19,23,54,1242,0.12165918394627967,0.09874534855690331,0.10378518327727737,,,,,1.4164387363340964,-0.06539584741004975,,0.3550187834072709,0.0
exp3,same_dim_fixed_pref_joint_rl,8,8337,19,23,54,1242,0.1132214194566019,0.09493250504497053,0.09958463620585789,,,,,1.3377868819112106,-0.06767154995372371,,0.3316977993812916,0.0
exp3,same_dim_fixed_pref_joint_rl,9,9337,19,23,54,1242,0.11682100242655435,0.10269695261198426,0.10815553454536886,,,,,1.422214244115687,-0.06476743776063784,,0.33004786248477436,0.0
exp3,same_dim_fixed_pref_joint_rl,10,10337,19,23,54,1242,0.08713054251610207,0.10820259931013282,0.1142734735565516,,,,,1.4982141042762604,-0.06315650105260256,,0.3317481987923955,0.0
exp3,same_dim_fixed_pref_joint_rl,11,11337,19,23,54,1242,0.08808444891278493,0.10376796361037743,0.10934301710072591,,,,,1.469700185053606,-0.06402633497752179,,0.3391710449595944,0.0
exp3,same_dim_fixed_pref_joint_rl,12,12337,19,23,54,1242,0.12664279617097102,0.1015347669806285,0.10686840019521182,,,,,1.4235304185615802,-0.06432336214304041,,0.32777706648039895,0.0
exp3,same_dim_fixed_pref_joint_rl,13,13337,19,23,54,1242,0.12691731268659615,0.09781819843639775,0.1027622829759327,,,,,1.3997640709496186,-0.06616244512141298,,0.36012374566918615,0.0
exp3,same_dim_fixed_pref_joint_rl,14,14337,19,23,54,1242,0.13485246603743795,0.10286417393077144,0.10834085726980036,,,,,1.4176019015561345,-0.06342019143391678,,0.3281747619847964,0.0
exp3,same_dim_fixed_pref_joint_rl,15,15337,19,23,54,1242,0.10801642028701124,0.11162103494496772,0.1180890636644516,,,,,1.547393437363307,-0.06342526397502228,,0.3402452472756142,0.0
exp3,same_dim_fixed_pref_joint_rl,16,16337,19,23,54,1242,0.12767591059875305,0.1099146659494708,0.11618281799379915,,,,,1.5053513103928564,-0.0632768875799822,,0.331229928802479,0.0
exp3,same_dim_fixed_pref_joint_rl,17,17337,19,23,54,1242,0.12928237533411588,0.1011185972492029,0.10640785091036231,,,,,1.392125766097632,-0.06582936957401139,,0.3312995435046494,0.0
exp3,same_dim_fixed_pref_joint_rl,18,18337,19,23,54,1242,0.10467786662631036,0.10064712259663353,0.1058863306047173,,,,,1.4228646033652632,-0.06622220968068232,,0.3501056362177087,0.0
exp3,same_dim_fixed_pref_joint_rl,19,19337,19,23,54,1242,0.11534016570767651,0.09285289762078203,0.09730030790918875,,,,,1.3350913439370007,-0.06771626122314534,,0.328515361249835,0.0
exp3,same_dim_fixed_pref_joint_rl,20,20337,19,23,54,1242,0.10532722218864594,0.11342389160549594,0.12010663613044703,,,,,1.5177088627326023,-0.06356808542631584,,0.31085181883786567,0.0
exp3,same_dim_fixed_pref_joint_rl,21,21337,19,23,54,1242,0.11634893905622991,0.08033463624819591,0.08364963545578208,,,,,1.2143949416069753,-0.06820713178659382,,0.3532830604961471,0.0
exp3,same_dim_fixed_pref_joint_rl,22,22337,19,23,54,1242,0.1271739449666868,0.10907229772481364,0.11524297695670072,,,,,1.489985216625477,-0.0646063092664839,,0.3294090734382683,0.0
exp3,same_dim_fixed_pref_joint_rl,23,23337,19,23,54,1242,0.10309780948254776,0.10812604254500514,0.11418817164920925,,,,,1.497689301279548,-0.06222397995807285,,0.335986480795968,0.0
exp3,same_dim_fixed_pref_joint_rl,24,24337,19,23,54,1242,0.09349008325150067,0.10490048061242183,0.11060007861610277,,,,,1.4807708511802102,-0.0660401530264851,,0.3404777232955169,0.0
exp3,same_dim_fixed_pref_joint_rl,25,25337,19,23,54,1242,0.10991916614931128,0.11189710186834775,0.11839777368267401,,,,,1.5063957456519166,-0.06394964257668295,,0.3359333173543099,0.0
exp3,same_dim_fixed_pref_joint_rl,26,26337,19,23,54,1242,0.12357808958941603,0.10668321557513877,0.11258175007851179,,,,,1.4949362124011385,-0.0635205455105783,,0.3476696234094952,0.0
exp3,same_dim_fixed_pref_joint_rl,27,27337,19,23,54,1242,0.11794782157397543,0.09536356500032561,0.10005872528311732,,,,,1.3493572004460157,-0.06670650164372627,,0.34677466788984845,0.0
exp3,same_dim_fixed_pref_joint_rl,28,28337,19,23,54,1242,0.12290953704977998,0.10733611642317253,0.11330839283366778,,,,,1.435568777175836,-0.06603999395582644,,0.27382155937930436,0.0
exp3,same_dim_fixed_pref_joint_rl,29,29337,19,23,54,1242,0.11687409648606677,0.10401698723531752,0.10961930411971621,,,,,1.462599437659429,-0.06403623414027139,,0.3378417480669168,0.0
exp3,same_dim_fixed_pref_joint_rl,30,30337,19,23,54,1242,0.10598047157083856,0.09673508438476033,0.10156851226324703,,,,,1.3892373325748824,-0.06527722626892418,,0.3434277374565824,0.0
exp3,same_dim_oracle_factor_joint_rl,1,1337,19,23,54,1242,0.12723130088856258,0.1191613699554609,0.12655169521817267,,,,,1.6360940980322891,-0.059054222996943996,,0.33507581740876446,0.0
exp3,same_dim_oracle_factor_joint_rl,2,2337,19,23,54,1242,0.11097975256029398,0.12894798001713095,0.13763094308427504,,,,,1.7320159160690674,-0.058519226549583345,,0.3280917390636314,0.0
exp3,same_dim_oracle_factor_joint_rl,3,3337,19,23,54,1242,0.11760575943842767,0.11841586165179199,0.12571215455602625,,,,,1.6367095991407608,-0.059565073246708816,,0.3149979663113336,0.0
exp3,same_dim_oracle_factor_joint_rl,4,4337,19,23,54,1242,0.09733832785611345,0.1062363826322667,0.11208472295325467,,,,,1.5794556962058537,-0.05156807912449014,,0.2855381154944071,0.0
exp3,same_dim_oracle_factor_joint_rl,5,5337,19,23,54,1242,0.11543855523248038,0.12098671891903633,0.1286099231080422,,,,,1.6410360202940368,-0.0588767650331686,,0.3211588867126311,0.0
exp3,same_dim_oracle_factor_joint_rl,6,6337,19,23,54,1242,0.11740141668397415,0.11853068115097198,0.12584141568254004,,,,,1.6570282100702154,-0.05976119289188283,,0.3485397459448881,0.0
exp3,same_dim_oracle_factor_joint_rl,7,7337,19,23,54,1242,0.13078648022558859,0.1145101258877777,0.12132399540741612,,,,,1.5852536170486593,-0.06112626057802102,,0.32676915919629723,0.0
exp3,same_dim_oracle_factor_joint_rl,8,8337,19,23,54,1242,0.11709869402302585,0.11486830050243939,0.12172569713276782,,,,,1.5872945230671336,-0.06012116718627983,,0.3095220548070199,0.0
exp3,same_dim_oracle_factor_joint_rl,9,9337,19,23,54,1242,0.1354507121561023,0.11261069323707436,0.11919613749966351,,,,,1.5592305365719772,-0.06253882880859397,,0.3402163570266805,0.0
exp3,same_dim_oracle_factor_joint_rl,10,10337,19,23,54,1242,0.11120284766834561,0.12084354465853503,0.1284483467839681,,,,,1.6328419793496718,-0.06095911754878793,,0.32443566976879495,0.0
exp3,same_dim_oracle_factor_joint_rl,11,11337,19,23,54,1242,0.10956942873350424,0.11803847399514408,0.1252874048366499,,,,,1.6262621217600188,-0.059979125415576665,,0.32029275898631004,0.0
exp3,same_dim_oracle_factor_joint_rl,12,12337,19,23,54,1242,0.13970834137141033,0.11582355725439301,0.12279774513781971,,,,,1.5887800094116793,-0.06000408266154556,,0.31758206964540814,0.0
exp3,same_dim_oracle_factor_joint_rl,13,13337,19,23,54,1242,0.13666790548379273,0.10608544918468363,0.11191688483852613,,,,,1.510107547749175,-0.06133045787606433,,0.33384735269317417,0.0
exp3,same_dim_oracle_factor_joint_rl,14,14337,19,23,54,1242,0.14860899939293187,0.12295167926049928,0.1308297770962057,,,,,1.6456592959611724,-0.05804209292586399,,0.32226516568249086,0.0
exp3,same_dim_oracle_factor_joint_rl,15,15337,19,23,54,1242,0.10952984240531038,0.11574710987023906,0.12271191346811516,,,,,1.6616215982190774,-0.05652733672281886,,0.3114779432064659,0.0
exp3,same_dim_oracle_factor_joint_rl,16,16337,19,23,54,1242,0.14002616087067846,0.12277947563170734,0.130635060870945,,,,,1.6385988811473569,-0.06028024617433794,,0.32716214778435415,0.0
exp3,same_dim_oracle_factor_joint_rl,17,17337,19,23,54,1242,0.13985202129110327,0.11368588371140809,0.12040013367223379,,,,,1.5293398272629763,-0.06273161246274958,,0.3292313616266776,0.0
exp3,same_dim_oracle_factor_joint_rl,18,18337,19,23,54,1242,0.12888238168935662,0.11889650253041727,0.12625334788447096,,,,,1.6045848127393603,-0.061686650111295344,,0.3199495177975243,0.0
exp3,same_dim_oracle_factor_joint_rl,19,19337,19,23,54,1242,0.13322519592466472,0.10683623823626243,0.11275201332536189,,,,,1.4898140851542372,-0.06118453143630617,,0.31132712976735705,0.0
exp3,same_dim_oracle_factor_joint_rl,20,20337,19,23,54,1242,0.11261832334993627,0.12748291963882685,0.13596546537502952,,,,,1.7069506526990903,-0.058762318665812815,,0.32065244807035953,0.0
exp3,same_dim_oracle_factor_joint_rl,21,21337,19,23,54,1242,0.1317983359392534,0.09753129227682149,0.10244593906707666,,,,,1.4094229948075971,-0.06231198245109085,,0.3339178435092956,0.0
exp3,same_dim_oracle_factor_joint_rl,22,22337,19,23,54,1242,0.14547459965049042,0.11892654122961326,0.12628717957813396,,,,,1.6153454693980005,-0.06135631883440983,,0.3400704498685072,0.0
exp3,same_dim_oracle_factor_joint_rl,23,23337,19,23,54,1242,0.10890279145390303,0.11929845255446872,0.1267061364378299,,,,,1.6089551884349462,-0.059285874103297206,,0.3221379896255104,0.0
exp3,same_dim_oracle_factor_joint_rl,24,24337,19,23,54,1242,0.10650164417462298,0.1218518463511795,0.12958673698602863,,,,,1.6759085799279503,-0.05914168317294212,,0.32458396831187764,0.0
exp3,same_dim_oracle_factor_joint_rl,25,25337,19,23,54,1242,0.13216959246995544,0.1234023949936405,0.13133957474652802,,,,,1.6281491542677657,-0.06185078363752694,,0.30974582853053984,0.0
exp3,same_dim_oracle_factor_joint_rl,26,26337,19,23,54,1242,0.1425188476411016,0.123725994416371,0.13170573482122738,,,,,1.6861100222067298,-0.05847263498916529,,0.30512718354494206,0.0
exp3,same_dim_oracle_factor_joint_rl,27,27337,19,23,54,1242,0.12756822464720288,0.1115444423978168,0.11800342965462929,,,,,1.535062251410822,-0.060906679576253835,,0.3133968919087408,0.0
exp3,same_dim_oracle_factor_joint_rl,28,28337,19,23,54,1242,0.11794914647970241,0.11886658949654094,0.12621965873379715,,,,,1.5844073569307597,-0.06229623138489402,,0.31047448640110414,0.0
exp3,same_dim_oracle_factor_joint_rl,29,29337,19,23,54,1242,0.11779755677646864,0.11620448055533517,0.12322552643194662,,,,,1.6773476460249326,-0.055630520766426626,,0.31277066235831247,0.0
exp3,same_dim_oracle_factor_joint_rl,30,30337,19,23,54,1242,0.1284749973840991,0.11291345955053558,0.11953504369035439,,,,,1.555402398310209,-0.06004882331078168,,0.32904740655422043,0.0
exp3,same_dim_signal_only_joint_rl,1,1337,19,23,54,1242,0.10826615890429263,0.0964462781494407,0.1012504183442382,,,,,1.4345103619613213,-0.062356489209728756,,0.3265422847034221,0.0
exp3,same_dim_signal_only_joint_rl,2,2337,19,23,54,1242,0.088726798617261,0.09943453297050178,0.10454615701705294,,,,,1.505699521290739,-0.05929147027948737,,0.34159960915154786,0.0
exp3,same_dim_signal_only_joint_rl,3,3337,19,23,54,1242,0.09296214300261263,0.10573405046752121,0.11152622731389905,,,,,1.5319409393211885,-0.06076160171441801,,0.3360830198800857,0.0
exp3,same_dim_signal_only_joint_rl,4,4337,19,23,54,1242,0.07939778267309777,0.0996355074311572,0.10476816489343777,,,,,1.4348341706071817,-0.06003808308250143,,0.310004082526405,0.0
exp3,same_dim_signal_only_joint_rl,5,5337,19,23,54,1242,0.088924607783551,0.089482927423084,0.0936086624349659,,,,,1.3429595157862413,-0.06583413043802715,,0.34125926543059565,0.0
exp3,same_dim_signal_only_joint_rl,6,6337,19,23,54,1242,0.09616905278465188,0.09093997057369847,0.0952032588618128,,,,,1.3571641275413124,-0.06649291496157136,,0.3401627619785359,0.0
exp3,same_dim_signal_only_joint_rl,7,7337,19,23,54,1242,0.1157880629617238,0.08938018949542861,0.09349631311868811,,,,,1.3520584353633733,-0.06555667355741318,,0.35105287255417245,0.0
exp3,same_dim_signal_only_joint_rl,8,8337,19,23,54,1242,0.10088687713025801,0.09417344689078568,0.09875030421483966,,,,,1.4105964080580566,-0.06326164460597153,,0.33594901131257615,0.0
exp3,same_dim_signal_only_joint_rl,9,9337,19,23,54,1242,0.10854225776191495,0.09465248186199943,0.09927677012291336,,,,,1.3855960611862184,-0.06383370376816686,,0.3253129927246448,0.0
exp3,same_dim_signal_only_joint_rl,10,10337,19,23,54,1242,0.08101349772046808,0.10232748974504313,0.10774618784841761,,,,,1.476493472667313,-0.06143815424514557,,0.3143137908260989,0.0
exp3,same_dim_signal_only_joint_rl,11,11337,19,23,54,1242,0.08492447443437416,0.09951688347842327,0.10463712069950737,,,,,1.4651484192926831,-0.061602820618441995,,0.3306972093246094,0.0
exp3,same_dim_signal_only_joint_rl,12,12337,19,23,54,1242,0.12342523737467581,0.09892546041724506,0.1039840059846815,,,,,1.4268547824923514,-0.0623687538184825,,0.31933893122954154,0.0
exp3,same_dim_signal_only_joint_rl,13,13337,19,23,54,1242,0.11313572910161535,0.09226285022369796,0.09665303969692851,,,,,1.3896451362356934,-0.06417093626602237,,0.35877040763885254,0.0
exp3,same_dim_signal_only_joint_rl,14,14337,19,23,54,1242,0.12695202121939106,0.09601675334118079,0.10077750554061415,,,,,1.3984041805580723,-0.06219884411439644,,0.3416002482386303,0.0
exp3,same_dim_signal_only_joint_rl,15,15337,19,23,54,1242,0.10103595146650557,0.10508121240126028,0.11080081749439707,,,,,1.5309525041105365,-0.061032112807946105,,0.3329226093077628,0.0
exp3,same_dim_signal_only_joint_rl,16,16337,19,23,54,1242,0.12154030144575911,0.10485773265333678,0.11055260374411646,,,,,1.4893381941735435,-0.062106899763041665,,0.3216617484104293,0.0
exp3,same_dim_signal_only_joint_rl,17,17337,19,23,54,1242,0.12359777789921776,0.09758007664768453,0.10249972251050954,,,,,1.397281106222867,-0.06346157344021824,,0.31934434707879833,0.0
exp3,same_dim_signal_only_joint_rl,18,18337,19,23,54,1242,0.09281243596106244,0.08502222975191179,0.08874126887769673,,,,,1.3503548955993967,-0.0597112168788887,,0.3069738146243497,0.0
exp3,same_dim_signal_only_joint_rl,19,19337,19,23,54,1242,0.11036847276740709,0.09023779283616598,0.09443450144912391,,,,,1.3294613818360108,-0.06315456000495602,,0.3141593560967547,0.0
exp3,same_dim_signal_only_joint_rl,20,20337,19,23,54,1242,0.08460307740212525,0.10604972807601665,0.11187716664404745,,,,,1.5259321123070324,-0.059980074686820116,,0.30688943303874855,0.0
exp3,same_dim_signal_only_joint_rl,21,21337,19,23,54,1242,0.10731434937179891,0.07876504235895873,0.08195007976493218,,,,,1.2455551008283514,-0.06368947435356453,,0.34366749681420444,0.0
exp3,same_dim_signal_only_joint_rl,22,22337,19,23,54,1242,0.11273559733556511,0.09957460700807344,0.10470088609346084,,,,,1.4208023994159955,-0.06349350304309744,,0.3270273134575008,0.0
exp3,same_dim_signal_only_joint_rl,23,23337,19,23,54,1242,0.08968432169037921,0.09968835902116333,0.10482655519053696,,,,,1.4602989490461964,-0.060274380753919665,,0.33380668808950636,0.0
exp3,same_dim_signal_only_joint_rl,24,24337,19,23,54,1242,0.08511571700183303,0.09661242311664966,0.10143340075926566,,,,,1.459321636750729,-0.0619266309381596,,0.32459956959654135,0.0
exp3,same_dim_signal_only_joint_rl,25,25337,19,23,54,1242,0.10505532588826434,0.10717484583686053,0.11312886341320594,,,,,1.5014404948021192,-0.06141395559543623,,0.3214558714168028,0.0
exp3,same_dim_signal_only_joint_rl,26,26337,19,23,54,1242,0.11688945612441282,0.09987450284640334,0.10503223097379166,,,,,1.4625037386058284,-0.06127234710844298,,0.32022445684612905,0.0
exp3,same_dim_signal_only_joint_rl,27,27337,19,23,54,1242,0.10677101403757883,0.08890699987752823,0.09297900441831364,,,,,1.338434620546106,-0.0634373838542817,,0.3335155180598284,0.0
exp3,same_dim_signal_only_joint_rl,28,28337,19,23,54,1242,0.09875010810793854,0.09512254384545082,0.09979361980801671,,,,,1.3724624931877822,-0.06436158597436026,,0.3217690714385351,0.0
exp3,same_dim_signal_only_joint_rl,29,29337,19,23,54,1242,0.10115950616338527,0.09946008715841748,0.10457438315775747,,,,,1.46174261310806,-0.06315162376865055,,0.3382350076182034,0.0
exp3,same_dim_signal_only_joint_rl,30,30337,19,23,54,1242,0.10245307774556933,0.09404058086392147,0.09860432732530233,,,,,1.3902919490768209,-0.0633570884039534,,0.3313081831125745,0.0
