method,seed,sku_count,test_months,training_months_per_sku,source_dataset,split,external_avg_cost,valuation_adjusted_welfare,theta_free_external_welfare,fill_rate,avg_order,avg_ending_inventory,avg_ending_backlog,lost_sales_rate,capacity_excess_rate,theta_mean,theta_std,target_fill_mean,periods
full_ndu_theta_service_control,7100,39,4,8,supplychainpy sample complete_dataset_small.csv,months_1_8_train_9_12_test,0.357831765627,-0.0448165392496,-0.0624575164344,0.992762921054,0.937079278254,0.969991679917,0.046258329529,0,0.0583267940673,1.03938453168,0.185713319515,0.932095636422,156
rolling_forecast_base_stock_backlog,7100,39,4,8,supplychainpy sample complete_dataset_small.csv,months_1_8_train_9_12_test,0.407432093707,-0.168350126271,-0.168350126271,0.987895079017,0.868246914465,0.759428772346,0.0742273267129,0,0.0402628770871,1,0,0.93,156
rolling_forecast_base_stock_lost_sales,7100,39,4,8,supplychainpy sample complete_dataset_small.csv,months_1_8_train_9_12_test,0.646330574006,-0.431655813152,-0.431655813152,0.915068030931,0.797160564629,0.738106829706,0,0.0849319690693,0.0163779702616,1,0,0.93,156
seasonal_service_tuned_base_stock,7100,39,4,8,supplychainpy sample complete_dataset_small.csv,months_1_8_train_9_12_test,0.379561956316,-0.113605920803,-0.113605920803,0.989861793482,0.886107507816,0.82138747817,0.0617331639755,0,0.0383478995259,1,0,0.93,156
mpc_scenario_base_stock,7100,39,4,8,supplychainpy sample complete_dataset_small.csv,months_1_8_train_9_12_test,0.394039192019,-0.151066223209,-0.151066223209,0.984602038761,0.887820512821,0.802002272227,0.0656362284129,0,0.0487334185327,1,0,0.93,156
approximate_dp_inventory,7100,39,4,8,supplychainpy sample complete_dataset_small.csv,months_1_8_train_9_12_test,0.354434031755,-0.056227162515,-0.056227162515,0.993130257771,0.935493100713,0.959489188989,0.0453584894495,0,0.0505210521899,1,0,0.93,156
tabular_inventory_rl,7100,39,4,8,supplychainpy sample complete_dataset_small.csv,months_1_8_train_9_12_test,0.436244983806,-0.200402088649,-0.200402088649,0.983550375138,0.866390313378,0.758526551245,0.0837226833362,0,0.0423724985657,1,0,0.93,156
full_ndu_theta_service_control,7197,39,4,8,supplychainpy sample complete_dataset_small.csv,months_1_8_train_9_12_test,0.348468474152,-0.0265755969293,-0.0444720016049,0.998979141987,0.960802982201,0.949095053655,0.0433819374027,0,0.0651142920406,1.03969254756,0.195602699814,0.932112577295,156
rolling_forecast_base_stock_backlog,7197,39,4,8,supplychainpy sample complete_dataset_small.csv,months_1_8_train_9_12_test,0.386021266043,-0.131660028721,-0.131660028721,0.993829621101,0.894036768404,0.746337877409,0.0679180700717,0,0.0512545262989,1,0,0.93,156
rolling_forecast_base_stock_lost_sales,7197,39,4,8,supplychainpy sample complete_dataset_small.csv,months_1_8_train_9_12_test,0.584398509454,-0.347168639981,-0.347168639981,0.926215923059,0.82899532349,0.734404715011,0,0.0737840769413,0.0231940026729,1,0,0.93,156
seasonal_service_tuned_base_stock,7197,39,4,8,supplychainpy sample complete_dataset_small.csv,months_1_8_train_9_12_test,0.359597074045,-0.0790555806443,-0.0790555806443,0.997163113049,0.914940799539,0.816121416005,0.0554359632431,0,0.0489991319248,1,0,0.93,156
mpc_scenario_base_stock,7197,39,4,8,supplychainpy sample complete_dataset_small.csv,months_1_8_train_9_12_test,0.37817353923,-0.119767505727,-0.119767505727,0.991848025523,0.906730769231,0.768700880628,0.0618913817904,0,0.0557940399915,1,0,0.93,156
approximate_dp_inventory,7197,39,4,8,supplychainpy sample complete_dataset_small.csv,months_1_8_train_9_12_test,0.352663501667,-0.0493075335947,-0.0493075335947,0.999170715466,0.961655094087,0.950624995659,0.0442029736556,0,0.060616379771,1,0,0.93,156
tabular_inventory_rl,7197,39,4,8,supplychainpy sample complete_dataset_small.csv,months_1_8_train_9_12_test,0.407790292169,-0.156429355947,-0.156429355947,0.992367110091,0.896049024839,0.775800225262,0.0739538513039,0,0.0561050790173,1,0,0.93,156
full_ndu_theta_service_control,7294,39,4,8,supplychainpy sample complete_dataset_small.csv,months_1_8_train_9_12_test,0.367346413349,-0.0593786154628,-0.0750105402411,0.994055854834,0.936266383529,0.956764584338,0.0496073428877,0,0.063832296646,1.03892900577,0.188525910524,0.932139248557,156
rolling_forecast_base_stock_backlog,7294,39,4,8,supplychainpy sample complete_dataset_small.csv,months_1_8_train_9_12_test,0.397738698575,-0.154771347822,-0.154771347822,0.984348808254,0.874303671847,0.756573165054,0.0708305005062,0,0.0490441335279,1,0,0.93,156
rolling_forecast_base_stock_lost_sales,7294,39,4,8,supplychainpy sample complete_dataset_small.csv,months_1_8_train_9_12_test,0.614637429024,-0.395030963725,-0.395030963725,0.920671086379,0.807787610165,0.732979873127,0,0.0793289136214,0.0204224830617,1,0,0.93,156
seasonal_service_tuned_base_stock,7294,39,4,8,supplychainpy sample complete_dataset_small.csv,months_1_8_train_9_12_test,0.370475124808,-0.0979893731049,-0.0979893731049,0.989382750045,0.894459839841,0.821166631095,0.0585423766588,0,0.046919756801,1,0,0.93,156
mpc_scenario_base_stock,7294,39,4,8,supplychainpy sample complete_dataset_small.csv,months_1_8_train_9_12_test,0.38965871499,-0.144062460882,-0.144062460882,0.992078105382,0.8875,0.777445004182,0.065811004646,0,0.0574743913991,1,0,0.93,156
approximate_dp_inventory,7294,39,4,8,supplychainpy sample complete_dataset_small.csv,months_1_8_train_9_12_test,0.357802012462,-0.0580378953462,-0.0580378953462,0.995412816687,0.937182056008,0.953317067209,0.046247015103,0,0.0568032572041,1,0,0.93,156
tabular_inventory_rl,7294,39,4,8,supplychainpy sample complete_dataset_small.csv,months_1_8_train_9_12_test,0.39175316851,-0.131219631615,-0.131219631615,0.988188245222,0.873402396058,0.754737942479,0.0681342956855,0,0.0379191239633,1,0,0.93,156
full_ndu_theta_service_control,7391,39,4,8,supplychainpy sample complete_dataset_small.csv,months_1_8_train_9_12_test,0.362975360205,-0.0512087155188,-0.0684980154624,0.992089865735,0.945279511639,0.956871825319,0.0458381830407,0,0.0692489961774,1.0372859968,0.18565103289,0.932050729824,156
rolling_forecast_base_stock_backlog,7391,39,4,8,supplychainpy sample complete_dataset_small.csv,months_1_8_train_9_12_test,0.432507833088,-0.206585114676,-0.206585114676,0.984340013986,0.883747991334,0.757751743063,0.0796618616193,0,0.0549420238622,1,0,0.93,156
rolling_forecast_base_stock_lost_sales,7391,39,4,8,supplychainpy sample complete_dataset_small.csv,months_1_8_train_9_12_test,0.656935140636,-0.443416881943,-0.443416881943,0.916788320032,0.812949655002,0.755656036348,0,0.083211679968,0.0273540732791,1,0,0.93,156
seasonal_service_tuned_base_stock,7391,39,4,8,supplychainpy sample complete_dataset_small.csv,months_1_8_train_9_12_test,0.399443585865,-0.141078385113,-0.141078385113,0.988008476303,0.905798930725,0.825042373419,0.0656255942857,0,0.0543979182524,1,0,0.93,156
mpc_scenario_base_stock,7391,39,4,8,supplychainpy sample complete_dataset_small.csv,months_1_8_train_9_12_test,0.419906300083,-0.188582826206,-0.188582826206,0.986594343499,0.901602564103,0.78261185849,0.0733896394494,0,0.0623674792474,1,0,0.93,156
approximate_dp_inventory,7391,39,4,8,supplychainpy sample complete_dataset_small.csv,months_1_8_train_9_12_test,0.364830541582,-0.0683157588856,-0.0683157588856,0.993801951705,0.948384958494,0.952259020441,0.0467713811777,0,0.0641777489467,1,0,0.93,156
tabular_inventory_rl,7391,39,4,8,supplychainpy sample complete_dataset_small.csv,months_1_8_train_9_12_test,0.435417297823,-0.195439413878,-0.195439413878,0.986490299479,0.887415920805,0.776715998369,0.0811375359094,0,0.0514528062919,1,0,0.93,156
full_ndu_theta_service_control,7488,39,4,8,supplychainpy sample complete_dataset_small.csv,months_1_8_train_9_12_test,0.352295828083,-0.0354039611611,-0.0537597117392,0.99597283482,0.973189401258,0.986646751941,0.040698371909,0,0.076001564186,1.04055475711,0.185317344704,0.932210075838,156
rolling_forecast_base_stock_backlog,7488,39,4,8,supplychainpy sample complete_dataset_small.csv,months_1_8_train_9_12_test,0.405166586235,-0.166618920293,-0.166618920293,0.989323833088,0.907883580236,0.781364874582,0.0699196569435,0,0.0605759144901,1,0,0.93,156
rolling_forecast_base_stock_lost_sales,7488,39,4,8,supplychainpy sample complete_dataset_small.csv,months_1_8_train_9_12_test,0.630642298518,-0.415383354087,-0.415383354087,0.921090825611,0.833337026345,0.763581676242,0,0.0789091743895,0.0298585200161,1,0,0.93,156
seasonal_service_tuned_base_stock,7488,39,4,8,supplychainpy sample complete_dataset_small.csv,months_1_8_train_9_12_test,0.369159131961,-0.0975363971185,-0.0975363971185,0.992769171995,0.931304057058,0.851179194021,0.0545160562699,0,0.0595782321827,1,0,0.93,156
mpc_scenario_base_stock,7488,39,4,8,supplychainpy sample complete_dataset_small.csv,months_1_8_train_9_12_test,0.388775905909,-0.139885018692,-0.139885018692,0.993390317725,0.926923076923,0.811349470268,0.0615394365792,0,0.0723797710075,1,0,0.93,156
approximate_dp_inventory,7488,39,4,8,supplychainpy sample complete_dataset_small.csv,months_1_8_train_9_12_test,0.346477364635,-0.0418602086921,-0.0418602086921,0.996284025558,0.975051186217,0.980672975138,0.0390780569129,0,0.0703607502583,1,0,0.93,156
tabular_inventory_rl,7488,39,4,8,supplychainpy sample complete_dataset_small.csv,months_1_8_train_9_12_test,0.399451786196,-0.142404073958,-0.142404073958,0.990619346017,0.915828064181,0.806420386168,0.0677693966114,0,0.0488876141907,1,0,0.93,156
full_ndu_theta_service_control,7585,39,4,8,supplychainpy sample complete_dataset_small.csv,months_1_8_train_9_12_test,0.376698971816,-0.0683370567365,-0.0842851442331,0.98991161902,0.929099212705,0.955054421618,0.0501923242523,0,0.0518053998872,1.03797383016,0.190821230569,0.932046129309,156
rolling_forecast_base_stock_backlog,7585,39,4,8,supplychainpy sample complete_dataset_small.csv,months_1_8_train_9_12_test,0.419487053655,-0.177459833302,-0.177459833302,0.983612964003,0.866894789897,0.756513673296,0.0751061688928,0,0.0432020842239,1,0,0.93,156
rolling_forecast_base_stock_lost_sales,7585,39,4,8,supplychainpy sample complete_dataset_small.csv,months_1_8_train_9_12_test,0.63954502246,-0.409887285141,-0.409887285141,0.919811561446,0.809731704743,0.756879944452,0,0.0801884385537,0.0248069777811,1,0,0.93,156
seasonal_service_tuned_base_stock,7585,39,4,8,supplychainpy sample complete_dataset_small.csv,months_1_8_train_9_12_test,0.393729834845,-0.125120436168,-0.125120436168,0.987221065117,0.891331908311,0.831379658018,0.0628082242,0,0.0442923887858,1,0,0.93,156
mpc_scenario_base_stock,7585,39,4,8,supplychainpy sample complete_dataset_small.csv,months_1_8_train_9_12_test,0.38943195853,-0.131336666537,-0.131336666537,0.986482358243,0.885256410256,0.782363519136,0.0625729623632,0,0.0522673853783,1,0,0.93,156
approximate_dp_inventory,7585,39,4,8,supplychainpy sample complete_dataset_small.csv,months_1_8_train_9_12_test,0.37000255122,-0.0692985925846,-0.0692985925846,0.992316525029,0.934149072796,0.957276018627,0.0476789879222,0,0.0515568447793,1,0,0.93,156
tabular_inventory_rl,7585,39,4,8,supplychainpy sample complete_dataset_small.csv,months_1_8_train_9_12_test,0.41459383162,-0.157324528633,-0.157324528633,0.987567217867,0.873360252942,0.754137902025,0.0746918256455,0,0.0443915164679,1,0,0.93,156
full_ndu_theta_service_control,7682,39,4,8,supplychainpy sample complete_dataset_small.csv,months_1_8_train_9_12_test,0.420278886925,-0.131845334623,-0.149306828242,0.993304260781,0.981913715395,0.951050830676,0.0640268836432,0,0.0765896895144,1.05296158088,0.213091642112,0.93279236837,156
rolling_forecast_base_stock_backlog,7682,39,4,8,supplychainpy sample complete_dataset_small.csv,months_1_8_train_9_12_test,0.483849262828,-0.27600136184,-0.27600136184,0.985361875898,0.913135245249,0.75430456161,0.0958428595891,0,0.0594827042418,1,0,0.93,156
rolling_forecast_base_stock_lost_sales,7682,39,4,8,supplychainpy sample complete_dataset_small.csv,months_1_8_train_9_12_test,0.744781811148,-0.552918760659,-0.552918760659,0.904796669773,0.835220726181,0.758089972274,0,0.0952033302265,0.0309248495574,1,0,0.93,156
seasonal_service_tuned_base_stock,7682,39,4,8,supplychainpy sample complete_dataset_small.csv,months_1_8_train_9_12_test,0.4467108016,-0.206523365772,-0.206523365772,0.989734783074,0.935265568896,0.819896941846,0.0800048006439,0,0.0608303504253,1,0,0.93,156
mpc_scenario_base_stock,7682,39,4,8,supplychainpy sample complete_dataset_small.csv,months_1_8_train_9_12_test,0.470440037545,-0.257603101101,-0.257603101101,0.991428926132,0.9375,0.784530245443,0.0878207992311,0,0.0713998325337,1,0,0.93,156
approximate_dp_inventory,7682,39,4,8,supplychainpy sample complete_dataset_small.csv,months_1_8_train_9_12_test,0.413423697953,-0.134223641405,-0.134223641405,0.99536362048,0.982407109262,0.946054477577,0.0617182486999,0,0.0715352599718,1,0,0.93,156
tabular_inventory_rl,7682,39,4,8,supplychainpy sample complete_dataset_small.csv,months_1_8_train_9_12_test,0.489754411759,-0.271429260879,-0.271429260879,0.985173169618,0.920416183414,0.762207425197,0.0970994816464,0,0.0700908375351,1,0,0.93,156
full_ndu_theta_service_control,7779,39,4,8,supplychainpy sample complete_dataset_small.csv,months_1_8_train_9_12_test,0.379667660814,-0.072443820606,-0.0880143893972,0.982599072477,0.910135579156,0.962463283754,0.0547477447232,0,0.0562706980989,1.03070332033,0.186972286652,0.931618169798,156
rolling_forecast_base_stock_backlog,7779,39,4,8,supplychainpy sample complete_dataset_small.csv,months_1_8_train_9_12_test,0.399665611323,-0.143419372941,-0.143419372941,0.976723543009,0.850212139212,0.761559693997,0.0726689645421,0,0.0405028408331,1,0,0.93,156
rolling_forecast_base_stock_lost_sales,7779,39,4,8,supplychainpy sample complete_dataset_small.csv,months_1_8_train_9_12_test,0.58358539915,-0.334018637881,-0.334018637881,0.924482386158,0.80143122979,0.745230674102,0,0.0755176138425,0.0191057311529,1,0,0.93,156
seasonal_service_tuned_base_stock,7779,39,4,8,supplychainpy sample complete_dataset_small.csv,months_1_8_train_9_12_test,0.383496279745,-0.10945217759,-0.10945217759,0.980011371635,0.872534910809,0.833136404604,0.0633765246217,0,0.038651130191,1,0,0.93,156
mpc_scenario_base_stock,7779,39,4,8,supplychainpy sample complete_dataset_small.csv,months_1_8_train_9_12_test,0.384587895849,-0.121597186809,-0.121597186809,0.981031938435,0.870833333333,0.798672977415,0.063410726177,0,0.051620506521,1,0,0.93,156
approximate_dp_inventory,7779,39,4,8,supplychainpy sample complete_dataset_small.csv,months_1_8_train_9_12_test,0.379975669771,-0.0875961953016,-0.0875961953016,0.984219576675,0.915070080594,0.96767593416,0.0535017835618,0,0.0517992110117,1,0,0.93,156
tabular_inventory_rl,7779,39,4,8,supplychainpy sample complete_dataset_small.csv,months_1_8_train_9_12_test,0.42661492775,-0.179077637158,-0.179077637158,0.97611163662,0.853112073164,0.77739542588,0.0785791183467,0,0.0407032247715,1,0,0.93,156
full_ndu_theta_service_control,7876,39,4,8,supplychainpy sample complete_dataset_small.csv,months_1_8_train_9_12_test,0.39007041744,-0.0913824469218,-0.108768010493,0.981886329139,0.919515446033,0.932107256395,0.0554657558968,0,0.0675819305858,1.03683728928,0.189942442003,0.931977908239,156
rolling_forecast_base_stock_backlog,7876,39,4,8,supplychainpy sample complete_dataset_small.csv,months_1_8_train_9_12_test,0.456035749463,-0.232609758735,-0.232609758735,0.971347787093,0.862368823759,0.740981929474,0.0881909967804,0,0.0541917407029,1,0,0.93,156
rolling_forecast_base_stock_lost_sales,7876,39,4,8,supplychainpy sample complete_dataset_small.csv,months_1_8_train_9_12_test,0.704974332061,-0.495216319249,-0.495216319249,0.90900107398,0.813130963235,0.743403247338,0,0.0909989260197,0.0329377515981,1,0,0.93,156
seasonal_service_tuned_base_stock,7876,39,4,8,supplychainpy sample complete_dataset_small.csv,months_1_8_train_9_12_test,0.417214544934,-0.161892658826,-0.161892658826,0.977321141583,0.886605403085,0.810348542084,0.0717109377745,0,0.0548505131066,1,0,0.93,156
mpc_scenario_base_stock,7876,39,4,8,supplychainpy sample complete_dataset_small.csv,months_1_8_train_9_12_test,0.433690742481,-0.2030673698,-0.2030673698,0.975286019636,0.880128205128,0.763807203834,0.0778116877222,0,0.062133464191,1,0,0.93,156
approximate_dp_inventory,7876,39,4,8,supplychainpy sample complete_dataset_small.csv,months_1_8_train_9_12_test,0.383379999924,-0.095683475434,-0.095683475434,0.98548075173,0.92636608382,0.931987751782,0.0530671311895,0,0.0639252077784,1,0,0.93,156
tabular_inventory_rl,7876,39,4,8,supplychainpy sample complete_dataset_small.csv,months_1_8_train_9_12_test,0.467621194955,-0.239298270374,-0.239298270374,0.978484484371,0.866780615304,0.741013750653,0.0934702746097,0,0.052624359751,1,0,0.93,156
full_ndu_theta_service_control,7973,39,4,8,supplychainpy sample complete_dataset_small.csv,months_1_8_train_9_12_test,0.354428156204,-0.0368179401721,-0.053933684568,0.998648631951,0.955577564152,0.959883414158,0.043952251253,0,0.0681336260512,1.04026305874,0.200480003198,0.93217951117,156
rolling_forecast_base_stock_backlog,7973,39,4,8,supplychainpy sample complete_dataset_small.csv,months_1_8_train_9_12_test,0.393730478536,-0.139766265731,-0.139766265731,0.992410991787,0.889991321931,0.751867043121,0.06982336063,0,0.0504015057975,1,0,0.93,156
rolling_forecast_base_stock_lost_sales,7973,39,4,8,supplychainpy sample complete_dataset_small.csv,months_1_8_train_9_12_test,0.584005491541,-0.341901339032,-0.341901339032,0.926750354163,0.829033403915,0.737662961352,0,0.0732496458366,0.0250996542949,1,0,0.93,156
seasonal_service_tuned_base_stock,7973,39,4,8,supplychainpy sample complete_dataset_small.csv,months_1_8_train_9_12_test,0.371347525123,-0.0964935921358,-0.0964935921358,0.994355435037,0.91262395541,0.825111348703,0.0581499359298,0,0.052236008147,1,0,0.93,156
mpc_scenario_base_stock,7973,39,4,8,supplychainpy sample complete_dataset_small.csv,months_1_8_train_9_12_test,0.380192612703,-0.120186004726,-0.120186004726,0.993264925306,0.90608974359,0.773497074123,0.0619808078654,0,0.0587783018817,1,0,0.93,156
approximate_dp_inventory,7973,39,4,8,supplychainpy sample complete_dataset_small.csv,months_1_8_train_9_12_test,0.346031306607,-0.03941605519,-0.03941605519,0.999465013211,0.958915241281,0.959156350063,0.041283044945,0,0.0640422174467,1,0,0.93,156
tabular_inventory_rl,7973,39,4,8,supplychainpy sample complete_dataset_small.csv,months_1_8_train_9_12_test,0.43533179185,-0.194455044932,-0.194455044932,0.986917721559,0.898717050266,0.794681040575,0.0809396698324,0,0.053870642191,1,0,0.93,156
full_ndu_theta_service_control,8070,39,4,8,supplychainpy sample complete_dataset_small.csv,months_1_8_train_9_12_test,0.312130273004,0.0194054128271,0.00462481113625,0.997240643297,0.931370152484,0.95732307456,0.0303476017161,0,0.0556502817717,1.03122368851,0.165564422077,0.931717302868,156
rolling_forecast_base_stock_backlog,8070,39,4,8,supplychainpy sample complete_dataset_small.csv,months_1_8_train_9_12_test,0.342907922141,-0.0725119653502,-0.0725119653502,0.992215985114,0.8675739511,0.758208345361,0.0527457938891,0,0.0483279524067,1,0,0.93,156
rolling_forecast_base_stock_lost_sales,8070,39,4,8,supplychainpy sample complete_dataset_small.csv,months_1_8_train_9_12_test,0.520088054036,-0.273489750621,-0.273489750621,0.936844107833,0.804917138094,0.723256830923,0,0.0631558921667,0.0158496833718,1,0,0.93,156
seasonal_service_tuned_base_stock,8070,39,4,8,supplychainpy sample complete_dataset_small.csv,months_1_8_train_9_12_test,0.319217440512,-0.0233199205251,-0.0233199205251,0.995817427815,0.88962838334,0.826030028567,0.040909897084,0,0.0452030726694,1,0,0.93,156
mpc_scenario_base_stock,8070,39,4,8,supplychainpy sample complete_dataset_small.csv,months_1_8_train_9_12_test,0.337640132345,-0.0603517391062,-0.0603517391062,0.995539941602,0.891025641026,0.805645208367,0.0459869347025,0,0.0545568193611,1,0,0.93,156
approximate_dp_inventory,8070,39,4,8,supplychainpy sample complete_dataset_small.csv,months_1_8_train_9_12_test,0.315629019213,0.000915195594109,0.000915195594109,0.997695602456,0.934942775675,0.96017701442,0.0308975160777,0,0.0546883618109,1,0,0.93,156
tabular_inventory_rl,8070,39,4,8,supplychainpy sample complete_dataset_small.csv,months_1_8_train_9_12_test,0.35166963617,-0.0835143276231,-0.0835143276231,0.990306594935,0.86760468361,0.750471738851,0.0560624241121,0,0.0408872659202,1,0,0.93,156
full_ndu_theta_service_control,8167,39,4,8,supplychainpy sample complete_dataset_small.csv,months_1_8_train_9_12_test,0.379060469968,-0.0762369217003,-0.0996632300423,0.991882596894,0.954358712184,0.963822062454,0.0534363819808,0,0.0780236755347,1.04506839786,0.205910180574,0.932404529255,156
rolling_forecast_base_stock_backlog,8167,39,4,8,supplychainpy sample complete_dataset_small.csv,months_1_8_train_9_12_test,0.452385470366,-0.244018260568,-0.244018260568,0.980038672361,0.886542040129,0.761006943014,0.0890245107131,0,0.060870899296,1,0,0.93,156
rolling_forecast_base_stock_lost_sales,8167,39,4,8,supplychainpy sample complete_dataset_small.csv,months_1_8_train_9_12_test,0.726327091997,-0.542760695763,-0.542760695763,0.902696751388,0.813373926139,0.743951948664,0,0.0973032486123,0.0272834516006,1,0,0.93,156
seasonal_service_tuned_base_stock,8167,39,4,8,supplychainpy sample complete_dataset_small.csv,months_1_8_train_9_12_test,0.41359126098,-0.17142106623,-0.17142106623,0.984891853573,0.905134781747,0.821844923012,0.0729031461048,0,0.0582622164877,1,0,0.93,156
mpc_scenario_base_stock,8167,39,4,8,supplychainpy sample complete_dataset_small.csv,months_1_8_train_9_12_test,0.440407718581,-0.220716255592,-0.220716255592,0.984045649432,0.904487179487,0.797814182077,0.0800056945271,0,0.0666360293407,1,0,0.93,156
approximate_dp_inventory,8167,39,4,8,supplychainpy sample complete_dataset_small.csv,months_1_8_train_9_12_test,0.37724782641,-0.0944532920893,-0.0944532920893,0.992614149814,0.954734549183,0.959038362978,0.0517889111167,0,0.0735584244637,1,0,0.93,156
tabular_inventory_rl,8167,39,4,8,supplychainpy sample complete_dataset_small.csv,months_1_8_train_9_12_test,0.450260829638,-0.229855711502,-0.229855711502,0.98087618632,0.889480789426,0.772840468956,0.0868394661478,0,0.0509108120798,1,0,0.93,156
full_ndu_theta_service_control,8264,39,4,8,supplychainpy sample complete_dataset_small.csv,months_1_8_train_9_12_test,0.336861263445,-0.0158356985478,-0.0306584653978,0.992765976446,0.957222983167,0.97149325396,0.0367449317787,0,0.061812732635,1.03314639267,0.165748715751,0.931823051597,156
rolling_forecast_base_stock_backlog,8264,39,4,8,supplychainpy sample complete_dataset_small.csv,months_1_8_train_9_12_test,0.378375892286,-0.122028565189,-0.122028565189,0.986688888659,0.893467444414,0.768923763592,0.0623410298413,0,0.0503316992909,1,0,0.93,156
rolling_forecast_base_stock_lost_sales,8264,39,4,8,supplychainpy sample complete_dataset_small.csv,months_1_8_train_9_12_test,0.575148219504,-0.339518706517,-0.339518706517,0.929273430986,0.823974324131,0.73175513807,0,0.0707265690144,0.0160614515906,1,0,0.93,156
seasonal_service_tuned_base_stock,8264,39,4,8,supplychainpy sample complete_dataset_small.csv,months_1_8_train_9_12_test,0.354293770617,-0.0737184208555,-0.0737184208555,0.989660836146,0.915041486794,0.835809256601,0.0505496014307,0,0.0459761803513,1,0,0.93,156
mpc_scenario_base_stock,8264,39,4,8,supplychainpy sample complete_dataset_small.csv,months_1_8_train_9_12_test,0.369016114046,-0.102916478088,-0.102916478088,0.989703792964,0.920833333333,0.820735361331,0.053758254092,0,0.0628883604575,1,0,0.93,156
approximate_dp_inventory,8264,39,4,8,supplychainpy sample complete_dataset_small.csv,months_1_8_train_9_12_test,0.335560042119,-0.0248121618215,-0.0248121618215,0.99408783434,0.962598281041,0.975535806873,0.0354991458972,0,0.0614537384948,1,0,0.93,156
tabular_inventory_rl,8264,39,4,8,supplychainpy sample complete_dataset_small.csv,months_1_8_train_9_12_test,0.38058005686,-0.121370995684,-0.121370995684,0.982627138272,0.884472770412,0.75561673902,0.0641068332445,0,0.0390489387781,1,0,0.93,156
full_ndu_theta_service_control,8361,39,4,8,supplychainpy sample complete_dataset_small.csv,months_1_8_train_9_12_test,0.347699981598,-0.0293297212856,-0.0437991313246,0.997594365373,0.957717830616,0.970077393599,0.0394038988561,0,0.0630634653826,1.03930706382,0.189572213644,0.93209137569,156
rolling_forecast_base_stock_backlog,8361,39,4,8,supplychainpy sample complete_dataset_small.csv,months_1_8_train_9_12_test,0.391380102015,-0.137811720137,-0.137811720137,0.993452003918,0.887905597226,0.758401081315,0.066235353155,0,0.0419081945543,1,0,0.93,156
rolling_forecast_base_stock_lost_sales,8361,39,4,8,supplychainpy sample complete_dataset_small.csv,months_1_8_train_9_12_test,0.576623158753,-0.337888807841,-0.337888807841,0.929814460137,0.823285815731,0.740596004496,0,0.0701855398634,0.0165808771623,1,0,0.93,156
seasonal_service_tuned_base_stock,8361,39,4,8,supplychainpy sample complete_dataset_small.csv,months_1_8_train_9_12_test,0.361930484031,-0.0812185468814,-0.0812185468814,0.996135917749,0.908745141954,0.82758490672,0.0526256839729,0,0.0410129937476,1,0,0.93,156
mpc_scenario_base_stock,8361,39,4,8,supplychainpy sample complete_dataset_small.csv,months_1_8_train_9_12_test,0.367372695783,-0.104668960421,-0.104668960421,0.994222092264,0.903205128205,0.78950727223,0.0555403426953,0,0.0556105300242,1,0,0.93,156
approximate_dp_inventory,8361,39,4,8,supplychainpy sample complete_dataset_small.csv,months_1_8_train_9_12_test,0.343506107962,-0.0339502654289,-0.0339502654289,0.998468707324,0.956594759969,0.96401019935,0.0384047581022,0,0.0546632186022,1,0,0.93,156
tabular_inventory_rl,8361,39,4,8,supplychainpy sample complete_dataset_small.csv,months_1_8_train_9_12_test,0.399212067694,-0.140758706275,-0.140758706275,0.993291085471,0.877877882,0.752561804743,0.070986114972,0,0.0364605177546,1,0,0.93,156
full_ndu_theta_service_control,8458,39,4,8,supplychainpy sample complete_dataset_small.csv,months_1_8_train_9_12_test,0.330247403073,-0.00588463086398,-0.0195553948972,0.996354503218,0.934252135679,0.947990804272,0.0357213665694,0,0.0539484501384,1.03187741369,0.177795464139,0.931722643358,156
rolling_forecast_base_stock_backlog,8458,39,4,8,supplychainpy sample complete_dataset_small.csv,months_1_8_train_9_12_test,0.37429424242,-0.116003292265,-0.116003292265,0.990038568111,0.87433204173,0.751548780178,0.0605498335462,0,0.0378068565419,1,0,0.93,156
rolling_forecast_base_stock_lost_sales,8458,39,4,8,supplychainpy sample complete_dataset_small.csv,months_1_8_train_9_12_test,0.572556982097,-0.332349491519,-0.332349491519,0.931293332083,0.808095033234,0.73700739719,0,0.0687066679168,0.012269779511,1,0,0.93,156
seasonal_service_tuned_base_stock,8458,39,4,8,supplychainpy sample complete_dataset_small.csv,months_1_8_train_9_12_test,0.343307526371,-0.0553420199114,-0.0553420199114,0.994140469544,0.896008416179,0.819865221083,0.0474639910792,0,0.0347426429299,1,0,0.93,156
mpc_scenario_base_stock,8458,39,4,8,supplychainpy sample complete_dataset_small.csv,months_1_8_train_9_12_test,0.338138635888,-0.0545136190357,-0.0545136190357,0.9962642945,0.890384615385,0.778337304382,0.0466825640337,0,0.0433525426973,1,0,0.93,156
approximate_dp_inventory,8458,39,4,8,supplychainpy sample complete_dataset_small.csv,months_1_8_train_9_12_test,0.337802784642,-0.0297815289694,-0.0297815289694,0.995085653284,0.940443680947,0.957639162447,0.0370634826766,0,0.0477000287235,1,0,0.93,156
tabular_inventory_rl,8458,39,4,8,supplychainpy sample complete_dataset_small.csv,months_1_8_train_9_12_test,0.398939601026,-0.14776646782,-0.14776646782,0.987729802246,0.878192736118,0.760177126435,0.0676509406436,0,0.0451647939789,1,0,0.93,156
full_ndu_theta_service_control,8555,39,4,8,supplychainpy sample complete_dataset_small.csv,months_1_8_train_9_12_test,0.372199452414,-0.0634829295289,-0.0803621346462,0.989662304476,0.925649221753,0.955068024371,0.0513145379292,0,0.0586123138755,1.03533159709,0.193355279688,0.931895036962,156
rolling_forecast_base_stock_backlog,8555,39,4,8,supplychainpy sample complete_dataset_small.csv,months_1_8_train_9_12_test,0.424892873736,-0.188079076797,-0.188079076797,0.983223770903,0.859792307535,0.749698919596,0.0804242934907,0,0.0475408987143,1,0,0.93,156
rolling_forecast_base_stock_lost_sales,8555,39,4,8,supplychainpy sample complete_dataset_small.csv,months_1_8_train_9_12_test,0.648212992232,-0.427879742273,-0.427879742273,0.914274931024,0.800243516147,0.740569294293,0,0.0857250689761,0.0255654517831,1,0,0.93,156
seasonal_service_tuned_base_stock,8555,39,4,8,supplychainpy sample complete_dataset_small.csv,months_1_8_train_9_12_test,0.396808412887,-0.133112762449,-0.133112762449,0.986926907029,0.88201829818,0.819506224932,0.067300505046,0,0.0458757276121,1,0,0.93,156
mpc_scenario_base_stock,8555,39,4,8,supplychainpy sample complete_dataset_small.csv,months_1_8_train_9_12_test,0.405147214835,-0.157517274697,-0.157517274697,0.987788546308,0.872435897436,0.762716008847,0.0714048748463,0,0.0472474169925,1,0,0.93,156
approximate_dp_inventory,8555,39,4,8,supplychainpy sample complete_dataset_small.csv,months_1_8_train_9_12_test,0.368160614303,-0.0718566661328,-0.0718566661328,0.992984818063,0.927379551183,0.950267526188,0.0496365946631,0,0.0534202444356,1,0,0.93,156
tabular_inventory_rl,8555,39,4,8,supplychainpy sample complete_dataset_small.csv,months_1_8_train_9_12_test,0.422045668785,-0.177678908014,-0.177678908014,0.981773036779,0.849670180817,0.74273377555,0.0801819845942,0,0.0401998105424,1,0,0.93,156
full_ndu_theta_service_control,8652,39,4,8,supplychainpy sample complete_dataset_small.csv,months_1_8_train_9_12_test,0.29506982374,0.0450803462244,0.0326907527091,0.998945652998,0.938401813374,0.980579684657,0.023340912472,0,0.0512496343539,1.02756836412,0.159704886113,0.931516260026,156
rolling_forecast_base_stock_backlog,8652,39,4,8,supplychainpy sample complete_dataset_small.csv,months_1_8_train_9_12_test,0.332484657028,-0.0582794852945,-0.0582794852945,0.98935119201,0.867251166762,0.762624311653,0.0477179711726,0,0.0328152321934,1,0,0.93,156
rolling_forecast_base_stock_lost_sales,8652,39,4,8,supplychainpy sample complete_dataset_small.csv,months_1_8_train_9_12_test,0.504909716995,-0.255838777438,-0.255838777438,0.941420669135,0.805640791147,0.724488777776,0,0.058579330865,0.0112902102077,1,0,0.93,156
seasonal_service_tuned_base_stock,8652,39,4,8,supplychainpy sample complete_dataset_small.csv,months_1_8_train_9_12_test,0.305041396991,-0.00244432573955,-0.00244432573955,0.993843477007,0.889139693296,0.831235363314,0.0351037124385,0,0.0317597797869,1,0,0.93,156
mpc_scenario_base_stock,8652,39,4,8,supplychainpy sample complete_dataset_small.csv,months_1_8_train_9_12_test,0.342226511326,-0.0697637041497,-0.0697637041497,0.990711971056,0.892628205128,0.811467840944,0.046550035401,0,0.0451589868159,1,0,0.93,156
approximate_dp_inventory,8652,39,4,8,supplychainpy sample complete_dataset_small.csv,months_1_8_train_9_12_test,0.295097868658,0.0331146982038,0.0331146982038,0.999573247818,0.937319583983,0.972347796484,0.0233434548251,0,0.0439159259671,1,0,0.93,156
tabular_inventory_rl,8652,39,4,8,supplychainpy sample complete_dataset_small.csv,months_1_8_train_9_12_test,0.345396841074,-0.072411727686,-0.072411727686,0.986822820926,0.853366050659,0.754073387809,0.051707827332,0,0.0324696874686,1,0,0.93,156
full_ndu_theta_service_control,8749,39,4,8,supplychainpy sample complete_dataset_small.csv,months_1_8_train_9_12_test,0.339022439041,-0.0231295690152,-0.0388112040173,0.990675878464,0.945644350188,0.95343168524,0.0382980054083,0,0.064129497664,1.03318964332,0.168921314493,0.931825430383,156
rolling_forecast_base_stock_backlog,8749,39,4,8,supplychainpy sample complete_dataset_small.csv,months_1_8_train_9_12_test,0.407993606683,-0.173686796163,-0.173686796163,0.978147460805,0.882479326959,0.756114617561,0.0716679720639,0,0.0518381775463,1,0,0.93,156
rolling_forecast_base_stock_lost_sales,8749,39,4,8,supplychainpy sample complete_dataset_small.csv,months_1_8_train_9_12_test,0.65019642973,-0.44157393274,-0.44157393274,0.918365405115,0.821091084124,0.731983167211,0,0.0816345948854,0.0239511552074,1,0,0.93,156
seasonal_service_tuned_base_stock,8749,39,4,8,supplychainpy sample complete_dataset_small.csv,months_1_8_train_9_12_test,0.364147256974,-0.0930501410766,-0.0930501410766,0.984615509646,0.905579010909,0.822501318839,0.0539975604782,0,0.0535787841027,1,0,0.93,156
mpc_scenario_base_stock,8749,39,4,8,supplychainpy sample complete_dataset_small.csv,months_1_8_train_9_12_test,0.404412568966,-0.164962856466,-0.164962856466,0.978593957942,0.896794871795,0.781150442588,0.0677638828369,0,0.0613643294818,1,0,0.93,156
approximate_dp_inventory,8749,39,4,8,supplychainpy sample complete_dataset_small.csv,months_1_8_train_9_12_test,0.336526343459,-0.0313646328006,-0.0313646328006,0.991539783155,0.949471715274,0.952418030631,0.0371123105896,0,0.0663092517656,1,0,0.93,156
tabular_inventory_rl,8749,39,4,8,supplychainpy sample complete_dataset_small.csv,months_1_8_train_9_12_test,0.395125514285,-0.146303413808,-0.146303413808,0.977772030433,0.884043671142,0.771310362145,0.0684021616218,0,0.038180203519,1,0,0.93,156
full_ndu_theta_service_control,8846,39,4,8,supplychainpy sample complete_dataset_small.csv,months_1_8_train_9_12_test,0.382970755982,-0.0767999727309,-0.0953172422882,0.987787056662,0.97555165067,0.961075359597,0.0520455527336,0,0.0788361827828,1.04003544515,0.185309678202,0.932201949483,156
rolling_forecast_base_stock_backlog,8846,39,4,8,supplychainpy sample complete_dataset_small.csv,months_1_8_train_9_12_test,0.426351678408,-0.188289572272,-0.188289572272,0.980788897213,0.910980465081,0.757885467604,0.078220372327,0,0.0583182832256,1,0,0.93,156
rolling_forecast_base_stock_lost_sales,8846,39,4,8,supplychainpy sample complete_dataset_small.csv,months_1_8_train_9_12_test,0.645411867992,-0.421083310807,-0.421083310807,0.919778936241,0.843269225554,0.730552587788,0,0.0802210637588,0.0243373297535,1,0,0.93,156
seasonal_service_tuned_base_stock,8846,39,4,8,supplychainpy sample complete_dataset_small.csv,months_1_8_train_9_12_test,0.402415596657,-0.141063735161,-0.141063735161,0.985045942907,0.930715620636,0.825266110101,0.0666670191313,0,0.056582035842,1,0,0.93,156
mpc_scenario_base_stock,8846,39,4,8,supplychainpy sample complete_dataset_small.csv,months_1_8_train_9_12_test,0.424809781107,-0.185463675443,-0.185463675443,0.982081167897,0.933012820513,0.801002218687,0.0737531742139,0,0.0743462788182,1,0,0.93,156
approximate_dp_inventory,8846,39,4,8,supplychainpy sample complete_dataset_small.csv,months_1_8_train_9_12_test,0.381686717627,-0.0924837830055,-0.0924837830055,0.989798840951,0.977169567494,0.957424931164,0.0516647033152,0,0.072609280692,1,0,0.93,156
tabular_inventory_rl,8846,39,4,8,supplychainpy sample complete_dataset_small.csv,months_1_8_train_9_12_test,0.408447852108,-0.158608450995,-0.158608450995,0.983860962927,0.919840957161,0.768089332632,0.0724688923443,0,0.0506038082918,1,0,0.93,156
full_ndu_theta_service_control,8943,39,4,8,supplychainpy sample complete_dataset_small.csv,months_1_8_train_9_12_test,0.33846495285,-0.0206359455656,-0.0346939859367,0.987754730887,0.930332554337,0.946275533117,0.0387640111908,0,0.0549180747206,1.02866417509,0.164805998094,0.93157652963,156
rolling_forecast_base_stock_backlog,8943,39,4,8,supplychainpy sample complete_dataset_small.csv,months_1_8_train_9_12_test,0.37309983568,-0.114079267111,-0.114079267111,0.982584975802,0.867810498958,0.750041873627,0.0613742678111,0,0.0467706868297,1,0,0.93,156
rolling_forecast_base_stock_lost_sales,8943,39,4,8,supplychainpy sample complete_dataset_small.csv,months_1_8_train_9_12_test,0.55582462113,-0.311535182308,-0.311535182308,0.931994892369,0.808065757722,0.717903505233,0,0.0680051076309,0.0173230797166,1,0,0.93,156
seasonal_service_tuned_base_stock,8943,39,4,8,supplychainpy sample complete_dataset_small.csv,months_1_8_train_9_12_test,0.347560756101,-0.0639722431595,-0.0639722431595,0.986255205316,0.888879497917,0.821315956291,0.0490946105143,0,0.0451404419818,1,0,0.93,156
mpc_scenario_base_stock,8943,39,4,8,supplychainpy sample complete_dataset_small.csv,months_1_8_train_9_12_test,0.358028570397,-0.0889679643252,-0.0889679643252,0.985248078404,0.889743589744,0.786570901233,0.0529645518562,0,0.0498512521954,1,0,0.93,156
approximate_dp_inventory,8943,39,4,8,supplychainpy sample complete_dataset_small.csv,months_1_8_train_9_12_test,0.332863078331,-0.0236274872537,-0.0236274872537,0.989789751891,0.934043330051,0.952491873044,0.0360702054913,0,0.0519026957929,1,0,0.93,156
tabular_inventory_rl,8943,39,4,8,supplychainpy sample complete_dataset_small.csv,months_1_8_train_9_12_test,0.406135588064,-0.162663812007,-0.162663812007,0.981359908689,0.860526389486,0.751618117901,0.0722617560432,0,0.0456435269398,1,0,0.93,156
full_ndu_theta_service_control,9040,39,4,8,supplychainpy sample complete_dataset_small.csv,months_1_8_train_9_12_test,0.344848174521,-0.0311877749305,-0.0446963870583,0.991023741277,0.932471819509,0.971380809641,0.0390388680949,0,0.0589383161194,1.03301131276,0.169770719538,0.93179226444,156
rolling_forecast_base_stock_backlog,9040,39,4,8,supplychainpy sample complete_dataset_small.csv,months_1_8_train_9_12_test,0.379099162515,-0.131373007073,-0.131373007073,0.982335036825,0.866060963174,0.769080017095,0.0612191035303,0,0.0426574095667,1,0,0.93,156
rolling_forecast_base_stock_lost_sales,9040,39,4,8,supplychainpy sample complete_dataset_small.csv,months_1_8_train_9_12_test,0.585059482867,-0.360618563823,-0.360618563823,0.928531461213,0.803113645481,0.736044899607,0,0.0714685387866,0.0204651835601,1,0,0.93,156
seasonal_service_tuned_base_stock,9040,39,4,8,supplychainpy sample complete_dataset_small.csv,months_1_8_train_9_12_test,0.353079805362,-0.0764440899593,-0.0764440899593,0.986342077197,0.888121854803,0.836806806518,0.04930282291,0,0.0438156930938,1,0,0.93,156
mpc_scenario_base_stock,9040,39,4,8,supplychainpy sample complete_dataset_small.csv,months_1_8_train_9_12_test,0.360911044642,-0.100119573438,-0.100119573438,0.988643454023,0.891987179487,0.804347475146,0.0526624100852,0,0.0548378173463,1,0,0.93,156
approximate_dp_inventory,9040,39,4,8,supplychainpy sample complete_dataset_small.csv,months_1_8_train_9_12_test,0.342917624481,-0.0390382933185,-0.0390382933185,0.99211683542,0.934936710311,0.96995218532,0.0380594470486,0,0.0555664593713,1,0,0.93,156
tabular_inventory_rl,9040,39,4,8,supplychainpy sample complete_dataset_small.csv,months_1_8_train_9_12_test,0.378987807747,-0.122909291998,-0.122909291998,0.985311344503,0.873371660702,0.765098275456,0.0628171576641,0,0.0397245015592,1,0,0.93,156
full_ndu_theta_service_control,9137,39,4,8,supplychainpy sample complete_dataset_small.csv,months_1_8_train_9_12_test,0.355392303123,-0.0384775255539,-0.0574224954849,0.998103494278,0.963117977631,0.958384019217,0.0435761566317,0,0.0730405202491,1.04263087703,0.188572777132,0.932344698237,156
rolling_forecast_base_stock_backlog,9137,39,4,8,supplychainpy sample complete_dataset_small.csv,months_1_8_train_9_12_test,0.416139744028,-0.178915712096,-0.178915712096,0.991186921385,0.900008847429,0.764471435832,0.0739119651925,0,0.0624507736002,1,0,0.93,156
rolling_forecast_base_stock_lost_sales,9137,39,4,8,supplychainpy sample complete_dataset_small.csv,months_1_8_train_9_12_test,0.639034113684,-0.420556204688,-0.420556204688,0.919882979445,0.82603276553,0.747206140784,0,0.0801170205553,0.0267881587646,1,0,0.93,156
seasonal_service_tuned_base_stock,9137,39,4,8,supplychainpy sample complete_dataset_small.csv,months_1_8_train_9_12_test,0.384124853311,-0.11781805563,-0.11781805563,0.995188937445,0.921546097831,0.830527701379,0.0601716013071,0,0.0606940162505,1,0,0.93,156
mpc_scenario_base_stock,9137,39,4,8,supplychainpy sample complete_dataset_small.csv,months_1_8_train_9_12_test,0.412961161424,-0.180378686807,-0.180378686807,0.991487131797,0.909935897436,0.79211556664,0.0710700171347,0,0.066037913694,1,0,0.93,156
approximate_dp_inventory,9137,39,4,8,supplychainpy sample complete_dataset_small.csv,months_1_8_train_9_12_test,0.360911316542,-0.0623251944671,-0.0623251944671,1.00024702783,0.965758506724,0.958757728669,0.0450667792493,0,0.0682895915054,1,0,0.93,156
tabular_inventory_rl,9137,39,4,8,supplychainpy sample complete_dataset_small.csv,months_1_8_train_9_12_test,0.404687135568,-0.150127924425,-0.150127924425,0.995303267601,0.904222893137,0.77782200577,0.0718946835663,0,0.0545581807802,1,0,0.93,156
full_ndu_theta_service_control,9234,39,4,8,supplychainpy sample complete_dataset_small.csv,months_1_8_train_9_12_test,0.37457422458,-0.0715619682551,-0.0880981096304,0.98484918156,0.902698389823,0.936547113198,0.0524540203126,0,0.0423923193662,1.03314960929,0.189752387274,0.931777679159,156
rolling_forecast_base_stock_backlog,9234,39,4,8,supplychainpy sample complete_dataset_small.csv,months_1_8_train_9_12_test,0.408615422249,-0.166784985871,-0.166784985871,0.975945915363,0.843679399512,0.736432140817,0.0745819123766,0,0.0287912604814,1,0,0.93,156
rolling_forecast_base_stock_lost_sales,9234,39,4,8,supplychainpy sample complete_dataset_small.csv,months_1_8_train_9_12_test,0.605148735212,-0.371542433565,-0.371542433565,0.92308585931,0.799092683956,0.736159298799,0,0.0769141406896,0.0199979020876,1,0,0.93,156
seasonal_service_tuned_base_stock,9234,39,4,8,supplychainpy sample complete_dataset_small.csv,months_1_8_train_9_12_test,0.386180567262,-0.120379906503,-0.120379906503,0.980264197319,0.866917568246,0.811362582446,0.0634139271176,0,0.0311032331056,1,0,0.93,156
mpc_scenario_base_stock,9234,39,4,8,supplychainpy sample complete_dataset_small.csv,months_1_8_train_9_12_test,0.385388889706,-0.136051892101,-0.136051892101,0.979609386358,0.865705128205,0.769744758324,0.0636286894978,0,0.0360340246648,1,0,0.93,156
approximate_dp_inventory,9234,39,4,8,supplychainpy sample complete_dataset_small.csv,months_1_8_train_9_12_test,0.369528410466,-0.0779145006259,-0.0779145006259,0.985241806745,0.908059851892,0.938867404708,0.0504589896588,0,0.0400675842431,1,0,0.93,156
tabular_inventory_rl,9234,39,4,8,supplychainpy sample complete_dataset_small.csv,months_1_8_train_9_12_test,0.409550985661,-0.159825788409,-0.159825788409,0.978242555803,0.851377857483,0.753228484759,0.0745448561968,0,0.0371685421963,1,0,0.93,156
full_ndu_theta_service_control,9331,39,4,8,supplychainpy sample complete_dataset_small.csv,months_1_8_train_9_12_test,0.321088269999,0.0121654157442,-0.00232773980294,0.999300822973,0.932599571803,0.960463027226,0.0324664557356,0,0.0587393216874,1.03286207355,0.178676133456,0.931736901225,156
rolling_forecast_base_stock_backlog,9331,39,4,8,supplychainpy sample complete_dataset_small.csv,months_1_8_train_9_12_test,0.352796417869,-0.0813541478292,-0.0813541478292,0.995320099944,0.871804056267,0.754642201153,0.0546822593745,0,0.0453582744036,1,0,0.93,156
rolling_forecast_base_stock_lost_sales,9331,39,4,8,supplychainpy sample complete_dataset_small.csv,months_1_8_train_9_12_test,0.54867039638,-0.302855139079,-0.302855139079,0.934637852544,0.816827139088,0.743715189462,0,0.0653621474559,0.0257596144093,1,0,0.93,156
seasonal_service_tuned_base_stock,9331,39,4,8,supplychainpy sample complete_dataset_small.csv,months_1_8_train_9_12_test,0.330346082821,-0.0325788730539,-0.0325788730539,0.997941925396,0.894848632435,0.829462976971,0.043447977857,0,0.0475589386322,1,0,0.93,156
mpc_scenario_base_stock,9331,39,4,8,supplychainpy sample complete_dataset_small.csv,months_1_8_train_9_12_test,0.370113594894,-0.112551190779,-0.112551190779,0.991871450209,0.88141025641,0.777003202672,0.0578582662693,0,0.0542072257036,1,0,0.93,156
approximate_dp_inventory,9331,39,4,8,supplychainpy sample complete_dataset_small.csv,months_1_8_train_9_12_test,0.321632416235,-0.000189902625354,-0.000189902625354,1.00028932192,0.937985363601,0.964797161317,0.0321692283277,0,0.0562253165522,1,0,0.93,156
tabular_inventory_rl,9331,39,4,8,supplychainpy sample complete_dataset_small.csv,months_1_8_train_9_12_test,0.378417920849,-0.111423695232,-0.111423695232,0.992484275542,0.878974957647,0.761853830669,0.0633637710987,0,0.0433604779646,1,0,0.93,156
