experiment,method,iteration,loss_perf,hjb_loss,terminal_loss,residual_mean_abs,mean_hamiltonian,mean_action,omega,algorithm,backend,initialization,ad_terms
exp1_habit_portfolio,nbo_full_ndu,1,38.31022872546284,4014.385629519769,0.09095357187917162,38.293416150292586,-38.31022872546284,0.35;0.169986;0.080092,1.0,hbo_full_actor_critic_pytorch_ad,torch-2.11.0+cpu,safe_constant_bias_random_mlp_no_bellman_pretraining,V_t_gradV_exact_state_Hessian_and_actor_Hamiltonian_gradients
exp1_habit_portfolio,nbo_full_ndu,45,46.08557557036547,4636.135121754828,3.197787272624526,43.86712107345743,-46.08557557036547,0.349746;0.169986;0.080092,1.0,hbo_full_actor_critic_pytorch_ad,torch-2.11.0+cpu,safe_constant_bias_random_mlp_no_bellman_pretraining,V_t_gradV_exact_state_Hessian_and_actor_Hamiltonian_gradients
exp1_habit_portfolio,nbo_full_ndu,90,37.00870250866627,2986.312455666204,24.974569924759408,39.008081060643,-37.00870250866627,0.349917;0.169986;0.0800919,1.0,hbo_full_actor_critic_pytorch_ad,torch-2.11.0+cpu,safe_constant_bias_random_mlp_no_bellman_pretraining,V_t_gradV_exact_state_Hessian_and_actor_Hamiltonian_gradients
exp1_habit_portfolio,nbo_full_ndu,135,48.97336763788252,3969.126609617917,42.096272393581685,49.96220147948333,-48.97336763788252,0.350352;0.169986;0.0800919,1.0,hbo_full_actor_critic_pytorch_ad,torch-2.11.0+cpu,safe_constant_bias_random_mlp_no_bellman_pretraining,V_t_gradV_exact_state_Hessian_and_actor_Hamiltonian_gradients
exp1_habit_portfolio,nbo_full_ndu,180,43.04680739396236,3190.142707283912,63.6997996769926,47.674188987075446,-43.04680739396236,0.350589;0.169986;0.0800919,1.0,hbo_full_actor_critic_pytorch_ad,torch-2.11.0+cpu,safe_constant_bias_random_mlp_no_bellman_pretraining,V_t_gradV_exact_state_Hessian_and_actor_Hamiltonian_gradients
exp1_habit_portfolio,nbo_full_ndu,225,46.187438833857776,3083.379395918215,66.60354887352776,48.62782879525406,-46.187438833857776,0.350067;0.169986;0.0800919,1.0,hbo_full_actor_critic_pytorch_ad,torch-2.11.0+cpu,safe_constant_bias_random_mlp_no_bellman_pretraining,V_t_gradV_exact_state_Hessian_and_actor_Hamiltonian_gradients
exp1_habit_portfolio,nbo_full_ndu,270,41.00144426385596,2696.8165206903727,65.36659038459197,36.86389563390153,-41.00144426385596,0.348134;0.169986;0.0800919,1.0,hbo_full_actor_critic_pytorch_ad,torch-2.11.0+cpu,safe_constant_bias_random_mlp_no_bellman_pretraining,V_t_gradV_exact_state_Hessian_and_actor_Hamiltonian_gradients
exp1_habit_portfolio,nbo_full_ndu,315,42.685706932944775,3744.2229677029877,61.53171710757156,38.33607345588458,-42.685706932944775,0.346153;0.169986;0.0800919,1.0,hbo_full_actor_critic_pytorch_ad,torch-2.11.0+cpu,safe_constant_bias_random_mlp_no_bellman_pretraining,V_t_gradV_exact_state_Hessian_and_actor_Hamiltonian_gradients
exp1_habit_portfolio,nbo_full_ndu,360,35.77089013463289,3013.202632657816,63.91929302930174,31.356399256366075,-35.77089013463289,0.346038;0.169986;0.0800919,1.0,hbo_full_actor_critic_pytorch_ad,torch-2.11.0+cpu,safe_constant_bias_random_mlp_no_bellman_pretraining,V_t_gradV_exact_state_Hessian_and_actor_Hamiltonian_gradients
exp1_habit_portfolio,nbo_full_ndu,405,43.55285076432372,4234.529874561499,78.2089377759058,58.17694658314747,-43.55285076432372,0.351844;0.169986;0.0800917,1.0,hbo_full_actor_critic_pytorch_ad,torch-2.11.0+cpu,safe_constant_bias_random_mlp_no_bellman_pretraining,V_t_gradV_exact_state_Hessian_and_actor_Hamiltonian_gradients
exp1_habit_portfolio,nbo_full_ndu,450,33.57396084635307,2125.082527716191,85.17061204423864,27.36217682852801,-33.57396084635307,0.346849;0.169986;0.0800918,1.0,hbo_full_actor_critic_pytorch_ad,torch-2.11.0+cpu,safe_constant_bias_random_mlp_no_bellman_pretraining,V_t_gradV_exact_state_Hessian_and_actor_Hamiltonian_gradients
exp1_habit_portfolio,nbo_fixed_pref,1,38.83196563730731,4090.054853573545,0.09095357187917162,38.814728343884134,-38.83196563730731,0.35;0.169986;0.25,1.0,hbo_full_actor_critic_pytorch_ad,torch-2.11.0+cpu,safe_constant_bias_random_mlp_no_bellman_pretraining,V_t_gradV_exact_state_Hessian_and_actor_Hamiltonian_gradients
exp1_habit_portfolio,nbo_fixed_pref,45,46.68196282937722,4726.097279008079,3.2760353100029938,44.313168834129414,-46.68196282937722,0.349747;0.169986;0.25,1.0,hbo_full_actor_critic_pytorch_ad,torch-2.11.0+cpu,safe_constant_bias_random_mlp_no_bellman_pretraining,V_t_gradV_exact_state_Hessian_and_actor_Hamiltonian_gradients
exp1_habit_portfolio,nbo_fixed_pref,90,37.58826012844538,3028.9641558201342,26.03442474942911,38.76381328761526,-37.58826012844538,0.349925;0.169986;0.25,1.0,hbo_full_actor_critic_pytorch_ad,torch-2.11.0+cpu,safe_constant_bias_random_mlp_no_bellman_pretraining,V_t_gradV_exact_state_Hessian_and_actor_Hamiltonian_gradients
exp1_habit_portfolio,nbo_fixed_pref,135,49.615563293864135,3977.7625147921135,45.185121186053145,49.184341466567844,-49.615563293864135,0.350426;0.169986;0.25,1.0,hbo_full_actor_critic_pytorch_ad,torch-2.11.0+cpu,safe_constant_bias_random_mlp_no_bellman_pretraining,V_t_gradV_exact_state_Hessian_and_actor_Hamiltonian_gradients
exp1_habit_portfolio,nbo_fixed_pref,180,43.741847289371094,3103.7942369861626,72.89724649891694,45.79969275347249,-43.741847289371094,0.350709;0.169986;0.25,1.0,hbo_full_actor_critic_pytorch_ad,torch-2.11.0+cpu,safe_constant_bias_random_mlp_no_bellman_pretraining,V_t_gradV_exact_state_Hessian_and_actor_Hamiltonian_gradients
exp1_habit_portfolio,nbo_fixed_pref,225,46.82287096256391,3171.428996180041,78.72879476403817,48.199654770226694,-46.82287096256391,0.350142;0.169986;0.25,1.0,hbo_full_actor_critic_pytorch_ad,torch-2.11.0+cpu,safe_constant_bias_random_mlp_no_bellman_pretraining,V_t_gradV_exact_state_Hessian_and_actor_Hamiltonian_gradients
exp1_habit_portfolio,nbo_fixed_pref,270,41.46879665864427,2722.156901092643,85.31866194374373,38.85084094789476,-41.46879665864427,0.348106;0.169986;0.25,1.0,hbo_full_actor_critic_pytorch_ad,torch-2.11.0+cpu,safe_constant_bias_random_mlp_no_bellman_pretraining,V_t_gradV_exact_state_Hessian_and_actor_Hamiltonian_gradients
exp1_habit_portfolio,nbo_fixed_pref,315,43.2206780133399,3760.794977714408,79.53477536472109,40.18125817579329,-43.2206780133399,0.345978;0.169986;0.25,1.0,hbo_full_actor_critic_pytorch_ad,torch-2.11.0+cpu,safe_constant_bias_random_mlp_no_bellman_pretraining,V_t_gradV_exact_state_Hessian_and_actor_Hamiltonian_gradients
exp1_habit_portfolio,nbo_fixed_pref,360,36.26480242963638,3041.2516264337773,80.84097153220695,33.141444323930855,-36.26480242963638,0.345703;0.169986;0.25,1.0,hbo_full_actor_critic_pytorch_ad,torch-2.11.0+cpu,safe_constant_bias_random_mlp_no_bellman_pretraining,V_t_gradV_exact_state_Hessian_and_actor_Hamiltonian_gradients
exp1_habit_portfolio,nbo_fixed_pref,405,44.21790149169677,4140.423137739581,97.82611259066375,55.422591998745396,-44.21790149169677,0.352509;0.169986;0.25,1.0,hbo_full_actor_critic_pytorch_ad,torch-2.11.0+cpu,safe_constant_bias_random_mlp_no_bellman_pretraining,V_t_gradV_exact_state_Hessian_and_actor_Hamiltonian_gradients
exp1_habit_portfolio,nbo_fixed_pref,450,34.17371549676951,2254.5754338367665,75.86235866239242,30.15655258259559,-34.17371549676951,0.346538;0.169986;0.25,1.0,hbo_full_actor_critic_pytorch_ad,torch-2.11.0+cpu,safe_constant_bias_random_mlp_no_bellman_pretraining,V_t_gradV_exact_state_Hessian_and_actor_Hamiltonian_gradients
exp1_habit_portfolio,nbo_preference_only,1,84.0748999216196,9193.111482634815,0.09095357187917162,84.05748539648134,-84.0748999216196,0.55;0.07;0.25,1.0,hbo_full_actor_critic_pytorch_ad,torch-2.11.0+cpu,safe_constant_bias_random_mlp_no_bellman_pretraining,V_t_gradV_exact_state_Hessian_and_actor_Hamiltonian_gradients
exp1_habit_portfolio,nbo_preference_only,45,81.76980945513368,8480.53445690616,3.6582459744658067,78.90529034822059,-81.76980945513368,0.55;0.07;0.25,1.0,hbo_full_actor_critic_pytorch_ad,torch-2.11.0+cpu,safe_constant_bias_random_mlp_no_bellman_pretraining,V_t_gradV_exact_state_Hessian_and_actor_Hamiltonian_gradients
exp1_habit_portfolio,nbo_preference_only,90,82.62892709501996,6635.52390412614,30.451778319558525,72.62114875980303,-82.62892709501996,0.55;0.07;0.25,1.0,hbo_full_actor_critic_pytorch_ad,torch-2.11.0+cpu,safe_constant_bias_random_mlp_no_bellman_pretraining,V_t_gradV_exact_state_Hessian_and_actor_Hamiltonian_gradients
exp1_habit_portfolio,nbo_preference_only,135,84.6818121375478,6600.6527421765795,61.811763887207235,72.77056346706985,-84.6818121375478,0.55;0.07;0.25,1.0,hbo_full_actor_critic_pytorch_ad,torch-2.11.0+cpu,safe_constant_bias_random_mlp_no_bellman_pretraining,V_t_gradV_exact_state_Hessian_and_actor_Hamiltonian_gradients
exp1_habit_portfolio,nbo_preference_only,180,83.24925763658663,5344.560167994462,109.72240342901631,65.82144231573835,-83.24925763658663,0.55;0.07;0.25,1.0,hbo_full_actor_critic_pytorch_ad,torch-2.11.0+cpu,safe_constant_bias_random_mlp_no_bellman_pretraining,V_t_gradV_exact_state_Hessian_and_actor_Hamiltonian_gradients
exp1_habit_portfolio,nbo_preference_only,225,80.15751937682971,4017.394326833917,150.093679837757,58.691808841335806,-80.15751937682971,0.55;0.07;0.25,1.0,hbo_full_actor_critic_pytorch_ad,torch-2.11.0+cpu,safe_constant_bias_random_mlp_no_bellman_pretraining,V_t_gradV_exact_state_Hessian_and_actor_Hamiltonian_gradients
exp1_habit_portfolio,nbo_preference_only,270,77.01712240965041,4462.400302728937,178.3599205286785,63.49710321833613,-77.01712240965041,0.55;0.07;0.25,1.0,hbo_full_actor_critic_pytorch_ad,torch-2.11.0+cpu,safe_constant_bias_random_mlp_no_bellman_pretraining,V_t_gradV_exact_state_Hessian_and_actor_Hamiltonian_gradients
exp1_habit_portfolio,nbo_preference_only,315,83.89159745692274,7516.473453123231,224.19160952944677,78.97150891497091,-83.89159745692274,0.55;0.07;0.25,1.0,hbo_full_actor_critic_pytorch_ad,torch-2.11.0+cpu,safe_constant_bias_random_mlp_no_bellman_pretraining,V_t_gradV_exact_state_Hessian_and_actor_Hamiltonian_gradients
exp1_habit_portfolio,nbo_preference_only,360,71.9244362936693,6320.628118079117,261.6198671732033,69.39289917707328,-71.9244362936693,0.55;0.07;0.25,1.0,hbo_full_actor_critic_pytorch_ad,torch-2.11.0+cpu,safe_constant_bias_random_mlp_no_bellman_pretraining,V_t_gradV_exact_state_Hessian_and_actor_Hamiltonian_gradients
exp1_habit_portfolio,nbo_preference_only,405,75.90752092605628,6554.620254748889,311.51317491279354,66.76967893166689,-75.90752092605628,0.55;0.07;0.25,1.0,hbo_full_actor_critic_pytorch_ad,torch-2.11.0+cpu,safe_constant_bias_random_mlp_no_bellman_pretraining,V_t_gradV_exact_state_Hessian_and_actor_Hamiltonian_gradients
exp1_habit_portfolio,nbo_preference_only,450,81.52162195415204,5085.728744939365,319.61123416028175,69.29548598309158,-81.52162195415204,0.55;0.07;0.25,1.0,hbo_full_actor_critic_pytorch_ad,torch-2.11.0+cpu,safe_constant_bias_random_mlp_no_bellman_pretraining,V_t_gradV_exact_state_Hessian_and_actor_Hamiltonian_gradients
exp2_hidden_regime,nbo_full_ndu,1,0.3759149993663937,26.33319178507735,0.021399156094293964,4.442357014034884,-0.3759149993663937,0.000115;0.25;0.55,1.0,hbo_full_actor_critic_pytorch_ad,torch-2.11.0+cpu,safe_constant_bias_random_mlp_no_bellman_pretraining,V_t_gradV_exact_state_Hessian_and_actor_Hamiltonian_gradients
exp2_hidden_regime,nbo_full_ndu,45,0.051144794464979194,0.03580068060138971,9.247034419226766e-06,0.15619036204052683,-0.051144794464979194,0.000114961;0.250044;0.550003,1.0,hbo_full_actor_critic_pytorch_ad,torch-2.11.0+cpu,safe_constant_bias_random_mlp_no_bellman_pretraining,V_t_gradV_exact_state_Hessian_and_actor_Hamiltonian_gradients
exp2_hidden_regime,nbo_full_ndu,90,0.08871410096588005,0.0074976783960680965,1.799857264299039e-05,0.06879322613924779,-0.08871410096588005,0.000114928;0.250077;0.549991,1.0,hbo_full_actor_critic_pytorch_ad,torch-2.11.0+cpu,safe_constant_bias_random_mlp_no_bellman_pretraining,V_t_gradV_exact_state_Hessian_and_actor_Hamiltonian_gradients
exp2_hidden_regime,nbo_full_ndu,135,0.05234211026214389,0.004583854560406912,1.0427680125659053e-05,0.054377734463663376,-0.05234211026214389,0.000114887;0.250105;0.550015,1.0,hbo_full_actor_critic_pytorch_ad,torch-2.11.0+cpu,safe_constant_bias_random_mlp_no_bellman_pretraining,V_t_gradV_exact_state_Hessian_and_actor_Hamiltonian_gradients
exp2_hidden_regime,nbo_full_ndu,180,0.055485252664760565,0.005335916742892806,1.45127351440595e-05,0.05846884799280105,-0.055485252664760565,0.0001149;0.250121;0.549997,1.0,hbo_full_actor_critic_pytorch_ad,torch-2.11.0+cpu,safe_constant_bias_random_mlp_no_bellman_pretraining,V_t_gradV_exact_state_Hessian_and_actor_Hamiltonian_gradients
exp2_hidden_regime,nbo_full_ndu,225,0.03785745248285443,0.003780683377078188,1.2088537451748718e-05,0.0504677816577817,-0.03785745248285443,0.00011494;0.25009;0.550061,1.0,hbo_full_actor_critic_pytorch_ad,torch-2.11.0+cpu,safe_constant_bias_random_mlp_no_bellman_pretraining,V_t_gradV_exact_state_Hessian_and_actor_Hamiltonian_gradients
exp2_hidden_regime,nbo_full_ndu,270,0.020945316832845524,0.0012832065829171309,8.125208492055767e-06,0.029913554303299696,-0.020945316832845524,0.000114834;0.250175;0.550018,1.0,hbo_full_actor_critic_pytorch_ad,torch-2.11.0+cpu,safe_constant_bias_random_mlp_no_bellman_pretraining,V_t_gradV_exact_state_Hessian_and_actor_Hamiltonian_gradients
exp2_hidden_regime,nbo_full_ndu,315,0.02402624460109401,0.009667816386532862,1.265002771129163e-05,0.08547419418089269,-0.02402624460109401,0.000114733;0.25023;0.549972,1.0,hbo_full_actor_critic_pytorch_ad,torch-2.11.0+cpu,safe_constant_bias_random_mlp_no_bellman_pretraining,V_t_gradV_exact_state_Hessian_and_actor_Hamiltonian_gradients
exp2_hidden_regime,nbo_full_ndu,360,-0.01741722750339946,0.003980006285765691,2.9924546013258283e-06,0.05286285062077558,0.01741722750339946,0.000114707;0.250257;0.549999,1.0,hbo_full_actor_critic_pytorch_ad,torch-2.11.0+cpu,safe_constant_bias_random_mlp_no_bellman_pretraining,V_t_gradV_exact_state_Hessian_and_actor_Hamiltonian_gradients
exp2_hidden_regime,nbo_full_ndu,405,0.0312959085291963,0.0015971924041486482,8.108230163219061e-06,0.03295952053606061,-0.0312959085291963,0.000114684;0.250283;0.549971,1.0,hbo_full_actor_critic_pytorch_ad,torch-2.11.0+cpu,safe_constant_bias_random_mlp_no_bellman_pretraining,V_t_gradV_exact_state_Hessian_and_actor_Hamiltonian_gradients
exp2_hidden_regime,nbo_full_ndu,450,0.020212984970635804,0.0005081837204884942,4.415929395686752e-06,0.019252534085044817,-0.020212984970635804,0.000114699;0.250279;0.550038,1.0,hbo_full_actor_critic_pytorch_ad,torch-2.11.0+cpu,safe_constant_bias_random_mlp_no_bellman_pretraining,V_t_gradV_exact_state_Hessian_and_actor_Hamiltonian_gradients
exp2_hidden_regime,nbo_fixed_pref_recurrent,1,0.3759149993663937,26.33319178507735,0.021399156094293964,4.442357014034884,-0.3759149993663937,0.000115;0.25;0.55,1.0,hbo_full_actor_critic_pytorch_ad,torch-2.11.0+cpu,safe_constant_bias_random_mlp_no_bellman_pretraining,V_t_gradV_exact_state_Hessian_and_actor_Hamiltonian_gradients
exp2_hidden_regime,nbo_fixed_pref_recurrent,45,0.05114484374047575,0.035800671284468566,9.24694750466667e-06,0.15619033949600244,-0.05114484374047575,0.000114961;0.25;0.550003,1.0,hbo_full_actor_critic_pytorch_ad,torch-2.11.0+cpu,safe_constant_bias_random_mlp_no_bellman_pretraining,V_t_gradV_exact_state_Hessian_and_actor_Hamiltonian_gradients
exp2_hidden_regime,nbo_fixed_pref_recurrent,90,0.08871461528567758,0.007497512620366141,1.7998522756134132e-05,0.0687921841189118,-0.08871461528567758,0.000114928;0.25;0.549991,1.0,hbo_full_actor_critic_pytorch_ad,torch-2.11.0+cpu,safe_constant_bias_random_mlp_no_bellman_pretraining,V_t_gradV_exact_state_Hessian_and_actor_Hamiltonian_gradients
exp2_hidden_regime,nbo_fixed_pref_recurrent,135,0.05234210046564574,0.004583844398122993,1.0427681963517682e-05,0.054377719133569785,-0.05234210046564574,0.000114887;0.25;0.550015,1.0,hbo_full_actor_critic_pytorch_ad,torch-2.11.0+cpu,safe_constant_bias_random_mlp_no_bellman_pretraining,V_t_gradV_exact_state_Hessian_and_actor_Hamiltonian_gradients
exp2_hidden_regime,nbo_fixed_pref_recurrent,180,0.05548539415545939,0.005335943436734714,1.4512666430262484e-05,0.058469029896089146,-0.05548539415545939,0.0001149;0.25;0.549997,1.0,hbo_full_actor_critic_pytorch_ad,torch-2.11.0+cpu,safe_constant_bias_random_mlp_no_bellman_pretraining,V_t_gradV_exact_state_Hessian_and_actor_Hamiltonian_gradients
exp2_hidden_regime,nbo_fixed_pref_recurrent,225,0.037857775974416384,0.0037806737073864914,1.2088497757871923e-05,0.0504677216587231,-0.037857775974416384,0.00011494;0.25;0.550061,1.0,hbo_full_actor_critic_pytorch_ad,torch-2.11.0+cpu,safe_constant_bias_random_mlp_no_bellman_pretraining,V_t_gradV_exact_state_Hessian_and_actor_Hamiltonian_gradients
exp2_hidden_regime,nbo_fixed_pref_recurrent,270,0.02094601000702219,0.0012831999263107198,8.125216782383424e-06,0.029913491963539016,-0.02094601000702219,0.000114834;0.25;0.550018,1.0,hbo_full_actor_critic_pytorch_ad,torch-2.11.0+cpu,safe_constant_bias_random_mlp_no_bellman_pretraining,V_t_gradV_exact_state_Hessian_and_actor_Hamiltonian_gradients
exp2_hidden_regime,nbo_fixed_pref_recurrent,315,0.02402701303911728,0.0096678300663776,1.2649616900955465e-05,0.08547424235692012,-0.02402701303911728,0.000114733;0.25;0.549972,1.0,hbo_full_actor_critic_pytorch_ad,torch-2.11.0+cpu,safe_constant_bias_random_mlp_no_bellman_pretraining,V_t_gradV_exact_state_Hessian_and_actor_Hamiltonian_gradients
exp2_hidden_regime,nbo_fixed_pref_recurrent,360,-0.01741686807250802,0.003980048722880015,2.9926581550219315e-06,0.052863017298873334,0.01741686807250802,0.000114707;0.25;0.549999,1.0,hbo_full_actor_critic_pytorch_ad,torch-2.11.0+cpu,safe_constant_bias_random_mlp_no_bellman_pretraining,V_t_gradV_exact_state_Hessian_and_actor_Hamiltonian_gradients
exp2_hidden_regime,nbo_fixed_pref_recurrent,405,0.031296755113334775,0.0015972475192467383,8.108189937066129e-06,0.03295999789162344,-0.031296755113334775,0.000114684;0.25;0.549971,1.0,hbo_full_actor_critic_pytorch_ad,torch-2.11.0+cpu,safe_constant_bias_random_mlp_no_bellman_pretraining,V_t_gradV_exact_state_Hessian_and_actor_Hamiltonian_gradients
exp2_hidden_regime,nbo_fixed_pref_recurrent,450,0.02021295714749723,0.0005081686356247979,4.416676319613307e-06,0.019252172490491146,-0.02021295714749723,0.000114699;0.25;0.550038,1.0,hbo_full_actor_critic_pytorch_ad,torch-2.11.0+cpu,safe_constant_bias_random_mlp_no_bellman_pretraining,V_t_gradV_exact_state_Hessian_and_actor_Hamiltonian_gradients
exp2_hidden_regime,nbo_oracle_joint_action,1,0.3759149993663937,26.33319178507735,0.021399156094293964,4.442357014034884,-0.3759149993663937,0.000115;0.25;0.55,1.0,hbo_full_actor_critic_pytorch_ad,torch-2.11.0+cpu,safe_constant_bias_random_mlp_no_bellman_pretraining,V_t_gradV_exact_state_Hessian_and_actor_Hamiltonian_gradients
exp2_hidden_regime,nbo_oracle_joint_action,45,0.05114484374047575,0.035800671284468566,9.24694750466667e-06,0.15619033949600244,-0.05114484374047575,0.000114961;0.25;0.550003,1.0,hbo_full_actor_critic_pytorch_ad,torch-2.11.0+cpu,safe_constant_bias_random_mlp_no_bellman_pretraining,V_t_gradV_exact_state_Hessian_and_actor_Hamiltonian_gradients
exp2_hidden_regime,nbo_oracle_joint_action,90,0.08871461528567758,0.007497512620366141,1.7998522756134132e-05,0.0687921841189118,-0.08871461528567758,0.000114928;0.25;0.549991,1.0,hbo_full_actor_critic_pytorch_ad,torch-2.11.0+cpu,safe_constant_bias_random_mlp_no_bellman_pretraining,V_t_gradV_exact_state_Hessian_and_actor_Hamiltonian_gradients
exp2_hidden_regime,nbo_oracle_joint_action,135,0.05234210046564574,0.004583844398122993,1.0427681963517682e-05,0.054377719133569785,-0.05234210046564574,0.000114887;0.25;0.550015,1.0,hbo_full_actor_critic_pytorch_ad,torch-2.11.0+cpu,safe_constant_bias_random_mlp_no_bellman_pretraining,V_t_gradV_exact_state_Hessian_and_actor_Hamiltonian_gradients
exp2_hidden_regime,nbo_oracle_joint_action,180,0.05548539415545939,0.005335943436734714,1.4512666430262484e-05,0.058469029896089146,-0.05548539415545939,0.0001149;0.25;0.549997,1.0,hbo_full_actor_critic_pytorch_ad,torch-2.11.0+cpu,safe_constant_bias_random_mlp_no_bellman_pretraining,V_t_gradV_exact_state_Hessian_and_actor_Hamiltonian_gradients
exp2_hidden_regime,nbo_oracle_joint_action,225,0.037857775974416384,0.0037806737073864914,1.2088497757871923e-05,0.0504677216587231,-0.037857775974416384,0.00011494;0.25;0.550061,1.0,hbo_full_actor_critic_pytorch_ad,torch-2.11.0+cpu,safe_constant_bias_random_mlp_no_bellman_pretraining,V_t_gradV_exact_state_Hessian_and_actor_Hamiltonian_gradients
exp2_hidden_regime,nbo_oracle_joint_action,270,0.02094601000702219,0.0012831999263107198,8.125216782383424e-06,0.029913491963539016,-0.02094601000702219,0.000114834;0.25;0.550018,1.0,hbo_full_actor_critic_pytorch_ad,torch-2.11.0+cpu,safe_constant_bias_random_mlp_no_bellman_pretraining,V_t_gradV_exact_state_Hessian_and_actor_Hamiltonian_gradients
exp2_hidden_regime,nbo_oracle_joint_action,315,0.02402701303911728,0.0096678300663776,1.2649616900955465e-05,0.08547424235692012,-0.02402701303911728,0.000114733;0.25;0.549972,1.0,hbo_full_actor_critic_pytorch_ad,torch-2.11.0+cpu,safe_constant_bias_random_mlp_no_bellman_pretraining,V_t_gradV_exact_state_Hessian_and_actor_Hamiltonian_gradients
exp2_hidden_regime,nbo_oracle_joint_action,360,-0.01741686807250802,0.003980048722880015,2.9926581550219315e-06,0.052863017298873334,0.01741686807250802,0.000114707;0.25;0.549999,1.0,hbo_full_actor_critic_pytorch_ad,torch-2.11.0+cpu,safe_constant_bias_random_mlp_no_bellman_pretraining,V_t_gradV_exact_state_Hessian_and_actor_Hamiltonian_gradients
exp2_hidden_regime,nbo_oracle_joint_action,405,0.031296755113334775,0.0015972475192467383,8.108189937066129e-06,0.03295999789162344,-0.031296755113334775,0.000114684;0.25;0.549971,1.0,hbo_full_actor_critic_pytorch_ad,torch-2.11.0+cpu,safe_constant_bias_random_mlp_no_bellman_pretraining,V_t_gradV_exact_state_Hessian_and_actor_Hamiltonian_gradients
exp2_hidden_regime,nbo_oracle_joint_action,450,0.02021295714749723,0.0005081686356247979,4.416676319613307e-06,0.019252172490491146,-0.02021295714749723,0.000114699;0.25;0.550038,1.0,hbo_full_actor_critic_pytorch_ad,torch-2.11.0+cpu,safe_constant_bias_random_mlp_no_bellman_pretraining,V_t_gradV_exact_state_Hessian_and_actor_Hamiltonian_gradients
exp3_high_dimensional_allocation,nbo_full_ndu,1,0.10189032149791481,7.084444376428936,0.008954943721638698,2.2788072753128854,-0.10189032149791481,1.19976;0.25;0,1.0,hbo_full_actor_critic_pytorch_ad,torch-2.11.0+cpu,safe_constant_bias_random_mlp_no_bellman_pretraining,V_t_gradV_exact_state_Hessian_and_actor_Hamiltonian_gradients
exp3_high_dimensional_allocation,nbo_full_ndu,45,0.007246330998413988,0.03108157045599329,0.00044679251644049394,0.14581839714902337,-0.007246330998413988,1.19976;0.249951;-1.72791e-05,1.0,hbo_full_actor_critic_pytorch_ad,torch-2.11.0+cpu,safe_constant_bias_random_mlp_no_bellman_pretraining,V_t_gradV_exact_state_Hessian_and_actor_Hamiltonian_gradients
exp3_high_dimensional_allocation,nbo_full_ndu,90,0.037001604050425595,0.02848602367989131,0.00030543388335001453,0.1410486351053646,-0.037001604050425595,1.19976;0.250001;0.000107217,1.0,hbo_full_actor_critic_pytorch_ad,torch-2.11.0+cpu,safe_constant_bias_random_mlp_no_bellman_pretraining,V_t_gradV_exact_state_Hessian_and_actor_Hamiltonian_gradients
exp3_high_dimensional_allocation,nbo_full_ndu,135,0.06065883326827567,0.014763621227340535,0.000202224992236907,0.09132422882298989,-0.06065883326827567,1.19976;0.249955;0.000100214,1.0,hbo_full_actor_critic_pytorch_ad,torch-2.11.0+cpu,safe_constant_bias_random_mlp_no_bellman_pretraining,V_t_gradV_exact_state_Hessian_and_actor_Hamiltonian_gradients
exp3_high_dimensional_allocation,nbo_full_ndu,180,0.08913371023807616,0.019892317516358535,0.0001122015909864287,0.10658450913309418,-0.08913371023807616,1.19976;0.249913;0.000215591,1.0,hbo_full_actor_critic_pytorch_ad,torch-2.11.0+cpu,safe_constant_bias_random_mlp_no_bellman_pretraining,V_t_gradV_exact_state_Hessian_and_actor_Hamiltonian_gradients
exp3_high_dimensional_allocation,nbo_full_ndu,225,0.06932005720896076,0.00776300836287162,0.00010591588306544265,0.07297252342119695,-0.06932005720896076,1.19976;0.249842;9.75227e-05,1.0,hbo_full_actor_critic_pytorch_ad,torch-2.11.0+cpu,safe_constant_bias_random_mlp_no_bellman_pretraining,V_t_gradV_exact_state_Hessian_and_actor_Hamiltonian_gradients
exp3_high_dimensional_allocation,nbo_full_ndu,270,0.08431689632796774,0.005842571148413818,0.0001068023596381194,0.06294081711526481,-0.08431689632796774,1.19976;0.249814;0.00023043,1.0,hbo_full_actor_critic_pytorch_ad,torch-2.11.0+cpu,safe_constant_bias_random_mlp_no_bellman_pretraining,V_t_gradV_exact_state_Hessian_and_actor_Hamiltonian_gradients
exp3_high_dimensional_allocation,nbo_full_ndu,315,0.08381316736797001,0.008439325570255318,0.00012154198411487922,0.07498667775192341,-0.08381316736797001,1.19976;0.249814;0.000207998,1.0,hbo_full_actor_critic_pytorch_ad,torch-2.11.0+cpu,safe_constant_bias_random_mlp_no_bellman_pretraining,V_t_gradV_exact_state_Hessian_and_actor_Hamiltonian_gradients
exp3_high_dimensional_allocation,nbo_full_ndu,360,0.09261321282509262,0.00348249672138998,6.590743120814346e-05,0.04690461456824688,-0.09261321282509262,1.19976;0.249765;0.00045042,1.0,hbo_full_actor_critic_pytorch_ad,torch-2.11.0+cpu,safe_constant_bias_random_mlp_no_bellman_pretraining,V_t_gradV_exact_state_Hessian_and_actor_Hamiltonian_gradients
exp3_high_dimensional_allocation,nbo_full_ndu,405,0.08687174856552655,0.01725219654502595,5.921336843315525e-05,0.10470318417745228,-0.08687174856552655,1.19976;0.24988;0.000961987,1.0,hbo_full_actor_critic_pytorch_ad,torch-2.11.0+cpu,safe_constant_bias_random_mlp_no_bellman_pretraining,V_t_gradV_exact_state_Hessian_and_actor_Hamiltonian_gradients
exp3_high_dimensional_allocation,nbo_full_ndu,450,0.1112790793713455,0.033409195227737394,8.162007508503635e-05,0.1492201353918296,-0.1112790793713455,1.19976;0.249782;0.000291251,1.0,hbo_full_actor_critic_pytorch_ad,torch-2.11.0+cpu,safe_constant_bias_random_mlp_no_bellman_pretraining,V_t_gradV_exact_state_Hessian_and_actor_Hamiltonian_gradients
exp3_high_dimensional_allocation,nbo_fixed_pref_joint,1,0.10189032149791481,7.084444376428936,0.008954943721638698,2.2788072753128854,-0.10189032149791481,1.19976;0.25;0,1.0,hbo_full_actor_critic_pytorch_ad,torch-2.11.0+cpu,safe_constant_bias_random_mlp_no_bellman_pretraining,V_t_gradV_exact_state_Hessian_and_actor_Hamiltonian_gradients
exp3_high_dimensional_allocation,nbo_fixed_pref_joint,45,0.007247671268328375,0.031082039718721713,0.00044680541329053855,0.14582019185996606,-0.007247671268328375,1.19976;0.25;-1.72984e-05,1.0,hbo_full_actor_critic_pytorch_ad,torch-2.11.0+cpu,safe_constant_bias_random_mlp_no_bellman_pretraining,V_t_gradV_exact_state_Hessian_and_actor_Hamiltonian_gradients
exp3_high_dimensional_allocation,nbo_fixed_pref_joint,90,0.034870552714821444,0.017596161120963,0.000294838603119008,0.10165541752366346,-0.034870552714821444,1.19976;0.25;0.000107326,1.0,hbo_full_actor_critic_pytorch_ad,torch-2.11.0+cpu,safe_constant_bias_random_mlp_no_bellman_pretraining,V_t_gradV_exact_state_Hessian_and_actor_Hamiltonian_gradients
exp3_high_dimensional_allocation,nbo_fixed_pref_joint,135,0.06436175470039122,0.012766210026658188,0.00024469802565996564,0.07943447744445836,-0.06436175470039122,1.19976;0.25;0.000101073,1.0,hbo_full_actor_critic_pytorch_ad,torch-2.11.0+cpu,safe_constant_bias_random_mlp_no_bellman_pretraining,V_t_gradV_exact_state_Hessian_and_actor_Hamiltonian_gradients
exp3_high_dimensional_allocation,nbo_fixed_pref_joint,180,0.0859327121654569,0.016544879347012254,0.00010763606190605461,0.09270024316521036,-0.0859327121654569,1.19976;0.25;0.000205137,1.0,hbo_full_actor_critic_pytorch_ad,torch-2.11.0+cpu,safe_constant_bias_random_mlp_no_bellman_pretraining,V_t_gradV_exact_state_Hessian_and_actor_Hamiltonian_gradients
exp3_high_dimensional_allocation,nbo_fixed_pref_joint,225,0.06410626239886157,0.012431986486607205,0.00011285082068115917,0.08995521092016062,-0.06410626239886157,1.19976;0.25;9.73396e-05,1.0,hbo_full_actor_critic_pytorch_ad,torch-2.11.0+cpu,safe_constant_bias_random_mlp_no_bellman_pretraining,V_t_gradV_exact_state_Hessian_and_actor_Hamiltonian_gradients
exp3_high_dimensional_allocation,nbo_fixed_pref_joint,270,0.08474067958155052,0.012347179161831109,0.00012756357566242203,0.08931709044402918,-0.08474067958155052,1.19976;0.25;0.000221887,1.0,hbo_full_actor_critic_pytorch_ad,torch-2.11.0+cpu,safe_constant_bias_random_mlp_no_bellman_pretraining,V_t_gradV_exact_state_Hessian_and_actor_Hamiltonian_gradients
exp3_high_dimensional_allocation,nbo_fixed_pref_joint,315,0.07873324542612314,0.005723330318964624,0.00011437206504595908,0.05968568579645548,-0.07873324542612314,1.19976;0.25;0.000211135,1.0,hbo_full_actor_critic_pytorch_ad,torch-2.11.0+cpu,safe_constant_bias_random_mlp_no_bellman_pretraining,V_t_gradV_exact_state_Hessian_and_actor_Hamiltonian_gradients
exp3_high_dimensional_allocation,nbo_fixed_pref_joint,360,0.0895392211237837,0.008691656553277234,4.445518736060687e-05,0.07750651016302643,-0.0895392211237837,1.19976;0.25;0.000443925,1.0,hbo_full_actor_critic_pytorch_ad,torch-2.11.0+cpu,safe_constant_bias_random_mlp_no_bellman_pretraining,V_t_gradV_exact_state_Hessian_and_actor_Hamiltonian_gradients
exp3_high_dimensional_allocation,nbo_fixed_pref_joint,405,0.12028545636830158,0.030099889597689652,9.110271628391415e-05,0.151782492074689,-0.12028545636830158,1.19976;0.25;0.000959566,1.0,hbo_full_actor_critic_pytorch_ad,torch-2.11.0+cpu,safe_constant_bias_random_mlp_no_bellman_pretraining,V_t_gradV_exact_state_Hessian_and_actor_Hamiltonian_gradients
exp3_high_dimensional_allocation,nbo_fixed_pref_joint,450,0.08928599725096042,0.007542201439657856,6.272417849469266e-05,0.061754114270633514,-0.08928599725096042,1.19976;0.25;0.000325093,1.0,hbo_full_actor_critic_pytorch_ad,torch-2.11.0+cpu,safe_constant_bias_random_mlp_no_bellman_pretraining,V_t_gradV_exact_state_Hessian_and_actor_Hamiltonian_gradients
exp3_high_dimensional_allocation,nbo_oracle_factor,1,0.10189032149791481,7.084444376428936,0.008954943721638698,2.2788072753128854,-0.10189032149791481,1.19976;0.25;0,1.0,hbo_full_actor_critic_pytorch_ad,torch-2.11.0+cpu,safe_constant_bias_random_mlp_no_bellman_pretraining,V_t_gradV_exact_state_Hessian_and_actor_Hamiltonian_gradients
exp3_high_dimensional_allocation,nbo_oracle_factor,45,0.007247671268328375,0.031082039718721713,0.00044680541329053855,0.14582019185996606,-0.007247671268328375,1.19976;0.25;-1.72984e-05,1.0,hbo_full_actor_critic_pytorch_ad,torch-2.11.0+cpu,safe_constant_bias_random_mlp_no_bellman_pretraining,V_t_gradV_exact_state_Hessian_and_actor_Hamiltonian_gradients
exp3_high_dimensional_allocation,nbo_oracle_factor,90,0.034870552714821444,0.017596161120963,0.000294838603119008,0.10165541752366346,-0.034870552714821444,1.19976;0.25;0.000107326,1.0,hbo_full_actor_critic_pytorch_ad,torch-2.11.0+cpu,safe_constant_bias_random_mlp_no_bellman_pretraining,V_t_gradV_exact_state_Hessian_and_actor_Hamiltonian_gradients
exp3_high_dimensional_allocation,nbo_oracle_factor,135,0.06436175470039122,0.012766210026658188,0.00024469802565996564,0.07943447744445836,-0.06436175470039122,1.19976;0.25;0.000101073,1.0,hbo_full_actor_critic_pytorch_ad,torch-2.11.0+cpu,safe_constant_bias_random_mlp_no_bellman_pretraining,V_t_gradV_exact_state_Hessian_and_actor_Hamiltonian_gradients
exp3_high_dimensional_allocation,nbo_oracle_factor,180,0.0859327121654569,0.016544879347012254,0.00010763606190605461,0.09270024316521036,-0.0859327121654569,1.19976;0.25;0.000205137,1.0,hbo_full_actor_critic_pytorch_ad,torch-2.11.0+cpu,safe_constant_bias_random_mlp_no_bellman_pretraining,V_t_gradV_exact_state_Hessian_and_actor_Hamiltonian_gradients
exp3_high_dimensional_allocation,nbo_oracle_factor,225,0.06410626239886157,0.012431986486607205,0.00011285082068115917,0.08995521092016062,-0.06410626239886157,1.19976;0.25;9.73396e-05,1.0,hbo_full_actor_critic_pytorch_ad,torch-2.11.0+cpu,safe_constant_bias_random_mlp_no_bellman_pretraining,V_t_gradV_exact_state_Hessian_and_actor_Hamiltonian_gradients
exp3_high_dimensional_allocation,nbo_oracle_factor,270,0.08474067958155052,0.012347179161831109,0.00012756357566242203,0.08931709044402918,-0.08474067958155052,1.19976;0.25;0.000221887,1.0,hbo_full_actor_critic_pytorch_ad,torch-2.11.0+cpu,safe_constant_bias_random_mlp_no_bellman_pretraining,V_t_gradV_exact_state_Hessian_and_actor_Hamiltonian_gradients
exp3_high_dimensional_allocation,nbo_oracle_factor,315,0.07873324542612314,0.005723330318964624,0.00011437206504595908,0.05968568579645548,-0.07873324542612314,1.19976;0.25;0.000211135,1.0,hbo_full_actor_critic_pytorch_ad,torch-2.11.0+cpu,safe_constant_bias_random_mlp_no_bellman_pretraining,V_t_gradV_exact_state_Hessian_and_actor_Hamiltonian_gradients
exp3_high_dimensional_allocation,nbo_oracle_factor,360,0.0895392211237837,0.008691656553277234,4.445518736060687e-05,0.07750651016302643,-0.0895392211237837,1.19976;0.25;0.000443925,1.0,hbo_full_actor_critic_pytorch_ad,torch-2.11.0+cpu,safe_constant_bias_random_mlp_no_bellman_pretraining,V_t_gradV_exact_state_Hessian_and_actor_Hamiltonian_gradients
exp3_high_dimensional_allocation,nbo_oracle_factor,405,0.12028545636830158,0.030099889597689652,9.110271628391415e-05,0.151782492074689,-0.12028545636830158,1.19976;0.25;0.000959566,1.0,hbo_full_actor_critic_pytorch_ad,torch-2.11.0+cpu,safe_constant_bias_random_mlp_no_bellman_pretraining,V_t_gradV_exact_state_Hessian_and_actor_Hamiltonian_gradients
exp3_high_dimensional_allocation,nbo_oracle_factor,450,0.08928599725096042,0.007542201439657856,6.272417849469266e-05,0.061754114270633514,-0.08928599725096042,1.19976;0.25;0.000325093,1.0,hbo_full_actor_critic_pytorch_ad,torch-2.11.0+cpu,safe_constant_bias_random_mlp_no_bellman_pretraining,V_t_gradV_exact_state_Hessian_and_actor_Hamiltonian_gradients
inventory_service_level,nbo_full_ndu_inventory,1,336.53209488039766,206051.63291132904,3058.686422348816,337.828887431421,-336.53209488039766,36.006;2.19984,1.0,hbo_full_actor_critic_pytorch_ad,torch-2.11.0+cpu,safe_constant_bias_random_mlp_no_bellman_pretraining,V_t_gradV_exact_state_Hessian_and_actor_Hamiltonian_gradients
inventory_service_level,nbo_full_ndu_inventory,45,319.1956936259646,228531.7175330453,2162.816584689308,332.0710684918757,-319.1956936259646,36.006;2.19984,1.0,hbo_full_actor_critic_pytorch_ad,torch-2.11.0+cpu,safe_constant_bias_random_mlp_no_bellman_pretraining,V_t_gradV_exact_state_Hessian_and_actor_Hamiltonian_gradients
inventory_service_level,nbo_full_ndu_inventory,90,29.00927186374953,42717.04192537898,2098.0660980774396,175.07995142393406,-29.00927186374953,36.006;2.19984,1.0,hbo_full_actor_critic_pytorch_ad,torch-2.11.0+cpu,safe_constant_bias_random_mlp_no_bellman_pretraining,V_t_gradV_exact_state_Hessian_and_actor_Hamiltonian_gradients
inventory_service_level,nbo_full_ndu_inventory,135,135.4839940551574,76114.27302970705,2608.091135497083,234.90646041794636,-135.4839940551574,36.006;2.19984,1.0,hbo_full_actor_critic_pytorch_ad,torch-2.11.0+cpu,safe_constant_bias_random_mlp_no_bellman_pretraining,V_t_gradV_exact_state_Hessian_and_actor_Hamiltonian_gradients
inventory_service_level,nbo_full_ndu_inventory,180,97.6227467037703,99474.99370415234,2416.197527304903,241.01068933323484,-97.6227467037703,36.006;2.19984,1.0,hbo_full_actor_critic_pytorch_ad,torch-2.11.0+cpu,safe_constant_bias_random_mlp_no_bellman_pretraining,V_t_gradV_exact_state_Hessian_and_actor_Hamiltonian_gradients
inventory_service_level,nbo_full_ndu_inventory,225,144.54451301694036,112701.04127541161,1739.3431029417654,257.70902395078537,-144.54451301694036,36.006;2.19984,1.0,hbo_full_actor_critic_pytorch_ad,torch-2.11.0+cpu,safe_constant_bias_random_mlp_no_bellman_pretraining,V_t_gradV_exact_state_Hessian_and_actor_Hamiltonian_gradients
inventory_service_level,nbo_full_ndu_inventory,270,136.60413455467605,76036.0039902246,2291.1218269325436,213.17578622082405,-136.60413455467605,36.006;2.19984,1.0,hbo_full_actor_critic_pytorch_ad,torch-2.11.0+cpu,safe_constant_bias_random_mlp_no_bellman_pretraining,V_t_gradV_exact_state_Hessian_and_actor_Hamiltonian_gradients
inventory_service_level,nbo_full_ndu_inventory,315,73.15544956263773,23589.804758059792,2498.857052074693,129.5174793410823,-73.15544956263773,36.006;2.19984,1.0,hbo_full_actor_critic_pytorch_ad,torch-2.11.0+cpu,safe_constant_bias_random_mlp_no_bellman_pretraining,V_t_gradV_exact_state_Hessian_and_actor_Hamiltonian_gradients
inventory_service_level,nbo_full_ndu_inventory,360,112.06387447032078,57565.63702749943,2112.9651336062507,196.57299083741268,-112.06387447032078,36.006;2.19984,1.0,hbo_full_actor_critic_pytorch_ad,torch-2.11.0+cpu,safe_constant_bias_random_mlp_no_bellman_pretraining,V_t_gradV_exact_state_Hessian_and_actor_Hamiltonian_gradients
inventory_service_level,nbo_full_ndu_inventory,405,-12.989636652071846,42089.2008498851,2265.1077977730824,169.94383661565632,12.989636652071846,36.006;2.19984,1.0,hbo_full_actor_critic_pytorch_ad,torch-2.11.0+cpu,safe_constant_bias_random_mlp_no_bellman_pretraining,V_t_gradV_exact_state_Hessian_and_actor_Hamiltonian_gradients
inventory_service_level,nbo_full_ndu_inventory,450,134.69513755989863,62574.13431044171,2062.008626372904,201.51464532317019,-134.69513755989863,36.006;2.19984,1.0,hbo_full_actor_critic_pytorch_ad,torch-2.11.0+cpu,safe_constant_bias_random_mlp_no_bellman_pretraining,V_t_gradV_exact_state_Hessian_and_actor_Hamiltonian_gradients
inventory_service_level,nbo_action_only_inventory,1,353.75073774544506,208170.82128403618,3058.686422348816,355.04829575817433,-353.75073774544506,36;1,1.0,hbo_full_actor_critic_pytorch_ad,torch-2.11.0+cpu,safe_constant_bias_random_mlp_no_bellman_pretraining,V_t_gradV_exact_state_Hessian_and_actor_Hamiltonian_gradients
inventory_service_level,nbo_action_only_inventory,45,331.4729067184576,221647.38398889606,2163.6836531482872,340.77920367340465,-331.4729067184576,36.0048;1,1.0,hbo_full_actor_critic_pytorch_ad,torch-2.11.0+cpu,safe_constant_bias_random_mlp_no_bellman_pretraining,V_t_gradV_exact_state_Hessian_and_actor_Hamiltonian_gradients
inventory_service_level,nbo_action_only_inventory,90,43.002433976825905,41422.99803191033,2091.795230364024,173.9946667977697,-43.002433976825905,36.0171;1,1.0,hbo_full_actor_critic_pytorch_ad,torch-2.11.0+cpu,safe_constant_bias_random_mlp_no_bellman_pretraining,V_t_gradV_exact_state_Hessian_and_actor_Hamiltonian_gradients
inventory_service_level,nbo_action_only_inventory,135,141.9703658671751,75063.7529746767,2585.4786336332845,237.7967928639539,-141.9703658671751,36.0201;1,1.0,hbo_full_actor_critic_pytorch_ad,torch-2.11.0+cpu,safe_constant_bias_random_mlp_no_bellman_pretraining,V_t_gradV_exact_state_Hessian_and_actor_Hamiltonian_gradients
inventory_service_level,nbo_action_only_inventory,180,97.59304358520127,94954.9777756202,2383.5044009598223,240.54404351497632,-97.59304358520127,36.0091;1,1.0,hbo_full_actor_critic_pytorch_ad,torch-2.11.0+cpu,safe_constant_bias_random_mlp_no_bellman_pretraining,V_t_gradV_exact_state_Hessian_and_actor_Hamiltonian_gradients
inventory_service_level,nbo_action_only_inventory,225,143.03728115580097,108263.32631010433,1720.130185439053,256.9045625628243,-143.03728115580097,36.0185;1,1.0,hbo_full_actor_critic_pytorch_ad,torch-2.11.0+cpu,safe_constant_bias_random_mlp_no_bellman_pretraining,V_t_gradV_exact_state_Hessian_and_actor_Hamiltonian_gradients
inventory_service_level,nbo_action_only_inventory,270,133.33637774463597,72808.62086334167,2269.214263798372,213.07062310037182,-133.33637774463597,36.0076;1,1.0,hbo_full_actor_critic_pytorch_ad,torch-2.11.0+cpu,safe_constant_bias_random_mlp_no_bellman_pretraining,V_t_gradV_exact_state_Hessian_and_actor_Hamiltonian_gradients
inventory_service_level,nbo_action_only_inventory,315,79.82995202883181,25390.321134495185,2471.8429321583308,132.03682331164245,-79.82995202883181,35.983;1,1.0,hbo_full_actor_critic_pytorch_ad,torch-2.11.0+cpu,safe_constant_bias_random_mlp_no_bellman_pretraining,V_t_gradV_exact_state_Hessian_and_actor_Hamiltonian_gradients
inventory_service_level,nbo_action_only_inventory,360,115.39972613335824,54622.2343827176,2090.9563644830996,195.19345395338496,-115.39972613335824,35.9994;1,1.0,hbo_full_actor_critic_pytorch_ad,torch-2.11.0+cpu,safe_constant_bias_random_mlp_no_bellman_pretraining,V_t_gradV_exact_state_Hessian_and_actor_Hamiltonian_gradients
inventory_service_level,nbo_action_only_inventory,405,-12.310564692847208,41255.095434224386,2245.4907642320463,168.9663473813854,12.310564692847208,36.0314;1,1.0,hbo_full_actor_critic_pytorch_ad,torch-2.11.0+cpu,safe_constant_bias_random_mlp_no_bellman_pretraining,V_t_gradV_exact_state_Hessian_and_actor_Hamiltonian_gradients
inventory_service_level,nbo_action_only_inventory,450,132.68179267106484,59846.728652159705,2031.3214243291252,199.52333301747396,-132.68179267106484,36.0391;1,1.0,hbo_full_actor_critic_pytorch_ad,torch-2.11.0+cpu,safe_constant_bias_random_mlp_no_bellman_pretraining,V_t_gradV_exact_state_Hessian_and_actor_Hamiltonian_gradients
inventory_service_level,nbo_fixed_service_inventory,1,353.75073774544506,208170.82128403618,3058.686422348816,355.04829575817433,-353.75073774544506,36;1,1.0,hbo_full_actor_critic_pytorch_ad,torch-2.11.0+cpu,safe_constant_bias_random_mlp_no_bellman_pretraining,V_t_gradV_exact_state_Hessian_and_actor_Hamiltonian_gradients
inventory_service_level,nbo_fixed_service_inventory,45,332.59503346239,223541.16241719644,2163.6902135023824,341.90793142518584,-332.59503346239,36;1,1.0,hbo_full_actor_critic_pytorch_ad,torch-2.11.0+cpu,safe_constant_bias_random_mlp_no_bellman_pretraining,V_t_gradV_exact_state_Hessian_and_actor_Hamiltonian_gradients
inventory_service_level,nbo_fixed_service_inventory,90,44.90735891052759,41961.56343929463,2092.5002386876363,175.2040076462287,-44.90735891052759,36;1,1.0,hbo_full_actor_critic_pytorch_ad,torch-2.11.0+cpu,safe_constant_bias_random_mlp_no_bellman_pretraining,V_t_gradV_exact_state_Hessian_and_actor_Hamiltonian_gradients
inventory_service_level,nbo_fixed_service_inventory,135,143.50919698502824,76452.06615485126,2587.6722533863544,239.69674366000717,-143.50919698502824,36;1,1.0,hbo_full_actor_critic_pytorch_ad,torch-2.11.0+cpu,safe_constant_bias_random_mlp_no_bellman_pretraining,V_t_gradV_exact_state_Hessian_and_actor_Hamiltonian_gradients
inventory_service_level,nbo_fixed_service_inventory,180,99.08713396124763,97163.46253946505,2387.7568969243025,242.83908985944,-99.08713396124763,36;1,1.0,hbo_full_actor_critic_pytorch_ad,torch-2.11.0+cpu,safe_constant_bias_random_mlp_no_bellman_pretraining,V_t_gradV_exact_state_Hessian_and_actor_Hamiltonian_gradients
inventory_service_level,nbo_fixed_service_inventory,225,144.45679588455738,109354.41688087063,1722.1193203767596,258.6242102417272,-144.45679588455738,36;1,1.0,hbo_full_actor_critic_pytorch_ad,torch-2.11.0+cpu,safe_constant_bias_random_mlp_no_bellman_pretraining,V_t_gradV_exact_state_Hessian_and_actor_Hamiltonian_gradients
inventory_service_level,nbo_fixed_service_inventory,270,134.90357546980826,74063.3103871741,2268.8965162471186,214.66379164964624,-134.90357546980826,36;1,1.0,hbo_full_actor_critic_pytorch_ad,torch-2.11.0+cpu,safe_constant_bias_random_mlp_no_bellman_pretraining,V_t_gradV_exact_state_Hessian_and_actor_Hamiltonian_gradients
inventory_service_level,nbo_fixed_service_inventory,315,80.13107501785332,25647.890019218943,2473.367139011992,132.87014313523773,-80.13107501785332,36;1,1.0,hbo_full_actor_critic_pytorch_ad,torch-2.11.0+cpu,safe_constant_bias_random_mlp_no_bellman_pretraining,V_t_gradV_exact_state_Hessian_and_actor_Hamiltonian_gradients
inventory_service_level,nbo_fixed_service_inventory,360,117.32597736736966,56057.58315019106,2091.9710621897234,197.47139843301537,-117.32597736736966,36;1,1.0,hbo_full_actor_critic_pytorch_ad,torch-2.11.0+cpu,safe_constant_bias_random_mlp_no_bellman_pretraining,V_t_gradV_exact_state_Hessian_and_actor_Hamiltonian_gradients
inventory_service_level,nbo_fixed_service_inventory,405,-11.035490218193912,41897.06138091249,2245.2241286381795,170.4569973365189,11.035490218193912,36;1,1.0,hbo_full_actor_critic_pytorch_ad,torch-2.11.0+cpu,safe_constant_bias_random_mlp_no_bellman_pretraining,V_t_gradV_exact_state_Hessian_and_actor_Hamiltonian_gradients
inventory_service_level,nbo_fixed_service_inventory,450,136.0344862673328,61983.07121369399,2035.0467606433242,203.13775462224737,-136.0344862673328,36;1,1.0,hbo_full_actor_critic_pytorch_ad,torch-2.11.0+cpu,safe_constant_bias_random_mlp_no_bellman_pretraining,V_t_gradV_exact_state_Hessian_and_actor_Hamiltonian_gradients
